,Dataset,Generator,LeakageLevel,UtilityScore,FidelityScore,PrivacyScore,OverallScore,OverallRank
3,1. Cancer,ForestDiffusion,0.0,0.968362898094103,0.26481773991418645,0.7458789484729241,0.6905541657537744,1.0
0,1. Cancer,CTABGAN,0.0,0.8534899925686222,0.5133862651733053,0.5363147907251201,0.6563063137969766,2.0
5,1. Cancer,TVAE,0.0,0.9230599709384475,0.41377407517736103,0.4877173849809624,0.639671426422876,3.0
4,1. Cancer,GaussianCopula,0.0,0.8200940787089187,0.3928241452145236,0.6147824256659962,0.6303196027477234,4.0
7,1. Cancer,WGAN_GP,0.0,0.9355254935904923,0.25572457800256904,0.5695028378343651,0.6217784221872772,5.0
1,1. Cancer,CTGAN,0.0,0.7038964675556111,0.4750360720991947,0.3123008246014149,0.5177596560324272,6.0
6,1. Cancer,TabDDPM,0.0,0.3220413157082996,0.5143939653183046,0.4597927818721145,0.42107255044044556,7.0
2,1. Cancer,CopulaGAN,0.0,0.37296538804801294,0.36828778723365513,0.3801171918778428,0.3737076489526545,8.0
8,10. Metro interstate,CTABGAN,0.0,0.9399597499014992,0.45858735906828496,0.7113235532065184,0.7269571736430407,1.0
9,10. Metro interstate,CTGAN,0.0,0.8773685893883063,0.3734824139057936,0.7786663687040103,0.6965920705382638,2.0
10,10. Metro interstate,CopulaGAN,0.0,0.8979505812048606,0.34355506972599437,0.7754566926994574,0.6948837612095797,3.0
11,10. Metro interstate,ForestDiffusion,0.0,0.7052483624403703,0.4383017086081278,0.7439649990770882,0.6367793572817129,4.0
13,10. Metro interstate,TVAE,0.0,0.6740887581642043,0.37838531755465316,0.7854913260309208,0.6187984963413539,5.0
14,10. Metro interstate,TabDDPM,0.0,0.7052483624403703,0.41730074439986403,0.642409758486254,0.6000124958419836,6.0
12,10. Metro interstate,GaussianCopula,0.0,0.8414270282303005,0.4580641007946412,0.29643199808375437,0.5629196409556388,7.0
15,10. Metro interstate,WGAN_GP,0.0,0.0006954677530511713,0.3949824318262284,0.6602574708378628,0.3168501579004478,8.0
21,11. online shopping,TVAE,0.0,0.9879809613176838,0.43247625616904317,0.6249361266393793,0.7124160993696003,1.0
16,11. online shopping,CTABGAN,0.0,0.9920558858425872,0.5329370922641098,0.5128019762847633,0.7105440749016968,2.0
17,11. online shopping,CTGAN,0.0,0.9900296390030804,0.44082724507563614,0.6028094656313264,0.709102868813321,3.0
20,11. online shopping,GaussianCopula,0.0,0.9969080151759588,0.3467946297249161,0.682902230931196,0.7076722642672172,4.0
18,11. online shopping,CopulaGAN,0.0,0.987674669512182,0.42914074811259334,0.6069439495966559,0.7058952771176475,5.0
19,11. online shopping,ForestDiffusion,0.0,0.9714738983744148,0.3331927261645126,0.7153167456715835,0.7031424009005948,6.0
23,11. online shopping,WGAN_GP,0.0,0.8741942193949968,0.35777802560303545,0.7034452062090623,0.6680446573016281,7.0
22,11. online shopping,TabDDPM,0.0,0.9714738983744148,0.6318636445285204,0.2301557735557487,0.6471953847750467,8.0
28,12. Air Quality,GaussianCopula,0.0,0.9745403071981792,0.36527702737782874,0.8638840010003649,0.7585644313927298,1.0
31,12. Air Quality,WGAN_GP,0.0,0.9529431406948723,0.38184743512453945,0.48587497815521835,0.6414939802618762,2.0
29,12. Air Quality,TVAE,0.0,0.7681380798483921,0.4062925075479027,0.6856495099863926,0.6348378371996455,3.0
27,12. Air Quality,ForestDiffusion,0.0,0.7477654370330599,0.35543821016942695,0.710792836146988,0.6189754887081484,4.0
30,12. Air Quality,TabDDPM,0.0,0.7477654370330599,0.6583898908737843,0.2892620951130944,0.5834017706092876,5.0
26,12. Air Quality,CopulaGAN,0.0,0.5873713302132592,0.49308444714109234,0.6283913249083894,0.5713912637001481,6.0
24,12. Air Quality,CTABGAN,0.0,0.6482656639467583,0.3971122907637264,0.49849866468692117,0.5279895522138977,7.0
25,12. Air Quality,CTGAN,0.0,0.5553341002968986,0.45822135880335735,0.2737622911358792,0.44172873510053035,8.0
38,13. Concrete Compressive Strength,TabDDPM,0.0,0.8548526956922696,0.5255465987709471,0.698933188118484,0.7092850143437373,1.0
35,13. Concrete Compressive Strength,ForestDiffusion,0.0,0.8886612532162119,0.5165455835078658,0.6371210975016117,0.701564505589328,2.0
37,13. Concrete Compressive Strength,TVAE,0.0,0.795860714678542,0.45652957494091373,0.7903019990486772,0.6923937580682941,3.0
36,13. Concrete Compressive Strength,GaussianCopula,0.0,0.8339484754188274,0.5287299094552582,0.5897701968996554,0.669129422074005,4.0
39,13. Concrete Compressive Strength,WGAN_GP,0.0,0.7885548228664743,0.5043620733607317,0.44093604369275374,0.5990113642626353,5.0
32,13. Concrete Compressive Strength,CTABGAN,0.0,0.641878888623313,0.506791339984687,0.5183395096595771,0.5642908103426044,6.0
33,13. Concrete Compressive Strength,CTGAN,0.0,0.5215253873014836,0.5224437816344291,0.5048979227755163,0.516812666243577,7.0
40,13. Concrete Compressive Strength,,0.0,0.7198870169176266,0.1369601782338117,0.540703662676155,0.49125395904004066,8.0
34,13. Concrete Compressive Strength,CopulaGAN,0.0,0.4338138975438913,0.6287609209310772,0.14532934371296496,0.40575263841076914,9.0
46,14. Energy Efficiency,TVAE,0.0,0.8542851796949327,0.6019211138753604,0.6760752257053734,0.7251129737521932,1.0
44,14. Energy Efficiency,ForestDiffusion,0.0,0.9348685586009903,0.47428211160847533,0.6616165712382773,0.714717028294422,2.0
45,14. Energy Efficiency,GaussianCopula,0.0,0.7755206716808587,0.47807909249843694,0.751502858249971,0.6790828538968658,3.0
47,14. Energy Efficiency,TabDDPM,0.0,0.798252800911072,0.5811574707553901,0.26002218149749967,0.5716550160402958,4.0
48,14. Energy Efficiency,WGAN_GP,0.0,0.8750543193108299,0.2528535879484339,0.3311112795076925,0.52521118796117,5.0
42,14. Energy Efficiency,CTGAN,0.0,0.5328297357154795,0.6508759236619113,0.30176646940355967,0.4989246122058331,6.0
43,14. Energy Efficiency,CopulaGAN,0.0,0.45701791954489657,0.5506440034046646,0.2911771673826662,0.43535351905415787,7.0
49,14. Energy Efficiency,,0.0,0.6843653271734553,0.0,0.45729445146983355,0.4109344663103322,8.0
41,14. Energy Efficiency,CTABGAN,0.0,0.24709343192858307,0.5651087012342912,0.3850838587736284,0.38389514077380904,9.0
53,15. Real Estate Valuation,ForestDiffusion,0.0,0.9384500804549697,0.5302572795289394,0.7499973240920852,0.7594564132682953,1.0
50,15. Real Estate Valuation,CTABGAN,0.0,0.8455145362564065,0.5323538876909268,0.6208347543950324,0.6841624071283504,2.0
56,15. Real Estate Valuation,TabDDPM,0.0,0.8339522991133603,0.5198041136612244,0.5388433339381186,0.651175153925147,3.0
54,15. Real Estate Valuation,GaussianCopula,0.0,0.9032781434397767,0.5760391095661082,0.3194637650848894,0.62996211977121,4.0
55,15. Real Estate Valuation,TVAE,0.0,0.8936391280605831,0.5714822789370361,0.29693177710138885,0.6179798680357607,5.0
58,15. Real Estate Valuation,,0.0,0.7835887515592548,0.5310824027057834,0.47140466015713833,0.6141816194825784,6.0
57,15. Real Estate Valuation,WGAN_GP,0.0,0.8844172348207966,0.48857053593755473,0.3454453354877318,0.6039716553559046,7.0
52,15. Real Estate Valuation,CopulaGAN,0.0,0.599220162761617,0.5164358729960185,0.3997178762713931,0.5145341898848703,8.0
51,15. Real Estate Valuation,CTGAN,0.0,0.37023842756652836,0.4810248188795704,0.5000031148864676,0.4424037511564227,9.0
62,2. Alzhimers,ForestDiffusion,0.0,0.9751077502830858,0.4209539081060276,0.7352618121410497,0.7369078161873575,1.0
66,2. Alzhimers,WGAN_GP,0.0,0.8661841855978216,0.29053646625765234,0.7465355657259218,0.6575952838342008,2.0
59,2. Alzhimers,CTABGAN,0.0,0.7990976963629703,0.45033583675400024,0.6067396015620388,0.6367617100399998,3.0
64,2. Alzhimers,TVAE,0.0,0.8483982754420081,0.43774208323068675,0.5203808436753965,0.6267961882486283,4.0
63,2. Alzhimers,GaussianCopula,0.0,0.7739085861092853,0.48994903198552464,0.4165827538523376,0.5815229701950728,5.0
60,2. Alzhimers,CTGAN,0.0,0.38370723594493444,0.5514552052614698,0.6236348069686141,0.5060098980469989,6.0
65,2. Alzhimers,TabDDPM,0.0,0.2297742498486814,0.5452979141992785,0.5341496511421223,0.4157439695418928,7.0
61,2. Alzhimers,CopulaGAN,0.0,0.26351881783747594,0.4970094735423968,0.5037210501673901,0.4056266842479265,8.0
70,3. Adult,ForestDiffusion,0.0,0.9082730575731772,0.4323002178613336,0.797378964413918,0.7322129777118465,1.0
72,3. Adult,TVAE,0.0,0.74461002804816,0.428946663979969,0.8651574456543819,0.6860752441095692,2.0
69,3. Adult,CopulaGAN,0.0,0.7150710360177085,0.3952836205326607,0.8963623353673816,0.673522201177096,3.0
68,3. Adult,CTGAN,0.0,0.729799494812507,0.3489121423646301,0.9027989610791034,0.6674331289581228,4.0
71,3. Adult,GaussianCopula,0.0,0.6931861179576021,0.4157255746309122,0.689175618593044,0.6087448051502277,5.0
67,3. Adult,CTABGAN,0.0,0.616553426309336,0.36047732133025867,0.6055900463006874,0.5364415808130182,6.0
73,3. Adult,TabDDPM,0.0,0.44833910727889553,0.6666666666666666,0.16215569214934678,0.42798235055636225,7.0
74,3. Adult,WGAN_GP,0.0,0.39506646980494936,0.318941056173356,0.49794297723778713,0.4030917979453227,8.0
79,4. Forest cover dataset,GaussianCopula,0.0,0.8447564648154063,0.43727511297059385,0.5141863040690439,0.6233410110380538,1.0
78,4. Forest cover dataset,ForestDiffusion,0.0,0.5626977572168496,0.26544091033106304,0.8763213483716429,0.5676077804975517,2.0
82,4. Forest cover dataset,WGAN_GP,0.0,0.7181879269337887,0.4248212277676477,0.46160288576570774,0.5532024048335221,3.0
75,4. Forest cover dataset,CTABGAN,0.0,0.5874502001964688,0.5192243564114816,0.5104865887594332,0.5438933636298618,4.0
80,4. Forest cover dataset,TVAE,0.0,0.6829180441890268,0.39289818555206624,0.4636467413675577,0.530130695751498,5.0
81,4. Forest cover dataset,TabDDPM,0.0,0.5626977572168496,0.49256338400655697,0.1111111111111111,0.4061814514220402,6.0
76,4. Forest cover dataset,CTGAN,0.0,0.3533646087269,0.3394968472793412,0.46941833417498363,0.38402039792705744,7.0
77,4. Forest cover dataset,CopulaGAN,0.0,0.18950929843950629,0.34291088666411473,0.41935198749518326,0.30448258162359193,8.0
86,5. Bank Markting,ForestDiffusion,0.0,0.9165600599440646,0.42111610766968155,0.7609953554163833,0.7212574629034453,1.0
83,5. Bank Markting,CTABGAN,0.0,0.8131613783639727,0.4009700330137312,0.7277769762491424,0.6638886541244512,2.0
90,5. Bank Markting,WGAN_GP,0.0,0.6925360591872785,0.4624248671810442,0.5986680976153228,0.5953423131138215,3.0
85,5. Bank Markting,CopulaGAN,0.0,0.8160005019518308,0.28228729986567386,0.6124729713917137,0.5948282821579487,4.0
88,5. Bank Markting,TVAE,0.0,0.7472178334005812,0.3224360722589848,0.6377641119096121,0.5869471886108115,5.0
84,5. Bank Markting,CTGAN,0.0,0.7136730231400678,0.35273135348161205,0.608436950421904,0.573819700427082,6.0
87,5. Bank Markting,GaussianCopula,0.0,0.6853652922621989,0.25254896657186104,0.6038670345262533,0.5310709172343139,7.0
89,5. Bank Markting,TabDDPM,0.0,0.6399523407791956,0.6360722945014263,0.25,0.5218026246621061,8.0
94,6. Wine dataset,ForestDiffusion,0.0,0.7968726495411572,0.43752145758595923,0.7413926674683837,0.6724232973327657,1.0
96,6. Wine dataset,TVAE,0.0,0.5622602659688032,0.4305758275292621,0.8110636042180024,0.5973959359117006,2.0
98,6. Wine dataset,WGAN_GP,0.0,0.46678747431477996,0.4964060145222122,0.5135636904555734,0.4897059012192476,3.0
91,6. Wine dataset,CTABGAN,0.0,0.3570438124691106,0.48588876292430616,0.506627702764401,0.44057246469425637,4.0
97,6. Wine dataset,TabDDPM,0.0,0.3433904189650256,0.5784847153667737,0.3258427207565483,0.4086543984230068,5.0
93,6. Wine dataset,CopulaGAN,0.0,0.21643070861539931,0.37351330779900455,0.5159171848497703,0.35340143124079215,6.0
95,6. Wine dataset,GaussianCopula,0.0,0.3448321851872689,0.3076396792826597,0.3120669084556046,0.32384485039638683,7.0
92,6. Wine dataset,CTGAN,0.0,0.1495469103212902,0.3729486859520132,0.4884600177183834,0.318241375229635,8.0
104,7. CDC diabetes dataset,TVAE,0.0,0.6675373547479668,0.46995481109178827,0.866630818246679,0.667990630700727,1.0
100,7. CDC diabetes dataset,CTGAN,0.0,0.5401189224921819,0.4472076900509865,0.824464594954789,0.5975492544986054,2.0
101,7. CDC diabetes dataset,CopulaGAN,0.0,0.6676408397580778,0.3109815376614337,0.7381280620645752,0.5817892158210338,3.0
99,7. CDC diabetes dataset,CTABGAN,0.0,0.6699741483115255,0.542096813608149,0.48081639585900127,0.5748636221647553,4.0
102,7. CDC diabetes dataset,ForestDiffusion,0.0,0.6126907201469604,0.29484958429839475,0.7358306576851612,0.5542803606538509,5.0
106,7. CDC diabetes dataset,WGAN_GP,0.0,0.6089189294004369,0.35344482153796275,0.6544186982525546,0.54592662769733,6.0
105,7. CDC diabetes dataset,TabDDPM,0.0,0.3112687776975252,0.5722665571239662,0.25,0.37118747821619996,7.0
103,7. CDC diabetes dataset,GaussianCopula,0.0,0.399911061687439,0.478706835220402,0.19703059854355282,0.36268565480416204,8.0
110,8. Mushroom dataset,ForestDiffusion,0.0,0.6854540568620545,0.1712066308380989,0.8740643163992137,0.5877629069160155,1.0
107,8. Mushroom dataset,CTABGAN,0.0,0.377432168857154,0.45930392579828133,0.5965175288041394,0.46771930392358785,2.0
112,8. Mushroom dataset,TVAE,0.0,0.36667292309357585,0.4039431302146414,0.6238393249874938,0.45500390579807093,3.0
114,8. Mushroom dataset,WGAN_GP,0.0,0.5100138975778759,0.2754930305176135,0.5520664642022749,0.45227340744711686,4.0
111,8. Mushroom dataset,GaussianCopula,0.0,0.3363148782492614,0.343779489884602,0.4949530413496791,0.3861457106699889,5.0
109,8. Mushroom dataset,CopulaGAN,0.0,0.3997825632837796,0.3137404995245627,0.425874725649952,0.38179759286586623,6.0
108,8. Mushroom dataset,CTGAN,0.0,0.2212644916550226,0.3697079075243822,0.5898036904498916,0.3763592760542912,7.0
113,8. Mushroom dataset,TabDDPM,0.0,0.17176280356445117,0.5327151221325226,0.25,0.30351965806553727,8.0
118,9. MAGIC Gamma Telescope,ForestDiffusion,0.0,0.8003546789269058,0.42994101924482675,0.7597975720143217,0.6770634489485069,1.0
122,9. MAGIC Gamma Telescope,WGAN_GP,0.0,0.772962210825022,0.44025577735576116,0.7519121481126877,0.6668352619705435,2.0
115,9. MAGIC Gamma Telescope,CTABGAN,0.0,0.7501904381021873,0.40545928069839854,0.5922216690312354,0.5993804601597651,3.0
120,9. MAGIC Gamma Telescope,TVAE,0.0,0.613560472285469,0.42231433290499076,0.696247314300217,0.5809926830757499,4.0
117,9. MAGIC Gamma Telescope,CopulaGAN,0.0,0.579875769107815,0.4822237920208611,0.534653775786049,0.537013577985199,5.0
116,9. MAGIC Gamma Telescope,CTGAN,0.0,0.5406749967363913,0.4935566242216822,0.47531845897017666,0.5069325236521143,6.0
119,9. MAGIC Gamma Telescope,GaussianCopula,0.0,0.6108694488856174,0.2584613542619237,0.5082180749929617,0.47435160833071255,7.0
121,9. MAGIC Gamma Telescope,TabDDPM,0.0,0.3536155328008232,0.5056131696394188,0.20204322656936974,0.3537431319829659,8.0
125,Eshop_Price_Regression_Hungarian_Mahalanobis,GaussianCopula,0.0,0.6642973791973922,0.43387132399928546,0.9413874004119277,0.6782965690023208,1.0
123,Eshop_Price_Regression_Hungarian_Mahalanobis,CTGAN,0.0,0.6642973791973922,0.43387132399928546,0.902740132270142,0.6667023885597851,2.0
124,Eshop_Price_Regression_Hungarian_Mahalanobis,CopulaGAN,0.0,0.6642973791973922,0.43387132399928546,0.8899277667421458,0.6628586789013862,3.0
126,Eshop_Price_Regression_Hungarian_Mahalanobis,TVAE,0.0,0.6642973791973922,0.43387132399928546,0.0,0.3958803488787425,4.0
129,Hungarian_Mahalanobis_Four_Models,GaussianCopula,0.0,0.6642973791973922,0.43387132399928546,1.0,0.6958803488787425,1.0
130,Hungarian_Mahalanobis_Four_Models,TVAE,0.0,0.6642973791973922,0.43387132399928546,0.6594727790462187,0.5937221825926081,2.0
127,Hungarian_Mahalanobis_Four_Models,CTGAN,0.0,0.6642973791973922,0.43387132399928546,0.11315687847129119,0.4298274124201299,3.0
128,Hungarian_Mahalanobis_Four_Models,CopulaGAN,0.0,0.6642973791973922,0.43387132399928546,0.005032875892116029,0.39739021164637733,4.0
133,Hungarian_Mahalanobis_Four_Models_AD,GaussianCopula,0.0,0.6642973791973922,0.43387132399928546,1.0,0.6958803488787425,1.0
134,Hungarian_Mahalanobis_Four_Models_AD,TVAE,0.0,0.6642973791973922,0.43387132399928546,0.7187129371563918,0.6114942300256601,2.0
132,Hungarian_Mahalanobis_Four_Models_AD,CopulaGAN,0.0,0.6642973791973922,0.43387132399928546,0.14975202559864847,0.44080595655833704,3.0
131,Hungarian_Mahalanobis_Four_Models_AD,CTGAN,0.0,0.6642973791973922,0.43387132399928546,0.07063894756501159,0.417072033148246,4.0
135,Hungarian_Mahalanobis_WGAN_CTABGAN,CTABGAN,0.0,0.6642973791973922,0.43387132399928546,1.0,0.6958803488787425,1.0
136,Hungarian_Mahalanobis_WGAN_CTABGAN,WGAN_GP,0.0,0.6642973791973922,0.43387132399928546,0.0,0.3958803488787425,2.0
137,Hungarian_Mahalanobis_WGAN_TabDDPM,ForestDiffusion,0.0,0.6642973791973922,0.43387132399928546,1.0,0.6958803488787425,1.0
138,Hungarian_Mahalanobis_WGAN_TabDDPM,TabDDPM,0.0,0.6642973791973922,0.43387132399928546,0.0,0.3958803488787425,2.0
140,Hungarian_Matchings_All_Models,CTGAN,0.0,0.6642973791973922,0.43387132399928546,1.0,0.6958803488787425,2.5
141,Hungarian_Matchings_All_Models,CopulaGAN,0.0,0.6642973791973922,0.43387132399928546,1.0,0.6958803488787425,2.5
143,Hungarian_Matchings_All_Models,GaussianCopula,0.0,0.6642973791973922,0.43387132399928546,1.0,0.6958803488787425,2.5
144,Hungarian_Matchings_All_Models,TVAE,0.0,0.6642973791973922,0.43387132399928546,1.0,0.6958803488787425,2.5
142,Hungarian_Matchings_All_Models,ForestDiffusion,0.0,0.6642973791973922,0.43387132399928546,0.12778020061055387,0.43421440906190867,5.5
145,Hungarian_Matchings_All_Models,TabDDPM,0.0,0.6642973791973922,0.43387132399928546,0.12778020061055387,0.43421440906190867,5.5
139,Hungarian_Matchings_All_Models,CTABGAN,0.0,0.6642973791973922,0.43387132399928546,0.0,0.3958803488787425,7.5
146,Hungarian_Matchings_All_Models,WGAN_GP,0.0,0.6642973791973922,0.43387132399928546,0.0,0.3958803488787425,7.5
147,Hungarian_Matchings_All_Models_AD,CTGAN,0.0,0.6642973791973922,0.43387132399928546,0.5521517293911623,0.5615258676960913,2.5
148,Hungarian_Matchings_All_Models_AD,CopulaGAN,0.0,0.6642973791973922,0.43387132399928546,0.5521517293911623,0.5615258676960913,2.5
149,Hungarian_Matchings_All_Models_AD,GaussianCopula,0.0,0.6642973791973922,0.43387132399928546,0.5521517293911623,0.5615258676960913,2.5
150,Hungarian_Matchings_All_Models_AD,TVAE,0.0,0.6642973791973922,0.43387132399928546,0.5521517293911623,0.5615258676960913,2.5
