CO(GT),PT08.S1(CO),NMHC(GT),C6H6(GT),PT08.S2(NMHC),NOx(GT),PT08.S3(NOx),NO2(GT),PT08.S4(NO2),PT08.S5(O3),T,RH,AH
2.0,1165.0,150.0,7.3,870.0,298.0,671.0,148.0,1181.0,1482.0,9.7,60.0,0.7238
0.7,908.0,150.0,2.7,632.0,35.0,1095.0,46.0,1494.0,500.0,27.0,47.4,1.6661
1.6,1017.0,150.0,5.8,805.0,287.0,807.0,174.0,958.0,1032.0,6.3,45.8,0.4408
2.3,1283.0,150.0,12.0,1048.0,313.0,550.0,161.0,1336.0,1226.0,24.7,25.5,0.7785
1.8,930.0,150.0,3.9,708.0,180.0,924.0,109.0,1440.0,1012.0,25.2,41.5,1.3106
1.8,875.0,150.0,4.8,754.0,180.0,961.0,109.0,1296.0,591.0,15.9,61.0,1.0911
0.3,871.0,150.0,2.8,638.0,219.0,1022.0,143.0,860.0,583.0,4.3,49.4,0.4136
0.7,970.0,150.0,2.5,618.0,112.0,888.0,84.0,1095.0,611.0,13.3,62.4,0.946
7.7,1834.0,150.0,37.7,1723.0,947.0,400.0,167.0,2204.0,2190.0,15.1,67.0,1.1394
2.6,1293.0,150.0,13.9,1114.0,326.0,584.0,88.0,1702.0,1704.0,25.1,56.0,1.7565
0.9,831.0,150.0,1.3,530.0,75.0,1169.0,62.0,893.0,472.0,8.5,51.9,0.5766
4.7,1290.0,150.0,23.6,1393.0,341.0,655.0,180.0,2146.0,1511.0,30.9,28.2,1.2388
1.6,990.0,150.0,8.3,912.0,65.0,777.0,86.0,1648.0,689.0,32.2,37.4,1.7655
1.0,892.0,66.0,3.2,665.0,55.0,1348.0,58.0,1150.0,394.0,21.0,23.6,0.5788
3.9,1383.0,150.0,21.3,1332.0,572.0,495.0,96.0,1855.0,1415.0,19.1,72.0,1.5732
0.6,996.0,150.0,4.2,724.0,216.0,861.0,134.0,938.0,1067.0,1.3,63.1,0.4322
1.8,1612.0,150.0,38.8,1745.0,180.0,398.0,109.0,2357.0,1834.0,19.3,59.0,1.3077
2.6,1177.0,150.0,13.2,1090.0,298.0,612.0,86.0,1632.0,1209.0,26.3,43.6,1.4663
2.4,925.0,150.0,8.6,923.0,442.0,841.0,162.0,1115.0,944.0,11.1,38.1,0.5023
1.1,1012.0,94.0,4.8,752.0,66.0,1053.0,74.0,1393.0,649.0,15.7,47.0,0.8325
3.4,1303.0,150.0,17.6,1226.0,538.0,521.0,173.0,1554.0,1457.0,14.6,54.0,0.8946
1.4,979.0,150.0,4.1,718.0,207.0,883.0,157.0,903.0,807.0,6.1,46.3,0.4394
1.0,922.0,150.0,4.0,712.0,52.0,924.0,57.0,1494.0,609.0,35.0,29.0,1.6017
1.5,953.0,150.0,5.2,771.0,248.0,905.0,145.0,936.0,895.0,6.6,42.6,0.4179
1.6,994.0,143.0,6.9,851.0,95.0,1018.0,75.0,1436.0,640.0,20.2,30.7,0.7176
2.6,1226.0,150.0,14.6,1138.0,307.0,862.0,146.0,1481.0,1419.0,25.1,32.3,1.0131
2.5,1181.0,150.0,10.2,985.0,433.0,629.0,120.0,1312.0,1240.0,8.5,76.9,0.8557
1.8,998.0,150.0,10.1,981.0,116.0,786.0,117.0,1480.0,797.0,35.3,16.7,0.9402
1.6,1017.0,150.0,8.7,929.0,67.0,772.0,86.0,1702.0,709.0,32.1,38.7,1.819
1.8,704.0,150.0,0.5,444.0,180.0,1558.0,109.0,1050.0,394.0,14.4,57.6,0.9416
1.8,999.0,150.0,9.3,953.0,143.0,780.0,109.0,1600.0,879.0,29.3,31.0,1.2445
1.8,1105.0,150.0,8.2,908.0,180.0,900.0,109.0,1566.0,923.0,16.5,52.8,0.986
1.8,1387.0,150.0,22.4,1361.0,180.0,701.0,109.0,1932.0,1505.0,22.0,34.8,0.908
0.9,926.0,150.0,4.3,725.0,195.0,933.0,142.0,847.0,694.0,7.2,35.0,0.3567
1.8,1069.0,150.0,7.2,865.0,180.0,825.0,109.0,1394.0,816.0,14.1,83.8,1.346
3.0,1409.0,415.0,15.6,1169.0,188.0,685.0,105.0,1874.0,1459.0,20.0,45.0,1.039
0.7,896.0,150.0,3.6,687.0,33.0,1006.0,46.0,1438.0,493.0,36.9,27.1,1.6683
1.1,806.0,150.0,1.6,554.0,106.0,1206.0,77.0,807.0,783.0,4.0,50.4,0.4154
1.5,1056.0,150.0,7.0,857.0,309.0,735.0,169.0,1028.0,1117.0,15.0,28.5,0.4821
1.2,1008.0,150.0,7.2,866.0,58.0,937.0,68.0,1573.0,695.0,36.0,20.5,1.1995
3.1,1101.0,150.0,14.5,1134.0,427.0,683.0,168.0,1283.0,1281.0,13.6,34.0,0.5251
0.4,746.0,150.0,1.7,565.0,180.0,1369.0,109.0,1423.0,608.0,20.9,52.5,1.2852
0.4,903.0,150.0,2.9,648.0,19.0,975.0,21.0,1559.0,603.0,24.1,63.1,1.8619
2.3,1162.0,150.0,14.0,1117.0,118.0,700.0,139.0,1857.0,1044.0,36.9,26.9,1.6477
2.2,908.0,150.0,7.7,886.0,353.0,922.0,142.0,947.0,835.0,8.9,34.5,0.3946
1.8,777.0,150.0,0.9,493.0,180.0,1247.0,109.0,828.0,438.0,8.8,45.2,0.5134
1.8,995.0,150.0,5.5,789.0,180.0,828.0,109.0,1432.0,874.0,19.8,66.9,1.5277
1.8,1436.0,150.0,17.5,1224.0,180.0,609.0,109.0,1886.0,1426.0,24.6,60.3,1.8363
1.2,1045.0,55.0,4.9,756.0,70.0,1137.0,85.0,1411.0,902.0,11.1,62.2,0.8199
4.1,1543.0,710.0,19.8,1290.0,194.0,631.0,132.0,2011.0,1353.0,19.7,45.4,1.0312
1.8,855.0,150.0,2.7,631.0,180.0,1033.0,109.0,932.0,626.0,10.2,45.4,0.5632
0.5,913.0,150.0,2.5,619.0,123.0,1018.0,94.0,834.0,586.0,6.0,41.5,0.3896
1.1,952.0,150.0,3.2,665.0,146.0,907.0,119.0,1007.0,703.0,4.0,79.3,0.6517
1.8,804.0,150.0,2.0,585.0,180.0,1301.0,109.0,1319.0,717.0,11.3,67.6,0.9038
1.8,1053.0,150.0,8.3,911.0,180.0,916.0,109.0,1528.0,889.0,11.3,70.5,0.9389
0.8,939.0,150.0,1.8,568.0,101.0,1037.0,72.0,1054.0,656.0,12.4,62.6,0.8994
3.4,1286.0,150.0,19.6,1286.0,409.0,593.0,179.0,1728.0,1449.0,27.2,30.4,1.081
0.7,838.0,45.0,2.2,601.0,33.0,1361.0,43.0,1220.0,434.0,14.2,45.5,0.7333
1.0,1049.0,150.0,3.6,686.0,156.0,793.0,96.0,1159.0,795.0,11.9,65.6,0.9129
1.8,967.0,150.0,5.4,785.0,180.0,879.0,109.0,1326.0,766.0,14.5,81.3,1.3399
0.8,780.0,150.0,1.8,568.0,100.0,1190.0,57.0,997.0,453.0,11.9,55.5,0.7711
1.4,1024.0,79.0,4.8,753.0,79.0,1131.0,91.0,1357.0,793.0,9.7,61.6,0.7425
2.1,1145.0,150.0,9.2,946.0,366.0,699.0,182.0,1015.0,1409.0,6.6,37.5,0.3664
0.9,941.0,150.0,4.8,753.0,45.0,1173.0,56.0,1311.0,468.0,30.6,19.4,0.8348
2.3,1255.0,150.0,20.1,1301.0,784.0,571.0,224.0,1355.0,1750.0,7.3,50.6,0.5184
0.6,846.0,150.0,3.9,703.0,35.0,1034.0,54.0,1380.0,514.0,29.0,28.3,1.1116
0.7,981.0,150.0,5.8,804.0,191.0,829.0,127.0,997.0,783.0,10.7,37.2,0.4788
1.9,1238.0,150.0,10.2,985.0,229.0,592.0,114.0,1271.0,1252.0,18.0,33.1,0.6779
1.8,819.0,150.0,1.7,565.0,180.0,1295.0,109.0,1316.0,694.0,13.3,62.6,0.9498
1.5,895.0,150.0,3.1,660.0,238.0,975.0,155.0,826.0,596.0,4.6,46.8,0.4001
0.8,855.0,150.0,6.0,812.0,53.0,982.0,71.0,1416.0,508.0,32.4,20.5,0.9806
2.0,1338.0,215.0,11.0,1016.0,98.0,798.0,95.0,1766.0,1194.0,24.3,41.8,1.2561
1.3,1063.0,150.0,8.2,909.0,193.0,806.0,117.0,1463.0,963.0,17.8,49.6,0.9954
2.5,1131.0,150.0,13.1,1087.0,164.0,705.0,131.0,1738.0,1240.0,24.0,37.8,1.1125
1.3,1070.0,150.0,4.5,739.0,155.0,767.0,109.0,1070.0,1186.0,7.5,65.9,0.6868
1.0,844.0,150.0,4.9,757.0,71.0,1186.0,67.0,1445.0,556.0,26.3,31.5,1.0643
1.8,1015.0,150.0,6.8,850.0,57.0,802.0,79.0,1531.0,1173.0,27.2,36.9,1.3147
2.7,1224.0,150.0,14.3,1126.0,482.0,596.0,108.0,1656.0,1231.0,18.0,76.6,1.5706
1.1,986.0,150.0,3.8,700.0,133.0,883.0,80.0,1249.0,768.0,14.0,84.1,1.3389
2.2,1076.0,150.0,8.1,903.0,316.0,1627.0,102.0,1330.0,958.0,11.6,81.0,1.1082
1.8,1063.0,150.0,8.2,909.0,180.0,806.0,109.0,1463.0,963.0,17.8,49.6,0.9954
5.0,1446.0,150.0,22.4,1362.0,586.0,415.0,174.0,1777.0,1705.0,13.5,48.9,0.7553
1.8,1078.0,44.0,4.0,711.0,66.0,1150.0,71.0,1468.0,1013.0,12.3,65.4,0.9351
3.3,1253.0,150.0,16.0,1179.0,421.0,573.0,210.0,1268.0,1387.0,8.5,39.0,0.4336
1.8,1035.0,150.0,11.0,1015.0,143.0,757.0,124.0,1651.0,940.0,24.2,35.9,1.0684
1.4,1063.0,150.0,8.2,909.0,70.0,806.0,76.0,1463.0,963.0,17.8,49.6,0.9954
5.9,1680.0,150.0,25.2,1434.0,977.0,417.0,206.0,1790.0,2005.0,13.4,62.4,0.9513
1.6,1011.0,150.0,9.7,967.0,111.0,818.0,116.0,1565.0,748.0,25.3,30.9,0.9815
2.1,1309.0,150.0,8.9,937.0,122.0,905.0,97.0,1672.0,1036.0,15.9,57.7,1.0356
1.3,942.0,150.0,3.6,688.0,161.0,897.0,115.0,947.0,882.0,3.8,66.2,0.5359
4.3,1282.0,150.0,11.0,1013.0,354.0,545.0,141.0,1384.0,1287.0,17.4,50.6,0.9989
1.6,958.0,150.0,9.0,940.0,180.0,820.0,109.0,1380.0,728.0,32.4,19.4,0.9279
1.8,1091.0,150.0,8.6,925.0,180.0,701.0,109.0,1753.0,1058.0,29.7,50.5,2.0767
1.8,1111.0,150.0,7.7,887.0,244.0,720.0,92.0,1262.0,1132.0,14.6,60.6,1.0033
1.8,1105.0,150.0,10.0,977.0,180.0,692.0,109.0,1618.0,1138.0,28.6,35.7,1.3726
1.8,1010.0,150.0,9.0,940.0,329.0,759.0,124.0,960.0,1027.0,14.5,18.0,0.2956
0.6,857.0,150.0,3.1,661.0,40.0,1083.0,50.0,1511.0,696.0,23.5,50.8,1.452
1.2,929.0,150.0,3.1,659.0,220.0,920.0,147.0,851.0,1033.0,2.0,53.5,0.3831
1.8,1238.0,150.0,11.6,1037.0,113.0,813.0,91.0,1698.0,978.0,25.6,32.5,1.053
2.5,1149.0,150.0,14.5,1132.0,137.0,688.0,124.0,1936.0,1233.0,30.2,37.6,1.587
2.4,1282.0,150.0,11.2,1023.0,369.0,573.0,159.0,1305.0,1461.0,15.7,34.6,0.6147
2.5,1146.0,150.0,13.0,1084.0,159.0,713.0,121.0,1829.0,1215.0,27.3,35.3,1.2606
3.0,1093.0,150.0,14.5,1133.0,288.0,599.0,122.0,1708.0,1200.0,28.0,33.0,1.2264
1.4,1018.0,150.0,13.1,1088.0,127.0,909.0,120.0,1677.0,795.0,30.3,22.8,0.9695
2.3,1131.0,150.0,12.3,1059.0,132.0,772.0,100.0,1784.0,978.0,21.4,47.7,1.2047
2.0,964.0,150.0,8.7,928.0,480.0,871.0,167.0,1130.0,936.0,10.7,37.9,0.487
1.8,985.0,150.0,5.3,780.0,180.0,1017.0,109.0,1444.0,791.0,10.1,77.5,0.9579
0.6,990.0,150.0,6.2,821.0,57.0,848.0,62.0,1511.0,1079.0,27.5,34.6,1.2518
2.5,1153.0,279.0,12.5,1066.0,135.0,811.0,122.0,1651.0,1194.0,19.9,37.8,0.8675
2.5,1241.0,150.0,13.8,1110.0,147.0,772.0,130.0,1698.0,1177.0,22.3,32.1,0.8515
2.1,969.0,150.0,5.2,773.0,292.0,889.0,128.0,914.0,1064.0,3.0,52.5,0.4021
0.7,862.0,150.0,4.8,751.0,73.0,1154.0,77.0,1213.0,617.0,18.4,24.6,0.5169
1.2,1029.0,84.0,4.8,754.0,57.0,1098.0,79.0,1395.0,749.0,12.0,58.4,0.8164
4.6,1380.0,150.0,15.5,1163.0,667.0,573.0,130.0,1547.0,1485.0,13.7,72.5,1.1326
1.2,1032.0,150.0,7.6,883.0,106.0,718.0,42.0,1742.0,1051.0,23.4,65.7,1.872
0.5,846.0,150.0,2.6,628.0,79.0,1025.0,40.0,1218.0,727.0,16.1,73.5,1.3329
2.4,1159.0,150.0,12.3,1059.0,180.0,664.0,109.0,1580.0,945.0,39.5,18.5,1.3076
3.4,1455.0,150.0,18.7,1260.0,464.0,502.0,84.0,1868.0,1540.0,23.7,56.0,1.6238
2.2,1116.0,171.0,10.7,1003.0,119.0,864.0,101.0,1625.0,886.0,18.6,35.4,0.7535
0.6,912.0,150.0,1.7,559.0,72.0,1016.0,64.0,837.0,656.0,5.7,46.6,0.4298
2.4,938.0,150.0,8.1,903.0,309.0,790.0,141.0,885.0,798.0,1.6,37.9,0.2645
1.8,772.0,150.0,1.2,518.0,180.0,1544.0,109.0,1202.0,343.0,10.9,67.5,0.8785
5.6,1526.0,150.0,27.5,1492.0,716.0,428.0,166.0,1883.0,1770.0,13.1,62.9,0.943
1.9,1026.0,150.0,11.2,1020.0,269.0,689.0,122.0,1603.0,992.0,30.0,31.6,1.3176
1.0,893.0,150.0,2.6,629.0,212.0,1015.0,111.0,837.0,456.0,2.7,50.5,0.3804
1.8,1640.0,150.0,28.0,1503.0,180.0,431.0,109.0,2094.0,1894.0,24.7,56.9,1.7472
0.7,901.0,150.0,5.0,763.0,47.0,984.0,54.0,1552.0,717.0,23.7,47.1,1.3602
4.5,1402.0,150.0,18.8,1263.0,551.0,446.0,169.0,1640.0,1723.0,16.5,51.6,0.9601
4.7,1470.0,150.0,25.8,1450.0,677.0,481.0,182.0,1706.0,2015.0,14.0,53.0,0.8451
1.8,1028.0,150.0,8.9,934.0,180.0,786.0,109.0,1481.0,707.0,35.8,23.0,1.3323
1.3,1029.0,150.0,8.1,904.0,180.0,709.0,109.0,1460.0,992.0,29.1,36.7,1.4502
2.2,1089.0,150.0,6.5,835.0,307.0,778.0,110.0,1216.0,1004.0,11.8,65.0,0.8966
6.1,1562.0,150.0,30.3,1557.0,865.0,427.0,167.0,1916.0,1852.0,10.8,77.2,1.0021
1.0,1018.0,150.0,4.7,746.0,183.0,800.0,83.0,1171.0,958.0,10.0,74.8,0.9161
1.3,933.0,150.0,6.4,831.0,105.0,888.0,72.0,1514.0,710.0,26.0,34.9,1.1509
2.1,1074.0,150.0,12.8,1078.0,124.0,685.0,108.0,1673.0,1317.0,24.7,36.9,1.1302
1.8,1160.0,150.0,9.1,944.0,180.0,686.0,109.0,1523.0,1162.0,20.8,64.1,1.554
1.3,968.0,150.0,7.0,858.0,147.0,796.0,60.0,1388.0,894.0,16.0,75.9,1.3721
1.8,1215.0,150.0,12.4,1063.0,180.0,616.0,109.0,1370.0,1214.0,12.4,59.3,0.853
8.7,1704.0,150.0,36.1,1689.0,1070.0,402.0,242.0,1820.0,2480.0,7.1,50.3,0.51
1.7,1127.0,150.0,5.8,802.0,104.0,1064.0,92.0,1447.0,837.0,13.8,57.9,0.9085
2.3,908.0,150.0,11.5,1031.0,187.0,857.0,112.0,1469.0,901.0,34.5,13.3,0.7158
0.6,913.0,150.0,4.4,733.0,250.0,902.0,163.0,901.0,681.0,3.5,47.5,0.3778
0.7,869.0,150.0,2.5,619.0,32.0,1163.0,44.0,1417.0,475.0,29.8,38.6,1.5911
2.9,1438.0,156.0,12.0,1051.0,180.0,943.0,128.0,1668.0,1206.0,21.3,30.8,0.7696
4.8,1337.0,150.0,16.6,1198.0,568.0,521.0,217.0,1401.0,1557.0,11.9,42.3,0.5902
0.9,863.0,150.0,4.6,746.0,56.0,919.0,76.0,1415.0,961.0,21.3,45.9,1.1471
4.2,1063.0,150.0,8.2,909.0,136.0,806.0,108.0,1463.0,963.0,17.8,49.6,0.9954
2.6,1016.0,150.0,7.8,892.0,317.0,758.0,141.0,1109.0,945.0,9.2,49.8,0.5808
1.0,914.0,150.0,3.9,705.0,182.0,966.0,124.0,926.0,687.0,6.2,51.3,0.488
4.7,1063.0,150.0,8.2,909.0,933.0,806.0,176.0,1463.0,963.0,17.8,49.6,0.9954
1.0,898.0,150.0,4.6,742.0,93.0,915.0,50.0,1345.0,796.0,18.1,65.2,1.343
1.3,896.0,150.0,4.4,731.0,316.0,911.0,155.0,799.0,627.0,10.6,25.3,0.3224
0.8,816.0,150.0,3.5,684.0,42.0,1195.0,56.0,1285.0,467.0,39.0,15.1,1.0424
2.3,1279.0,150.0,16.6,1197.0,250.0,599.0,112.0,1906.0,1518.0,22.9,43.0,1.1826
1.8,1081.0,150.0,10.6,1000.0,180.0,900.0,109.0,1561.0,900.0,25.9,26.7,0.8771
1.5,1046.0,150.0,6.0,812.0,242.0,782.0,153.0,940.0,1265.0,3.9,51.6,0.4226
1.8,1028.0,150.0,3.5,682.0,180.0,1090.0,109.0,1448.0,697.0,14.3,65.3,1.0594
1.0,1075.0,39.0,3.9,703.0,88.0,1156.0,74.0,1464.0,1010.0,11.9,67.4,0.9375
4.3,1313.0,150.0,16.9,1206.0,690.0,513.0,144.0,1469.0,1546.0,6.9,75.2,0.7505
2.3,1139.0,150.0,13.1,1088.0,349.0,625.0,101.0,1580.0,1180.0,20.6,57.3,1.3792
1.8,816.0,150.0,2.6,624.0,41.0,1073.0,56.0,1422.0,729.0,19.7,51.4,1.1688
0.5,850.0,150.0,2.0,583.0,83.0,955.0,64.0,914.0,589.0,10.1,49.7,0.6122
1.7,988.0,150.0,7.2,865.0,268.0,876.0,102.0,1190.0,895.0,15.6,46.6,0.8176
4.3,1525.0,150.0,24.9,1427.0,439.0,450.0,104.0,2085.0,1577.0,23.6,62.2,1.7863
2.1,1261.0,150.0,15.0,1148.0,312.0,585.0,111.0,1733.0,1287.0,27.2,48.5,1.7172
1.5,1063.0,150.0,8.2,909.0,102.0,806.0,88.0,1463.0,963.0,17.8,49.6,0.9954
0.9,972.0,150.0,4.6,743.0,139.0,944.0,41.0,1477.0,742.0,20.6,70.7,1.6996
2.3,1009.0,150.0,8.7,926.0,492.0,791.0,161.0,1015.0,1080.0,7.8,42.0,0.4464
1.6,1076.0,150.0,8.6,924.0,101.0,720.0,80.0,1806.0,909.0,26.0,61.9,2.0511
0.7,1063.0,150.0,8.2,909.0,41.0,806.0,58.0,1463.0,963.0,17.8,49.6,0.9954
1.0,921.0,150.0,4.5,738.0,46.0,901.0,47.0,1585.0,779.0,25.1,56.6,1.7798
0.6,947.0,150.0,1.6,553.0,84.0,944.0,69.0,1110.0,693.0,11.6,73.8,1.0054
1.1,937.0,150.0,2.6,625.0,142.0,977.0,120.0,983.0,798.0,5.1,74.5,0.6626
1.4,1029.0,150.0,3.8,699.0,193.0,851.0,140.0,1001.0,795.0,7.7,56.9,0.5994
1.8,854.0,150.0,3.5,684.0,180.0,1020.0,109.0,1294.0,456.0,32.7,22.8,1.1069
1.8,873.0,150.0,1.5,549.0,180.0,1106.0,109.0,1008.0,791.0,6.9,76.4,0.7661
1.9,1189.0,110.0,6.7,844.0,96.0,887.0,93.0,1566.0,1049.0,13.4,69.6,1.0688
0.5,817.0,150.0,2.1,588.0,55.0,1134.0,37.0,1310.0,589.0,18.9,71.3,1.5449
2.9,1370.0,150.0,12.7,1072.0,398.0,535.0,155.0,1428.0,1233.0,17.3,47.8,0.9363
2.1,940.0,150.0,12.4,1063.0,176.0,848.0,113.0,1539.0,929.0,35.3,13.8,0.7767
2.4,1274.0,133.0,11.7,1041.0,150.0,1006.0,119.0,1610.0,994.0,16.9,34.3,0.6549
2.3,1142.0,150.0,11.6,1035.0,100.0,746.0,112.0,1611.0,1062.0,27.9,27.6,1.0252
1.3,1091.0,150.0,6.4,829.0,238.0,755.0,92.0,1177.0,1126.0,8.2,81.4,0.888
1.0,1053.0,150.0,2.9,648.0,125.0,808.0,94.0,1109.0,709.0,12.3,65.8,0.9374
1.3,991.0,150.0,5.5,786.0,295.0,817.0,144.0,931.0,1037.0,0.3,61.0,0.3881
1.8,1261.0,150.0,14.5,1134.0,180.0,557.0,109.0,2015.0,1388.0,24.3,58.0,1.7429
1.8,1215.0,150.0,15.1,1150.0,180.0,574.0,109.0,1962.0,1310.0,26.5,50.4,1.7215
3.0,1162.0,150.0,16.3,1188.0,303.0,676.0,136.0,1681.0,1125.0,30.2,30.2,1.2744
2.8,1144.0,150.0,13.2,1091.0,436.0,671.0,171.0,1295.0,1388.0,11.8,44.3,0.6121
0.3,925.0,150.0,4.1,717.0,75.0,936.0,75.0,1455.0,970.0,21.2,46.3,1.1501
1.4,1007.0,150.0,7.0,857.0,301.0,1699.0,96.0,1248.0,921.0,8.7,80.8,0.9096
5.6,1662.0,880.0,31.1,1576.0,351.0,523.0,123.0,2417.0,1861.0,15.4,53.3,0.9289
1.8,951.0,150.0,7.1,862.0,256.0,823.0,138.0,972.0,961.0,14.4,25.7,0.4193
1.8,878.0,150.0,2.9,644.0,180.0,1260.0,109.0,1410.0,685.0,10.0,79.6,0.98
0.8,921.0,150.0,2.8,642.0,120.0,861.0,88.0,948.0,768.0,10.5,48.7,0.6164
1.2,926.0,150.0,5.9,805.0,60.0,901.0,78.0,1511.0,524.0,29.4,34.4,1.3899
0.6,933.0,150.0,1.9,574.0,95.0,937.0,63.0,1201.0,646.0,13.9,78.0,1.2346
0.2,655.0,150.0,0.2,402.0,20.0,2077.0,17.0,814.0,268.0,10.0,45.7,0.5598
3.5,1291.0,150.0,20.0,1296.0,667.0,529.0,97.0,1752.0,1432.0,16.7,73.8,1.3886
4.6,1461.0,633.0,23.8,1398.0,240.0,630.0,129.0,2050.0,1628.0,18.1,40.3,0.8294
3.4,1307.0,150.0,19.3,1278.0,445.0,527.0,95.0,1767.0,1452.0,26.6,42.8,1.4713
2.0,1189.0,150.0,9.7,965.0,239.0,670.0,87.0,1533.0,1060.0,26.5,44.9,1.5278
1.5,1010.0,150.0,6.5,836.0,66.0,848.0,79.0,1577.0,616.0,31.1,38.8,1.7295
1.8,1066.0,150.0,6.3,827.0,180.0,751.0,109.0,1479.0,1024.0,20.1,65.9,1.5321
1.2,938.0,150.0,2.8,639.0,104.0,1020.0,83.0,1059.0,777.0,9.7,70.9,0.8539
3.7,1283.0,150.0,15.0,1149.0,586.0,587.0,235.0,1148.0,1799.0,6.3,39.4,0.3795
2.9,1347.0,150.0,15.5,1165.0,315.0,573.0,97.0,1741.0,1321.0,19.7,70.1,1.5891
0.6,937.0,17.0,2.0,585.0,38.0,1412.0,52.0,1348.0,793.0,12.8,63.2,0.9283
4.1,1063.0,150.0,8.2,909.0,854.0,806.0,137.0,1463.0,963.0,17.8,49.6,0.9954
2.3,1238.0,150.0,13.1,1088.0,150.0,636.0,116.0,1883.0,1306.0,32.7,34.5,1.6798
0.9,883.0,150.0,3.9,705.0,51.0,1133.0,65.0,1422.0,655.0,15.4,58.8,1.0215
1.3,927.0,150.0,5.3,781.0,165.0,994.0,73.0,1267.0,594.0,29.1,26.8,1.0648
2.2,1138.0,150.0,6.9,854.0,262.0,735.0,117.0,1276.0,911.0,13.3,68.2,1.0356
6.6,1462.0,150.0,18.8,1263.0,750.0,510.0,170.0,1421.0,2082.0,6.7,59.7,0.589
1.5,993.0,150.0,4.2,720.0,156.0,891.0,66.0,1143.0,925.0,8.9,83.0,0.9487
1.9,1216.0,150.0,7.5,879.0,363.0,670.0,165.0,1252.0,1111.0,6.3,75.7,0.7252
2.1,1063.0,150.0,8.2,909.0,292.0,806.0,107.0,1463.0,963.0,17.8,49.6,0.9954
1.8,1063.0,150.0,8.2,909.0,180.0,806.0,109.0,1463.0,963.0,17.8,49.6,0.9954
2.2,1149.0,150.0,10.5,996.0,255.0,754.0,104.0,1534.0,1177.0,21.3,50.5,1.2652
1.1,990.0,150.0,8.8,930.0,89.0,1045.0,95.0,1506.0,739.0,27.4,23.8,0.858
1.8,777.0,40.0,1.2,521.0,23.0,1535.0,33.0,1121.0,350.0,12.5,51.2,0.7374
1.9,1029.0,150.0,10.1,983.0,129.0,950.0,97.0,1470.0,879.0,25.1,20.8,0.6516
1.9,1191.0,150.0,10.9,1011.0,305.0,620.0,146.0,1262.0,903.0,23.6,23.2,0.6665
3.4,1468.0,150.0,15.2,1155.0,319.0,565.0,89.0,1738.0,1293.0,24.5,57.5,1.7433
2.3,1233.0,150.0,11.4,1030.0,388.0,619.0,176.0,1257.0,1291.0,9.4,44.9,0.5296
0.3,781.0,150.0,0.3,409.0,25.0,1664.0,25.0,669.0,252.0,3.6,50.3,0.4022
4.1,1037.0,150.0,11.9,1047.0,355.0,869.0,151.0,1159.0,1042.0,8.4,45.4,0.5035
2.1,1392.0,150.0,9.7,967.0,119.0,930.0,94.0,1649.0,941.0,19.1,43.8,0.9556
2.1,1127.0,163.0,8.2,907.0,108.0,957.0,106.0,1404.0,796.0,14.5,35.4,0.5839
1.5,979.0,150.0,6.5,835.0,204.0,936.0,100.0,1338.0,700.0,28.4,28.3,1.0798
3.6,1522.0,150.0,17.6,1229.0,575.0,470.0,207.0,1488.0,1943.0,10.8,52.0,0.6738
6.0,1445.0,150.0,28.5,1516.0,796.0,455.0,210.0,1594.0,1946.0,11.5,37.5,0.5068
2.2,1114.0,150.0,8.6,922.0,410.0,689.0,225.0,1022.0,1223.0,8.7,36.3,0.4074
2.4,1098.0,150.0,13.0,1084.0,191.0,754.0,173.0,1648.0,985.0,38.1,16.5,1.0828
0.9,1003.0,150.0,2.5,618.0,198.0,1003.0,117.0,1159.0,754.0,10.4,82.9,1.0419
1.0,922.0,150.0,5.4,783.0,192.0,857.0,76.0,1367.0,825.0,16.7,79.7,1.503
1.2,936.0,150.0,3.5,685.0,171.0,866.0,124.0,942.0,568.0,15.5,33.9,0.5957
1.4,1150.0,150.0,7.3,871.0,155.0,697.0,58.0,1502.0,1030.0,21.1,64.5,1.594
1.0,1042.0,84.0,5.2,772.0,51.0,923.0,61.0,1495.0,968.0,16.8,59.5,1.1269
4.6,1169.0,150.0,25.0,1430.0,300.0,636.0,190.0,1901.0,1372.0,32.3,18.4,0.8753
1.8,887.0,150.0,4.1,717.0,180.0,955.0,109.0,1334.0,786.0,17.6,69.5,1.3889
1.8,1113.0,150.0,10.6,1001.0,180.0,663.0,109.0,1783.0,1146.0,29.9,42.1,1.7474
1.0,1015.0,150.0,2.8,640.0,144.0,821.0,92.0,1247.0,738.0,14.1,79.1,1.2665
1.8,998.0,150.0,9.5,958.0,125.0,881.0,107.0,1657.0,778.0,31.5,28.7,1.3058
2.6,1028.0,150.0,15.2,1155.0,185.0,832.0,142.0,1691.0,925.0,35.4,14.7,0.8323
2.9,1201.0,150.0,17.5,1224.0,265.0,701.0,146.0,1987.0,1532.0,25.1,43.0,1.3488
4.5,1664.0,599.0,24.1,1407.0,329.0,594.0,134.0,2198.0,1564.0,15.3,55.2,0.9538
1.6,1066.0,116.0,6.8,849.0,130.0,1039.0,98.0,1468.0,829.0,11.0,64.4,0.8447
1.6,1106.0,150.0,4.3,728.0,221.0,722.0,111.0,1309.0,885.0,14.4,78.6,1.2839
0.8,960.0,150.0,3.4,676.0,34.0,983.0,34.0,1488.0,488.0,35.4,32.4,1.837
3.4,1285.0,150.0,12.1,1052.0,465.0,605.0,158.0,1164.0,1967.0,5.1,58.4,0.517
1.2,1067.0,150.0,9.0,938.0,102.0,825.0,99.0,1520.0,912.0,29.7,24.8,1.016
1.8,892.0,150.0,6.9,853.0,180.0,1080.0,109.0,1509.0,666.0,26.0,29.4,0.976
1.2,1031.0,150.0,3.0,652.0,173.0,803.0,101.0,1256.0,775.0,14.4,78.0,1.2741
1.8,938.0,150.0,10.2,987.0,134.0,862.0,111.0,1597.0,817.0,27.8,25.8,0.9473
1.8,832.0,150.0,1.5,547.0,15.0,1320.0,23.0,1254.0,469.0,18.3,40.0,0.8345
3.7,1419.0,586.0,18.9,1267.0,219.0,742.0,138.0,1763.0,1490.0,20.8,22.5,0.5463
3.6,1247.0,150.0,20.7,1315.0,403.0,544.0,116.0,1874.0,1341.0,19.2,66.4,1.4592
1.8,1070.0,150.0,9.2,947.0,210.0,609.0,124.0,1292.0,815.0,26.1,26.3,0.875
1.8,1443.0,150.0,26.0,1455.0,180.0,635.0,109.0,2073.0,1600.0,21.4,36.0,0.9059
1.3,1088.0,150.0,8.8,932.0,203.0,706.0,72.0,1565.0,1034.0,21.5,67.5,1.708
2.4,1122.0,150.0,10.6,1000.0,211.0,783.0,119.0,1663.0,1085.0,16.6,55.6,1.042
4.3,1559.0,535.0,18.9,1267.0,230.0,653.0,149.0,2047.0,1373.0,15.7,62.5,1.1092
0.6,848.0,150.0,2.8,642.0,180.0,1079.0,109.0,1536.0,654.0,26.3,50.8,1.7058
0.5,877.0,150.0,5.6,793.0,253.0,944.0,132.0,951.0,924.0,3.2,57.0,0.4434
1.8,940.0,150.0,5.5,789.0,180.0,917.0,109.0,1473.0,914.0,19.5,72.0,1.6118
0.9,1021.0,119.0,5.7,800.0,75.0,931.0,64.0,1483.0,1019.0,14.0,59.7,0.9499
2.2,1137.0,150.0,14.9,1146.0,188.0,1144.0,136.0,1392.0,1327.0,26.1,23.8,0.7938
7.5,1678.0,150.0,37.9,1727.0,726.0,390.0,190.0,2318.0,2039.0,25.5,49.7,1.5985
4.4,1488.0,150.0,19.6,1286.0,910.0,452.0,170.0,1648.0,1766.0,9.9,73.3,0.8936
4.7,1518.0,150.0,19.9,1293.0,798.0,515.0,170.0,1602.0,2048.0,13.8,67.8,1.0609
0.4,749.0,150.0,1.7,559.0,25.0,1145.0,33.0,1255.0,584.0,22.5,48.6,1.3077
3.2,1271.0,150.0,17.2,1217.0,444.0,566.0,90.0,1810.0,1227.0,20.2,68.9,1.6074
1.2,1039.0,150.0,7.6,882.0,217.0,724.0,52.0,1473.0,1002.0,18.1,72.3,1.4927
1.8,837.0,150.0,2.2,597.0,180.0,1129.0,109.0,1414.0,478.0,25.9,46.3,1.524
0.6,854.0,150.0,1.7,562.0,180.0,1106.0,109.0,1224.0,400.0,24.3,42.9,1.2906
2.0,1032.0,150.0,12.6,1071.0,127.0,742.0,131.0,1619.0,840.0,35.7,18.9,1.0865
0.7,827.0,150.0,1.4,533.0,129.0,1198.0,91.0,775.0,488.0,4.6,38.1,0.3267
1.8,1023.0,150.0,6.9,851.0,259.0,782.0,94.0,1413.0,881.0,16.9,80.6,1.5372
2.0,1117.0,150.0,8.6,922.0,259.0,717.0,83.0,1585.0,994.0,24.3,57.4,1.7233
1.8,1074.0,150.0,9.0,939.0,180.0,1071.0,109.0,1513.0,997.0,25.6,28.0,0.9088
1.0,974.0,150.0,4.6,743.0,203.0,864.0,75.0,1155.0,885.0,9.1,77.3,0.8944
1.8,935.0,150.0,4.5,737.0,180.0,869.0,109.0,1548.0,758.0,25.4,52.9,1.698
2.6,1312.0,150.0,11.9,1047.0,374.0,545.0,126.0,1430.0,1399.0,13.0,70.0,1.042
5.5,1612.0,150.0,27.7,1496.0,548.0,429.0,137.0,2127.0,1743.0,26.9,48.6,1.7017
1.8,980.0,150.0,11.1,1019.0,180.0,921.0,109.0,1720.0,950.0,26.2,33.6,1.1244
1.8,1485.0,150.0,34.4,1650.0,180.0,632.0,109.0,2337.0,1789.0,19.0,41.6,0.9039
3.5,1181.0,150.0,16.1,1183.0,191.0,792.0,148.0,1711.0,1432.0,23.1,27.2,0.7575
0.7,880.0,150.0,2.4,610.0,101.0,2095.0,59.0,1150.0,711.0,12.0,78.0,1.094
0.9,958.0,150.0,5.9,805.0,92.0,886.0,74.0,1551.0,835.0,22.0,51.0,1.3296
0.9,912.0,150.0,5.3,776.0,61.0,991.0,84.0,1379.0,461.0,38.5,19.8,1.326
1.0,860.0,150.0,4.7,748.0,39.0,955.0,50.0,1344.0,532.0,34.3,22.5,1.1974
0.7,881.0,150.0,4.1,718.0,43.0,965.0,60.0,1510.0,837.0,23.3,48.4,1.3677
1.6,1049.0,150.0,6.6,839.0,103.0,846.0,110.0,1636.0,858.0,28.5,41.6,1.5959
1.8,1029.0,150.0,7.5,877.0,180.0,807.0,109.0,1489.0,776.0,30.4,29.8,1.2712
1.1,1110.0,150.0,6.0,814.0,75.0,948.0,73.0,1571.0,854.0,20.5,49.3,1.173
4.9,1388.0,150.0,22.6,1367.0,596.0,500.0,214.0,1722.0,1503.0,16.8,55.2,1.048
0.6,797.0,54.0,2.3,606.0,26.0,1452.0,35.0,1076.0,368.0,22.2,18.9,0.4993
1.8,885.0,150.0,6.0,812.0,180.0,1100.0,109.0,1495.0,675.0,22.8,37.6,1.0315
1.6,1063.0,150.0,8.2,909.0,108.0,806.0,95.0,1463.0,963.0,17.8,49.6,0.9954
1.6,1100.0,150.0,9.4,954.0,87.0,809.0,106.0,1512.0,1360.0,40.1,14.9,1.0828
1.8,962.0,150.0,5.9,807.0,268.0,821.0,131.0,901.0,745.0,20.2,14.4,0.337
2.1,1167.0,184.0,9.7,966.0,129.0,942.0,93.0,1520.0,1016.0,15.5,36.1,0.6313
1.8,723.0,150.0,0.9,485.0,180.0,1419.0,109.0,1065.0,425.0,14.6,57.1,0.9428
1.5,1076.0,150.0,4.6,745.0,221.0,801.0,149.0,1040.0,841.0,7.4,59.3,0.6123
1.2,990.0,150.0,6.9,852.0,70.0,967.0,90.0,1488.0,669.0,42.2,14.2,1.1609
0.9,1060.0,150.0,3.6,686.0,107.0,830.0,73.0,1110.0,445.0,23.1,32.1,0.8973
1.9,1085.0,150.0,12.7,1075.0,126.0,767.0,110.0,1786.0,913.0,34.4,22.5,1.205
1.8,997.0,150.0,6.5,835.0,180.0,951.0,109.0,1501.0,888.0,13.9,61.1,0.9656
0.8,798.0,150.0,2.5,621.0,109.0,1115.0,62.0,1041.0,524.0,10.6,61.3,0.7856
4.3,1303.0,150.0,20.7,1317.0,329.0,631.0,151.0,1816.0,1196.0,33.2,25.4,1.2722
2.8,1281.0,150.0,13.8,1111.0,383.0,553.0,148.0,1483.0,1409.0,14.2,60.0,0.9684
1.6,989.0,150.0,7.8,889.0,85.0,889.0,89.0,1602.0,664.0,35.3,20.8,1.1664
1.1,948.0,150.0,6.3,826.0,137.0,802.0,57.0,1382.0,897.0,19.3,65.5,1.45
0.6,907.0,150.0,2.9,644.0,152.0,1028.0,104.0,902.0,732.0,6.6,47.9,0.4686
1.5,1063.0,150.0,8.2,909.0,169.0,806.0,86.0,1463.0,963.0,17.8,49.6,0.9954
4.7,1557.0,150.0,27.8,1499.0,555.0,381.0,151.0,1945.0,1817.0,14.1,58.9,0.9447
0.9,922.0,150.0,3.1,658.0,227.0,898.0,141.0,922.0,706.0,11.1,43.3,0.572
5.5,1063.0,150.0,8.2,909.0,1182.0,806.0,236.0,1463.0,963.0,17.8,49.6,0.9954
1.8,1112.0,122.0,6.7,842.0,100.0,1015.0,91.0,1494.0,680.0,11.3,63.9,0.8554
1.5,850.0,150.0,4.8,755.0,293.0,966.0,116.0,1051.0,714.0,12.1,46.5,0.653
2.4,1063.0,150.0,8.2,909.0,381.0,806.0,150.0,1463.0,963.0,17.8,49.6,0.9954
1.2,1063.0,150.0,3.4,678.0,163.0,796.0,109.0,1107.0,522.0,21.5,35.0,0.8886
1.8,1224.0,150.0,7.8,892.0,180.0,884.0,109.0,1580.0,923.0,16.7,56.5,1.0634
1.8,1011.0,150.0,11.1,1017.0,180.0,704.0,109.0,1569.0,738.0,34.4,24.0,1.279
1.1,1063.0,150.0,8.2,909.0,68.0,806.0,71.0,1463.0,963.0,17.8,49.6,0.9954
0.7,827.0,150.0,2.7,636.0,88.0,1485.0,59.0,980.0,483.0,13.7,45.0,0.6991
3.5,1353.0,150.0,19.9,1292.0,184.0,683.0,95.0,2178.0,1326.0,23.0,53.8,1.4968
1.0,935.0,150.0,4.2,724.0,43.0,936.0,49.0,1574.0,598.0,29.5,45.9,1.8662
1.8,860.0,150.0,3.0,652.0,180.0,997.0,109.0,1326.0,734.0,17.1,73.9,1.4262
0.8,833.0,150.0,1.9,574.0,180.0,1150.0,109.0,930.0,752.0,7.9,55.4,0.593
4.8,1522.0,150.0,28.2,1509.0,303.0,543.0,126.0,2275.0,1828.0,18.2,46.2,0.9575
1.3,1073.0,95.0,4.7,746.0,73.0,1072.0,84.0,1360.0,789.0,15.0,46.1,0.7833
1.6,1079.0,116.0,7.4,875.0,113.0,947.0,71.0,1535.0,998.0,10.3,65.6,0.8225
0.8,872.0,150.0,6.5,833.0,65.0,947.0,59.0,1598.0,760.0,20.4,54.1,1.28
0.8,1096.0,150.0,6.8,850.0,287.0,690.0,165.0,1146.0,943.0,12.2,50.9,0.7202
1.7,1103.0,150.0,9.2,946.0,87.0,737.0,89.0,1686.0,934.0,36.6,26.5,1.599
1.8,977.0,150.0,4.5,737.0,180.0,1025.0,109.0,1450.0,686.0,17.8,49.5,0.9986
1.7,919.0,150.0,3.7,693.0,180.0,955.0,109.0,882.0,979.0,2.3,56.3,0.4134
1.1,941.0,150.0,5.6,792.0,180.0,975.0,109.0,1397.0,889.0,14.8,50.6,0.8489
1.8,1111.0,150.0,13.1,1088.0,180.0,635.0,109.0,1719.0,884.0,33.0,31.4,1.5583
2.7,1178.0,150.0,9.0,939.0,573.0,640.0,244.0,1228.0,1165.0,4.1,83.9,0.6967
3.8,1478.0,150.0,17.8,1234.0,852.0,470.0,138.0,1606.0,1551.0,8.7,79.4,0.8944
3.0,1280.0,150.0,14.9,1144.0,481.0,555.0,144.0,1599.0,1624.0,16.4,72.1,1.336
1.8,1127.0,150.0,14.0,1117.0,158.0,714.0,132.0,1625.0,1092.0,42.8,12.3,1.0326
1.8,1207.0,84.0,7.5,879.0,103.0,1104.0,102.0,1490.0,872.0,21.4,30.2,0.7616
0.5,826.0,150.0,2.7,631.0,24.0,1028.0,33.0,1473.0,593.0,24.8,55.4,1.7054
1.8,922.0,150.0,4.5,737.0,180.0,1050.0,109.0,1414.0,882.0,13.1,62.6,0.9419
2.5,1198.0,150.0,7.9,897.0,402.0,720.0,151.0,1072.0,1436.0,7.8,54.6,0.5786
4.1,1291.0,150.0,15.8,1174.0,465.0,567.0,91.0,1746.0,1341.0,21.7,67.3,1.7256
0.6,922.0,39.0,1.5,541.0,45.0,1453.0,57.0,1246.0,432.0,13.3,53.6,0.8169
1.5,1030.0,150.0,6.7,844.0,90.0,917.0,78.0,1599.0,747.0,32.3,30.4,1.445
1.1,919.0,150.0,5.7,796.0,62.0,870.0,80.0,1538.0,560.0,28.1,41.1,1.535
0.6,916.0,150.0,1.5,541.0,180.0,1143.0,109.0,1064.0,536.0,11.7,74.1,1.0167
3.1,1185.0,150.0,9.7,966.0,421.0,711.0,127.0,1250.0,1104.0,6.8,82.8,0.8216
2.9,1212.0,150.0,16.4,1191.0,455.0,551.0,97.0,1586.0,1210.0,15.9,69.8,1.253
4.5,1387.0,150.0,24.6,1419.0,309.0,559.0,192.0,2113.0,1677.0,33.6,26.4,1.3515
1.6,1077.0,150.0,10.2,985.0,165.0,742.0,97.0,1780.0,1170.0,21.8,52.5,1.3529
3.6,1258.0,150.0,14.9,1144.0,414.0,558.0,189.0,1336.0,1509.0,8.9,52.5,0.5996
4.9,1063.0,150.0,8.2,909.0,803.0,806.0,167.0,1463.0,963.0,17.8,49.6,0.9954
1.9,1112.0,172.0,8.4,917.0,124.0,897.0,90.0,1542.0,931.0,16.6,44.4,0.8313
1.6,1108.0,150.0,14.2,1123.0,167.0,804.0,83.0,1801.0,1111.0,17.4,50.9,1.0017
2.5,1156.0,150.0,14.4,1129.0,118.0,688.0,110.0,1941.0,1181.0,28.9,41.0,1.6096
1.8,1054.0,150.0,13.7,1106.0,180.0,679.0,109.0,1297.0,1239.0,8.6,60.5,0.6788
2.6,1237.0,150.0,15.8,1175.0,173.0,660.0,128.0,1834.0,1424.0,30.5,29.7,1.2742
8.0,1884.0,150.0,43.7,1846.0,895.0,348.0,194.0,2595.0,2203.0,24.6,58.9,1.8005
1.8,904.0,150.0,6.7,845.0,180.0,878.0,109.0,1483.0,775.0,23.8,44.7,1.3019
0.3,748.0,150.0,0.8,477.0,21.0,1703.0,28.0,1301.0,380.0,19.1,52.7,1.1545
0.6,863.0,150.0,2.3,608.0,41.0,1035.0,30.0,1465.0,597.0,28.3,49.5,1.8782
0.7,848.0,150.0,1.5,541.0,69.0,1067.0,61.0,937.0,392.0,15.1,44.5,0.7569
0.4,844.0,150.0,0.6,453.0,180.0,1378.0,109.0,748.0,337.0,6.9,40.9,0.4091
6.2,1570.0,150.0,35.9,1684.0,597.0,494.0,168.0,2289.0,1716.0,29.0,36.6,1.4452
3.9,1460.0,150.0,16.7,1201.0,486.0,466.0,155.0,1685.0,1591.0,18.2,61.0,1.2634
2.0,1137.0,150.0,9.9,975.0,358.0,687.0,103.0,1234.0,1223.0,7.6,74.3,0.7783
0.2,775.0,150.0,2.5,619.0,10.0,1254.0,19.0,1272.0,386.0,32.2,20.0,0.9488
1.5,1060.0,150.0,14.2,1122.0,116.0,863.0,119.0,1721.0,836.0,30.9,24.4,1.0724
1.0,935.0,150.0,6.5,836.0,58.0,909.0,80.0,1604.0,855.0,23.3,49.9,1.4135
1.8,959.0,150.0,2.8,637.0,180.0,958.0,109.0,1107.0,667.0,8.9,79.0,0.9032
4.6,1475.0,150.0,22.0,1351.0,294.0,625.0,165.0,2006.0,1696.0,21.0,41.1,1.0104
0.5,1297.0,150.0,11.5,1032.0,388.0,605.0,126.0,1297.0,1300.0,7.0,77.8,0.7848
1.0,805.0,150.0,4.5,740.0,41.0,1161.0,12.0,1117.0,565.0,19.8,31.1,0.7104
1.4,1057.0,150.0,7.8,890.0,72.0,778.0,57.0,1701.0,801.0,31.4,40.7,1.8377
2.3,1091.0,150.0,13.0,1082.0,210.0,746.0,119.0,1790.0,1221.0,32.2,25.1,1.189
3.1,1407.0,150.0,14.0,1117.0,402.0,486.0,137.0,1596.0,1521.0,17.7,63.3,1.2729
2.0,1093.0,150.0,13.3,1094.0,108.0,797.0,110.0,1769.0,912.0,37.2,18.2,1.1389
1.2,949.0,150.0,8.3,910.0,71.0,816.0,77.0,1552.0,1015.0,22.2,43.0,1.1363
0.7,959.0,150.0,1.9,578.0,115.0,907.0,79.0,1079.0,546.0,11.8,67.1,0.9274
1.8,1189.0,150.0,23.1,1381.0,180.0,566.0,109.0,1574.0,1426.0,9.5,57.9,0.6877
0.9,835.0,150.0,3.7,691.0,52.0,1265.0,67.0,1182.0,517.0,19.1,25.9,0.5673
3.4,1305.0,150.0,19.7,1287.0,464.0,525.0,124.0,1771.0,1437.0,26.2,43.5,1.4591
3.4,1117.0,150.0,21.1,1327.0,625.0,692.0,196.0,1302.0,1475.0,13.5,19.5,0.3003
1.8,1029.0,150.0,11.8,1042.0,122.0,756.0,130.0,1697.0,1062.0,30.5,29.9,1.2875
3.2,1212.0,150.0,8.6,926.0,490.0,720.0,132.0,1283.0,1193.0,11.2,70.9,0.9406
2.1,1042.0,150.0,11.4,1029.0,123.0,907.0,103.0,1540.0,879.0,28.4,20.2,0.7697
3.4,1308.0,150.0,16.4,1191.0,685.0,537.0,137.0,1559.0,1523.0,15.4,63.9,1.1071
3.2,1457.0,458.0,16.3,1190.0,160.0,678.0,111.0,1877.0,1212.0,20.3,42.8,1.0053
6.6,1705.0,150.0,30.5,1562.0,1172.0,473.0,232.0,1988.0,2197.0,14.9,64.9,1.0929
3.1,1302.0,150.0,15.7,1169.0,495.0,544.0,139.0,1636.0,1605.0,16.8,70.3,1.3341
1.8,1109.0,150.0,6.7,843.0,180.0,769.0,109.0,1458.0,743.0,27.1,43.3,1.5255
1.8,1119.0,150.0,10.0,979.0,180.0,873.0,109.0,1593.0,1170.0,17.2,47.9,0.9334
1.1,880.0,150.0,4.3,728.0,180.0,1046.0,109.0,1167.0,514.0,31.6,18.0,0.8243
1.0,893.0,150.0,3.1,655.0,146.0,990.0,69.0,1097.0,816.0,12.0,71.9,1.003
1.2,937.0,150.0,7.9,893.0,123.0,1106.0,112.0,1463.0,783.0,20.8,33.2,0.8061
6.1,1746.0,824.0,24.2,1409.0,319.0,553.0,148.0,2119.0,1898.0,16.8,49.8,0.9446
0.7,854.0,150.0,2.2,600.0,180.0,1102.0,109.0,1252.0,542.0,25.4,38.6,1.2352
1.9,1192.0,150.0,6.4,832.0,282.0,646.0,155.0,1253.0,1167.0,11.6,68.3,0.9314
0.5,826.0,150.0,1.1,512.0,84.0,1108.0,61.0,1043.0,636.0,12.5,67.4,0.9722
2.9,1063.0,150.0,8.2,909.0,470.0,806.0,160.0,1463.0,963.0,17.8,49.6,0.9954
1.8,1138.0,150.0,9.0,940.0,328.0,706.0,169.0,1088.0,1359.0,8.3,41.3,0.4533
1.9,1022.0,150.0,6.6,837.0,322.0,755.0,168.0,978.0,881.0,6.9,41.3,0.4145
1.6,1206.0,150.0,9.2,948.0,357.0,628.0,121.0,1129.0,1540.0,5.9,65.8,0.6178
1.8,998.0,150.0,9.5,958.0,96.0,800.0,106.0,1484.0,677.0,36.4,16.8,1.0033
0.4,826.0,150.0,2.2,601.0,67.0,1056.0,38.0,1180.0,702.0,16.9,67.9,1.295
0.6,865.0,150.0,5.1,767.0,76.0,1279.0,75.0,1369.0,559.0,23.8,29.2,0.8499
1.8,883.0,150.0,5.4,782.0,180.0,958.0,109.0,1395.0,571.0,27.3,31.0,1.111
0.3,902.0,150.0,4.2,721.0,203.0,924.0,133.0,900.0,666.0,5.7,43.1,0.3984
0.8,1005.0,57.0,3.3,673.0,56.0,1103.0,64.0,1387.0,905.0,13.7,61.6,0.9631
1.2,1025.0,78.0,3.6,689.0,89.0,1189.0,77.0,1325.0,519.0,11.4,61.2,0.8236
1.4,1114.0,150.0,9.5,958.0,89.0,663.0,42.0,1836.0,1167.0,26.8,60.5,2.1008
2.9,1253.0,150.0,13.3,1095.0,355.0,566.0,218.0,1375.0,1206.0,4.6,77.6,0.6651
1.8,1233.0,150.0,14.9,1144.0,180.0,575.0,109.0,1436.0,1271.0,13.1,54.3,0.8167
4.8,1557.0,872.0,27.1,1483.0,250.0,615.0,164.0,2087.0,1757.0,24.9,30.8,0.954
1.0,1034.0,150.0,4.2,719.0,153.0,858.0,86.0,1189.0,845.0,11.8,76.3,1.0547
0.6,867.0,150.0,1.0,500.0,103.0,1219.0,86.0,818.0,387.0,5.9,54.8,0.5119
1.2,945.0,150.0,4.8,755.0,50.0,935.0,68.0,1553.0,663.0,26.0,48.0,1.5882
2.9,1240.0,374.0,14.6,1137.0,158.0,836.0,103.0,1748.0,991.0,14.9,40.5,0.6835
1.8,1239.0,73.0,6.9,853.0,106.0,1010.0,93.0,1543.0,1174.0,14.0,57.0,0.9094
1.8,1189.0,150.0,11.0,1014.0,180.0,641.0,109.0,1553.0,1249.0,22.7,55.8,1.5218
3.9,1463.0,150.0,23.2,1383.0,545.0,440.0,181.0,1636.0,1727.0,22.7,25.5,0.6944
0.3,716.0,150.0,0.7,461.0,9.0,1795.0,16.0,1235.0,350.0,19.5,46.3,1.0363
0.5,809.0,150.0,2.6,628.0,27.0,1127.0,42.0,1490.0,682.0,24.0,50.3,1.4811
1.9,1258.0,99.0,8.2,906.0,112.0,1081.0,107.0,1511.0,900.0,21.9,29.0,0.7525
2.9,928.0,150.0,6.8,850.0,254.0,1118.0,129.0,1004.0,794.0,8.9,44.9,0.5125
1.3,1082.0,150.0,3.8,700.0,160.0,759.0,91.0,1286.0,842.0,18.1,62.8,1.2916
0.3,932.0,150.0,2.9,645.0,142.0,916.0,105.0,882.0,1006.0,1.2,63.7,0.4327
0.4,842.0,150.0,1.4,535.0,59.0,1140.0,44.0,805.0,352.0,11.0,40.5,0.5316
1.2,1031.0,150.0,7.3,871.0,147.0,950.0,96.0,1393.0,972.0,25.2,38.1,1.2049
2.7,1302.0,150.0,16.6,1198.0,156.0,628.0,121.0,1934.0,1504.0,29.4,35.6,1.4383
2.6,1150.0,251.0,9.9,973.0,186.0,827.0,105.0,1590.0,1188.0,15.3,51.4,0.8886
1.9,1078.0,150.0,10.2,985.0,106.0,778.0,111.0,1697.0,925.0,28.7,34.7,1.3457
1.7,996.0,150.0,10.4,992.0,189.0,722.0,93.0,1580.0,727.0,31.1,28.6,1.2718
1.8,1311.0,150.0,18.9,1267.0,180.0,524.0,109.0,1941.0,1662.0,31.4,34.5,1.5599
3.0,1304.0,150.0,15.3,1157.0,176.0,793.0,122.0,1801.0,1171.0,16.1,47.6,0.8655
1.6,977.0,150.0,9.4,956.0,93.0,765.0,93.0,1581.0,1114.0,23.6,39.2,1.1306
1.9,1075.0,150.0,10.4,993.0,139.0,781.0,110.0,1682.0,946.0,23.1,44.2,1.2317
2.1,1141.0,150.0,11.1,1017.0,112.0,740.0,104.0,1690.0,1188.0,16.8,57.5,1.0912
0.5,758.0,150.0,1.5,546.0,27.0,1483.0,33.0,1252.0,396.0,14.6,53.3,0.8807
4.9,1560.0,651.0,24.8,1424.0,247.0,579.0,143.0,2176.0,1688.0,20.8,45.3,1.1016
1.8,987.0,150.0,8.1,904.0,180.0,808.0,109.0,1344.0,903.0,15.5,60.6,1.0574
3.0,1063.0,150.0,8.2,909.0,379.0,806.0,143.0,1463.0,963.0,17.8,49.6,0.9954
2.7,1248.0,150.0,15.9,1177.0,324.0,608.0,129.0,1784.0,1230.0,26.4,47.3,1.6006
1.7,1120.0,150.0,6.3,826.0,242.0,750.0,127.0,1222.0,974.0,14.0,61.4,0.9773
0.8,865.0,150.0,3.7,694.0,61.0,989.0,49.0,1385.0,678.0,22.2,63.0,1.6673
2.3,1009.0,150.0,14.0,1116.0,202.0,779.0,180.0,1602.0,877.0,32.2,17.1,0.8124
2.8,1249.0,150.0,15.8,1174.0,193.0,712.0,117.0,1774.0,1486.0,20.3,37.4,0.8807
1.9,1058.0,150.0,10.9,1012.0,109.0,676.0,96.0,1782.0,1063.0,30.6,41.9,1.8104
0.2,787.0,150.0,1.6,549.0,28.0,1366.0,43.0,1317.0,596.0,14.3,61.9,1.0031
2.6,1243.0,150.0,12.7,1072.0,152.0,675.0,103.0,1978.0,1195.0,23.6,59.8,1.7193
2.8,1473.0,150.0,14.3,1127.0,224.0,831.0,152.0,1752.0,1568.0,20.8,34.4,0.8365
1.4,1092.0,150.0,4.9,759.0,268.0,773.0,150.0,1088.0,1039.0,5.3,69.2,0.6213
4.6,1467.0,150.0,26.9,1477.0,483.0,491.0,153.0,2114.0,1592.0,25.4,48.7,1.5594
2.0,970.0,150.0,9.7,966.0,118.0,944.0,81.0,1379.0,907.0,18.4,24.0,0.5046
1.1,996.0,150.0,3.8,698.0,153.0,871.0,123.0,894.0,1228.0,4.1,50.1,0.415
1.1,954.0,150.0,3.2,665.0,152.0,916.0,100.0,1119.0,777.0,11.3,69.8,0.932
1.5,966.0,147.0,5.5,786.0,118.0,1111.0,98.0,1258.0,705.0,11.8,37.6,0.5184
1.0,904.0,150.0,3.4,674.0,177.0,968.0,126.0,824.0,578.0,9.6,31.1,0.3718
2.6,1177.0,150.0,10.3,987.0,429.0,692.0,119.0,1324.0,1229.0,16.2,54.5,0.9956
2.4,1209.0,150.0,15.5,1163.0,430.0,762.0,108.0,1606.0,1300.0,21.4,45.8,1.1515
1.8,1319.0,150.0,24.9,1426.0,180.0,509.0,109.0,1938.0,1491.0,20.9,48.5,1.1878
1.4,1046.0,150.0,6.9,851.0,94.0,920.0,77.0,1595.0,908.0,17.7,56.4,1.1342
1.7,1144.0,150.0,11.0,1014.0,110.0,712.0,86.0,1744.0,1146.0,29.0,36.6,1.4431
1.8,1378.0,150.0,19.5,1282.0,180.0,576.0,109.0,2010.0,1347.0,27.7,53.7,1.967
1.3,992.0,150.0,3.6,685.0,167.0,916.0,96.0,963.0,1035.0,4.5,63.6,0.5414
2.1,1009.0,150.0,8.7,928.0,180.0,754.0,109.0,1166.0,983.0,5.1,84.0,0.7439
3.9,1328.0,150.0,20.1,1300.0,654.0,499.0,301.0,1405.0,1672.0,4.4,61.1,0.5176
1.0,904.0,150.0,2.7,633.0,138.0,1040.0,100.0,789.0,410.0,10.2,28.3,0.3516
1.7,1021.0,150.0,10.0,979.0,248.0,798.0,95.0,1580.0,958.0,21.1,58.3,1.4444
1.8,1110.0,150.0,11.2,1021.0,119.0,820.0,96.0,1724.0,971.0,32.3,23.6,1.1271
1.9,1061.0,155.0,8.2,908.0,141.0,968.0,99.0,1455.0,890.0,22.8,29.1,0.796
2.0,1132.0,143.0,8.4,916.0,128.0,920.0,113.0,1561.0,1083.0,13.9,52.0,0.8231
0.5,852.0,150.0,0.8,479.0,51.0,1275.0,49.0,761.0,375.0,7.1,40.5,0.409
1.5,1049.0,150.0,9.5,958.0,98.0,794.0,104.0,1648.0,861.0,23.7,43.4,1.2495
1.1,1041.0,150.0,7.2,865.0,164.0,757.0,53.0,1486.0,902.0,18.6,74.9,1.5918
1.8,990.0,150.0,8.6,924.0,140.0,974.0,90.0,1404.0,861.0,19.8,28.5,0.652
0.7,801.0,150.0,2.7,633.0,90.0,1489.0,60.0,940.0,482.0,14.7,37.5,0.622
1.8,1029.0,150.0,7.7,886.0,180.0,807.0,109.0,1446.0,926.0,15.0,74.8,1.2672
2.0,1080.0,150.0,8.3,910.0,153.0,923.0,121.0,1548.0,929.0,19.1,44.1,0.966
1.8,1013.0,150.0,8.0,901.0,180.0,788.0,109.0,1369.0,975.0,21.9,39.4,1.0234
1.9,1136.0,150.0,9.6,962.0,265.0,594.0,130.0,1350.0,1052.0,23.6,34.8,0.9986
2.0,1333.0,64.0,8.0,900.0,174.0,1136.0,112.0,1517.0,1102.0,10.8,57.4,0.7408
3.4,1248.0,150.0,16.0,1179.0,472.0,577.0,165.0,1259.0,1609.0,9.9,44.0,0.5381
1.8,969.0,150.0,3.1,659.0,180.0,945.0,109.0,1082.0,691.0,11.1,65.3,0.8601
1.8,746.0,150.0,0.6,450.0,180.0,1807.0,109.0,1111.0,308.0,15.7,42.3,0.7464
1.8,1069.0,150.0,13.1,1086.0,180.0,1064.0,109.0,1536.0,1119.0,22.8,28.4,0.7804
5.5,1179.0,150.0,23.5,1390.0,755.0,567.0,198.0,1453.0,1459.0,6.5,38.1,0.3709
3.4,1272.0,150.0,15.7,1170.0,215.0,620.0,160.0,1957.0,1347.0,32.8,33.4,1.633
0.5,812.0,150.0,1.5,541.0,89.0,1309.0,70.0,774.0,616.0,5.2,45.9,0.4099
1.8,802.0,150.0,1.2,519.0,180.0,1523.0,109.0,1315.0,540.0,9.8,80.0,0.967
2.1,967.0,150.0,7.5,880.0,313.0,815.0,148.0,887.0,892.0,1.8,35.4,0.2497
2.9,998.0,150.0,9.9,972.0,345.0,806.0,153.0,984.0,1090.0,6.8,36.1,0.3575
2.3,1199.0,150.0,8.4,916.0,350.0,613.0,174.0,1227.0,1435.0,13.8,49.6,0.7793
1.4,1058.0,92.0,6.3,824.0,95.0,993.0,99.0,1411.0,971.0,14.1,46.0,0.7363
2.0,1051.0,150.0,9.3,950.0,196.0,802.0,138.0,1593.0,1040.0,28.8,33.0,1.2825
0.8,898.0,69.0,3.3,669.0,46.0,1163.0,52.0,1386.0,807.0,10.8,70.3,0.9092
2.3,1296.0,150.0,11.0,1014.0,323.0,543.0,142.0,1401.0,1305.0,22.9,35.2,0.9694
2.4,1116.0,150.0,14.1,1120.0,150.0,724.0,124.0,1854.0,1035.0,34.8,22.8,1.2488
1.2,939.0,150.0,2.8,637.0,129.0,960.0,106.0,883.0,607.0,7.1,47.9,0.4867
1.3,877.0,150.0,6.7,844.0,112.0,1048.0,43.0,1193.0,669.0,21.1,27.7,0.6853
3.4,1343.0,340.0,16.2,1185.0,237.0,760.0,132.0,1857.0,1311.0,12.0,62.9,0.8803
1.6,1110.0,150.0,7.4,872.0,308.0,822.0,150.0,971.0,1393.0,10.1,34.4,0.4249
2.7,1244.0,150.0,15.4,1162.0,162.0,765.0,123.0,1735.0,1189.0,30.0,20.0,0.8338
2.3,1076.0,451.0,11.6,1034.0,150.0,964.0,101.0,1544.0,813.0,21.3,24.2,0.606
0.5,858.0,29.0,0.9,490.0,18.0,1707.0,28.0,1212.0,378.0,9.3,72.3,0.8496
1.8,1100.0,150.0,9.1,944.0,180.0,730.0,109.0,1524.0,882.0,32.8,28.2,1.3842
2.2,1332.0,129.0,8.6,923.0,144.0,952.0,98.0,1614.0,1225.0,14.5,53.1,0.8728
1.6,1030.0,150.0,7.9,897.0,71.0,733.0,73.0,1592.0,668.0,35.3,29.4,1.6577
1.8,813.0,150.0,2.8,639.0,25.0,1267.0,22.0,1538.0,655.0,19.8,64.7,1.4769
0.4,813.0,150.0,3.1,656.0,180.0,1070.0,109.0,1332.0,603.0,22.0,42.6,1.1146
1.1,906.0,150.0,5.5,790.0,51.0,936.0,85.0,1430.0,729.0,29.4,30.5,1.2288
1.6,1096.0,150.0,5.3,777.0,248.0,767.0,148.0,1107.0,961.0,6.1,66.0,0.6255
3.1,1063.0,150.0,8.2,909.0,355.0,806.0,209.0,1463.0,963.0,17.8,49.6,0.9954
3.3,1364.0,150.0,16.7,1202.0,198.0,771.0,135.0,1875.0,1250.0,16.3,47.1,0.864
0.6,831.0,150.0,3.7,695.0,30.0,1033.0,51.0,1355.0,658.0,23.5,38.3,1.0972
2.2,1063.0,150.0,8.2,909.0,329.0,806.0,138.0,1463.0,963.0,17.8,49.6,0.9954
2.6,1349.0,295.0,11.2,1023.0,171.0,804.0,114.0,1748.0,1054.0,13.6,69.2,1.0746
1.8,1021.0,150.0,7.3,871.0,93.0,938.0,81.0,1586.0,805.0,14.1,64.9,1.0405
0.4,817.0,150.0,0.7,462.0,89.0,1378.0,66.0,732.0,308.0,2.5,52.7,0.3908
5.5,1327.0,150.0,17.3,1219.0,579.0,582.0,175.0,1453.0,1366.0,4.7,83.4,0.7177
0.9,938.0,150.0,3.4,679.0,118.0,829.0,80.0,1144.0,798.0,13.0,70.2,1.0457
1.8,1118.0,150.0,9.8,970.0,180.0,837.0,109.0,1705.0,1019.0,13.4,67.4,1.0292
4.2,1176.0,150.0,15.4,1162.0,468.0,600.0,224.0,1137.0,1363.0,6.1,33.3,0.3152
2.9,1163.0,150.0,9.4,954.0,388.0,600.0,157.0,1369.0,1118.0,17.6,54.4,1.0839
2.2,1205.0,150.0,10.7,1002.0,385.0,612.0,212.0,1299.0,1214.0,8.5,66.3,0.7387
0.7,812.0,150.0,3.2,663.0,18.0,982.0,34.0,1265.0,709.0,22.8,41.3,1.1284
3.1,1211.0,150.0,14.8,1143.0,269.0,632.0,157.0,1860.0,1331.0,24.2,48.5,1.4452
0.9,927.0,150.0,3.3,671.0,135.0,2009.0,74.0,1098.0,792.0,8.9,79.2,0.9067
3.6,1496.0,509.0,19.8,1292.0,178.0,680.0,145.0,1878.0,1300.0,27.3,30.0,1.0752
6.1,1567.0,150.0,28.0,1502.0,959.0,399.0,205.0,1848.0,1913.0,5.0,69.4,0.6118
3.8,1337.0,150.0,17.7,1231.0,647.0,505.0,185.0,1518.0,1611.0,14.7,52.3,0.8687
1.3,1020.0,70.0,4.3,727.0,81.0,1153.0,85.0,1391.0,631.0,9.3,75.2,0.8796
0.7,838.0,150.0,2.5,620.0,62.0,1292.0,74.0,1325.0,502.0,21.7,38.3,0.9842
0.6,811.0,150.0,2.5,622.0,52.0,1315.0,60.0,1307.0,432.0,22.3,35.3,0.9371
0.7,851.0,150.0,3.0,655.0,52.0,1051.0,43.0,1301.0,625.0,21.4,57.6,1.4469
5.0,1569.0,798.0,20.7,1316.0,249.0,634.0,139.0,2054.0,1510.0,13.6,65.3,1.0136
3.9,1388.0,457.0,21.6,1341.0,177.0,702.0,131.0,1955.0,1315.0,23.7,30.2,0.8718
1.7,1032.0,150.0,6.8,848.0,277.0,751.0,71.0,1266.0,972.0,11.4,81.1,1.0928
2.5,1081.0,150.0,13.5,1099.0,113.0,749.0,97.0,1854.0,1087.0,21.8,47.8,1.2325
2.7,1214.0,150.0,8.6,922.0,326.0,741.0,117.0,1273.0,1124.0,13.3,63.3,0.9597
3.5,1230.0,150.0,19.0,1268.0,309.0,698.0,171.0,2049.0,1509.0,28.1,35.2,1.312
1.6,1063.0,150.0,8.2,909.0,237.0,806.0,102.0,1463.0,963.0,17.8,49.6,0.9954
3.9,1392.0,597.0,17.0,1210.0,257.0,689.0,135.0,1792.0,1559.0,18.4,36.9,0.7758
1.2,913.0,150.0,6.4,830.0,173.0,980.0,82.0,1371.0,757.0,20.0,50.7,1.1724
1.5,1040.0,150.0,8.6,923.0,165.0,769.0,69.0,1640.0,1049.0,22.1,66.5,1.7441
2.3,1124.0,150.0,14.0,1118.0,134.0,793.0,105.0,1915.0,1021.0,27.8,35.0,1.282
2.3,1354.0,150.0,13.0,1084.0,369.0,502.0,158.0,1380.0,1651.0,16.7,45.2,0.8506
3.2,1250.0,150.0,13.3,1094.0,500.0,600.0,215.0,1198.0,1629.0,8.5,42.4,0.4716
8.3,1693.0,150.0,31.7,1590.0,1189.0,412.0,178.0,1949.0,2025.0,10.4,79.3,0.9993
1.5,1079.0,150.0,6.9,851.0,93.0,991.0,81.0,1490.0,738.0,25.8,27.7,0.9076
1.8,1126.0,150.0,6.4,828.0,180.0,722.0,109.0,1250.0,955.0,9.6,82.9,0.99
2.7,1184.0,150.0,14.1,1119.0,243.0,594.0,104.0,1806.0,912.0,31.4,35.4,1.5972
2.2,1016.0,150.0,10.5,995.0,117.0,857.0,96.0,1642.0,854.0,13.9,62.7,0.9905
1.8,926.0,150.0,3.9,707.0,180.0,1130.0,109.0,1429.0,532.0,19.3,46.6,1.0298
2.1,1215.0,150.0,8.3,912.0,127.0,948.0,109.0,1547.0,993.0,14.2,58.3,0.938
1.4,1059.0,150.0,5.3,777.0,191.0,797.0,140.0,969.0,774.0,13.5,29.1,0.4486
4.6,1339.0,150.0,24.8,1425.0,332.0,595.0,131.0,2264.0,1495.0,20.5,48.2,1.1474
3.9,1331.0,150.0,15.3,1160.0,456.0,474.0,181.0,1598.0,1419.0,18.5,54.6,1.1515
1.6,1037.0,150.0,8.0,898.0,152.0,793.0,87.0,1539.0,836.0,22.2,64.9,1.719
3.8,1369.0,150.0,18.1,1242.0,310.0,476.0,145.0,1669.0,1306.0,16.4,53.2,0.9826
2.0,980.0,150.0,5.5,790.0,318.0,839.0,185.0,934.0,897.0,5.9,40.2,0.376
1.8,942.0,150.0,4.0,712.0,180.0,979.0,109.0,1303.0,734.0,17.2,66.7,1.2987
3.9,1446.0,150.0,21.2,1328.0,665.0,439.0,168.0,1620.0,1833.0,7.5,64.5,0.6702
1.8,971.0,150.0,4.2,722.0,180.0,949.0,109.0,1472.0,804.0,20.5,81.5,1.936
1.8,964.0,150.0,8.6,923.0,87.0,834.0,92.0,1590.0,782.0,35.4,24.8,1.4017
2.0,1203.0,150.0,11.9,1046.0,223.0,621.0,74.0,1664.0,1103.0,23.9,59.2,1.7327
0.8,949.0,25.0,1.4,540.0,180.0,1457.0,109.0,1104.0,747.0,11.7,38.7,0.5298
1.1,884.0,150.0,2.2,599.0,180.0,1065.0,109.0,813.0,503.0,3.1,45.2,0.3504
1.8,992.0,150.0,5.4,783.0,180.0,988.0,109.0,1527.0,663.0,14.6,68.2,1.1282
2.5,1367.0,92.0,8.6,925.0,128.0,953.0,104.0,1543.0,1337.0,12.5,58.9,0.8537
2.3,1113.0,150.0,13.1,1086.0,138.0,882.0,119.0,1584.0,926.0,28.1,21.9,0.8184
1.8,1399.0,150.0,24.5,1416.0,180.0,485.0,109.0,1894.0,1671.0,17.6,64.9,1.2925
2.2,1063.0,150.0,8.2,909.0,76.0,806.0,83.0,1463.0,963.0,17.8,49.6,0.9954
1.5,951.0,150.0,7.4,875.0,51.0,856.0,68.0,1406.0,600.0,34.9,20.9,1.1463
1.7,1037.0,150.0,5.2,771.0,233.0,784.0,122.0,1004.0,1029.0,2.3,75.1,0.5514
1.5,1172.0,150.0,6.0,813.0,339.0,774.0,152.0,1233.0,1118.0,10.3,74.0,0.9237
3.5,1346.0,150.0,17.5,1224.0,202.0,715.0,146.0,1794.0,1272.0,23.9,29.4,0.8589
0.9,854.0,48.0,3.1,658.0,42.0,1409.0,46.0,1108.0,369.0,22.0,19.0,0.4969
2.9,1383.0,150.0,11.2,1020.0,243.0,1008.0,135.0,1719.0,1104.0,9.8,67.6,0.8185
7.6,1973.0,577.0,38.4,1737.0,411.0,617.0,194.0,2414.0,2306.0,23.1,26.5,0.7403
1.7,1135.0,95.0,6.3,827.0,87.0,1013.0,79.0,1395.0,1070.0,9.3,62.2,0.7294
5.6,1426.0,150.0,31.1,1577.0,566.0,521.0,200.0,2080.0,1648.0,30.5,29.2,1.2585
2.6,1190.0,150.0,11.4,1028.0,355.0,654.0,129.0,1287.0,1329.0,10.7,59.8,0.7674
1.7,1079.0,150.0,11.8,1042.0,87.0,697.0,116.0,1773.0,846.0,30.5,38.2,1.6376
1.2,886.0,150.0,5.1,767.0,68.0,1055.0,79.0,1532.0,702.0,21.6,46.0,1.1742
0.3,925.0,150.0,2.3,609.0,26.0,1168.0,35.0,1363.0,533.0,17.3,54.1,1.0582
1.3,985.0,150.0,6.3,826.0,66.0,808.0,71.0,1544.0,621.0,35.3,28.5,1.6034
0.7,967.0,150.0,5.1,767.0,132.0,833.0,56.0,1416.0,866.0,16.8,81.3,1.5447
1.6,970.0,150.0,7.4,873.0,88.0,859.0,114.0,1423.0,606.0,38.1,22.0,1.4402
3.4,1083.0,150.0,17.9,1237.0,210.0,737.0,129.0,1786.0,1077.0,29.9,19.8,0.8211
1.8,905.0,150.0,8.6,923.0,180.0,1025.0,109.0,1582.0,707.0,28.7,27.7,1.071
1.8,1026.0,150.0,16.2,1186.0,235.0,719.0,148.0,1662.0,1138.0,31.4,18.6,0.8398
1.7,1080.0,150.0,7.9,896.0,212.0,1075.0,75.0,1262.0,1033.0,11.6,72.5,0.9916
1.3,902.0,150.0,5.0,761.0,222.0,1048.0,126.0,872.0,868.0,5.3,42.3,0.3806
0.7,1050.0,150.0,3.6,690.0,127.0,761.0,71.0,1223.0,867.0,14.2,68.3,1.0988
2.7,1196.0,150.0,11.0,1014.0,375.0,643.0,192.0,1101.0,1334.0,5.4,43.8,0.3945
1.8,759.0,150.0,0.2,399.0,19.0,1696.0,19.0,749.0,288.0,4.3,51.6,0.4323
1.8,944.0,150.0,3.4,677.0,180.0,1140.0,109.0,1436.0,501.0,17.1,55.5,1.0724
1.8,830.0,150.0,3.2,662.0,30.0,1217.0,31.0,1556.0,704.0,18.9,67.8,1.4689
1.8,902.0,150.0,3.9,706.0,180.0,877.0,109.0,1463.0,708.0,22.0,62.3,1.6266
3.5,1293.0,150.0,17.9,1236.0,710.0,784.0,178.0,1370.0,1872.0,12.7,44.4,0.6512
1.8,1010.0,150.0,7.1,863.0,265.0,915.0,95.0,1257.0,886.0,15.2,51.0,0.8762
1.2,973.0,150.0,4.7,748.0,190.0,878.0,97.0,968.0,991.0,4.7,57.2,0.4932
4.8,1315.0,150.0,22.9,1375.0,845.0,526.0,137.0,1576.0,1549.0,6.7,72.6,0.718
0.6,962.0,150.0,5.8,803.0,43.0,853.0,60.0,1507.0,1066.0,27.5,34.0,1.231
3.8,1438.0,150.0,22.8,1374.0,689.0,435.0,231.0,1640.0,1705.0,12.9,48.8,0.725
6.5,1626.0,150.0,29.1,1531.0,782.0,371.0,234.0,1937.0,2000.0,16.7,43.4,0.8168
1.3,912.0,150.0,7.4,873.0,89.0,946.0,86.0,1436.0,614.0,36.6,15.2,0.9177
4.0,1305.0,150.0,16.3,1188.0,180.0,546.0,109.0,1843.0,1524.0,31.0,33.1,1.462
5.3,1606.0,150.0,30.9,1573.0,688.0,419.0,175.0,2165.0,1900.0,24.9,50.0,1.5522
1.8,1336.0,150.0,23.3,1385.0,180.0,477.0,109.0,2133.0,1357.0,22.6,60.3,1.6287
2.4,1146.0,150.0,10.2,985.0,304.0,650.0,206.0,1236.0,952.0,5.8,72.5,0.6718
1.1,883.0,150.0,4.4,731.0,56.0,988.0,87.0,1384.0,693.0,30.6,28.4,1.2247
3.0,1251.0,411.0,18.0,1238.0,150.0,773.0,107.0,1779.0,1109.0,28.2,20.4,0.7677
6.7,1571.0,150.0,31.8,1593.0,615.0,469.0,173.0,2409.0,1686.0,25.1,55.8,1.7511
0.3,920.0,150.0,4.3,730.0,43.0,944.0,55.0,1393.0,842.0,26.8,32.3,1.1235
0.5,827.0,150.0,3.1,656.0,55.0,1075.0,60.0,1447.0,722.0,24.0,46.4,1.3689
0.9,868.0,150.0,5.1,771.0,51.0,840.0,43.0,1608.0,860.0,22.9,62.6,1.7253
3.9,1316.0,150.0,17.6,1228.0,484.0,540.0,174.0,1610.0,1413.0,17.6,53.1,1.0596
1.5,1037.0,150.0,8.1,902.0,196.0,704.0,48.0,1481.0,984.0,17.5,76.6,1.5174
1.5,1039.0,150.0,6.9,855.0,341.0,783.0,140.0,1025.0,1210.0,3.4,58.5,0.4608
2.3,1192.0,150.0,10.0,978.0,415.0,638.0,113.0,1273.0,1210.0,6.7,77.1,0.7597
2.7,1251.0,456.0,14.0,1116.0,143.0,760.0,116.0,1716.0,923.0,17.5,40.6,0.8068
0.4,771.0,150.0,1.4,533.0,180.0,1566.0,109.0,1110.0,360.0,17.4,30.2,0.5945
1.2,1069.0,150.0,7.7,887.0,70.0,859.0,84.0,1542.0,1041.0,19.3,43.0,0.9535
1.3,966.0,150.0,4.9,760.0,302.0,877.0,200.0,890.0,940.0,7.5,39.2,0.4091
0.7,961.0,150.0,2.6,629.0,104.0,1011.0,69.0,1114.0,682.0,12.3,62.7,0.8947
2.5,1029.0,150.0,13.4,1097.0,155.0,825.0,125.0,1827.0,980.0,27.0,36.7,1.2898
0.7,840.0,31.0,1.6,556.0,41.0,1474.0,58.0,1094.0,366.0,13.7,38.3,0.5957
1.5,1080.0,150.0,8.1,902.0,180.0,702.0,109.0,1516.0,1048.0,27.8,40.7,1.5002
1.5,1138.0,150.0,9.0,938.0,147.0,700.0,87.0,1500.0,1098.0,22.1,61.3,1.6053
4.3,1347.0,150.0,23.2,1382.0,180.0,529.0,109.0,1961.0,1543.0,37.0,23.6,1.4639
5.5,1693.0,787.0,25.4,1439.0,271.0,618.0,168.0,2083.0,1723.0,19.4,42.5,0.9483
2.0,1076.0,150.0,12.2,1055.0,146.0,817.0,109.0,1734.0,993.0,34.4,21.0,1.1248
1.8,1362.0,150.0,17.5,1225.0,252.0,551.0,158.0,2003.0,1826.0,28.1,42.0,1.5735
1.5,933.0,150.0,4.1,714.0,227.0,899.0,133.0,927.0,706.0,6.7,49.5,0.4892
0.3,901.0,150.0,5.1,767.0,180.0,961.0,109.0,944.0,965.0,4.2,53.6,0.4454
2.2,1123.0,150.0,14.5,1134.0,169.0,711.0,92.0,1922.0,1170.0,20.8,52.6,1.2758
1.9,949.0,150.0,12.6,1069.0,144.0,819.0,106.0,1547.0,905.0,35.1,15.0,0.8381
1.6,962.0,150.0,7.8,891.0,53.0,813.0,73.0,1442.0,634.0,30.8,26.5,1.1603
2.5,1086.0,150.0,14.9,1145.0,154.0,737.0,125.0,1717.0,1426.0,30.4,23.2,0.9889
1.1,962.0,150.0,5.9,808.0,99.0,866.0,74.0,1430.0,868.0,22.6,56.3,1.5233
2.4,1003.0,150.0,10.9,1009.0,181.0,823.0,96.0,1710.0,1015.0,25.3,35.8,1.1421
1.8,977.0,150.0,5.7,800.0,180.0,990.0,109.0,1474.0,926.0,12.2,64.1,0.9062
3.2,1224.0,150.0,19.0,1268.0,295.0,605.0,110.0,2046.0,1478.0,21.7,49.6,1.2673
1.6,1055.0,150.0,10.0,977.0,326.0,703.0,61.0,1506.0,1013.0,15.5,77.2,1.3502
2.4,1105.0,150.0,11.9,1046.0,146.0,777.0,137.0,1751.0,1102.0,29.0,33.6,1.3277
1.7,1063.0,150.0,8.2,909.0,294.0,806.0,122.0,1463.0,963.0,17.8,49.6,0.9954
9.5,1908.0,150.0,52.1,2007.0,952.0,325.0,180.0,2775.0,2372.0,22.5,61.5,1.6579
3.1,1472.0,422.0,14.3,1126.0,211.0,720.0,106.0,1816.0,1460.0,17.0,50.5,0.9684
1.6,1124.0,150.0,9.8,972.0,279.0,674.0,69.0,1568.0,1092.0,18.8,71.8,1.5372
1.8,1054.0,150.0,8.9,936.0,86.0,915.0,54.0,1791.0,962.0,24.3,49.0,1.4724
3.4,1483.0,150.0,17.4,1222.0,318.0,597.0,109.0,2054.0,1529.0,17.4,68.9,1.3557
1.8,1072.0,150.0,6.4,831.0,180.0,757.0,109.0,1677.0,857.0,30.3,47.3,2.0034
2.8,1153.0,150.0,10.1,981.0,424.0,666.0,202.0,1097.0,1273.0,8.0,41.3,0.4448
1.8,1063.0,150.0,8.2,909.0,180.0,806.0,109.0,1463.0,963.0,17.8,49.6,0.9954
3.0,1093.0,150.0,15.5,1163.0,189.0,717.0,160.0,1705.0,1139.0,29.7,25.0,1.0246
1.8,860.0,150.0,2.5,623.0,51.0,1097.0,59.0,1466.0,552.0,25.3,47.6,1.5159
1.8,1100.0,150.0,11.0,1014.0,108.0,761.0,126.0,1533.0,959.0,40.5,14.9,1.114
1.8,1264.0,150.0,18.1,1244.0,235.0,584.0,167.0,1972.0,1496.0,32.2,32.6,1.5412
3.9,1491.0,150.0,23.6,1392.0,190.0,630.0,128.0,2149.0,1473.0,26.4,34.6,1.1724
2.4,1409.0,150.0,17.4,1223.0,479.0,475.0,145.0,1640.0,1538.0,14.1,65.9,1.0552
3.7,1303.0,150.0,19.7,1288.0,202.0,618.0,114.0,2116.0,1236.0,16.8,66.8,1.2691
2.6,1165.0,150.0,14.5,1131.0,332.0,609.0,99.0,1640.0,1196.0,21.6,53.6,1.3669
0.8,910.0,150.0,1.2,518.0,66.0,1130.0,59.0,936.0,404.0,5.7,70.3,0.6498
1.8,903.0,150.0,7.4,872.0,180.0,855.0,109.0,1108.0,987.0,7.9,61.4,0.6582
1.0,961.0,150.0,5.8,803.0,23.0,852.0,34.0,1552.0,618.0,37.1,27.2,1.6874
0.3,730.0,150.0,0.8,477.0,180.0,1433.0,109.0,950.0,420.0,7.9,68.0,0.7265
4.5,1374.0,150.0,20.2,1303.0,232.0,636.0,148.0,2036.0,1457.0,20.3,44.4,1.0457
1.9,1134.0,150.0,8.3,912.0,336.0,707.0,182.0,999.0,1376.0,6.3,40.1,0.3842
1.8,1156.0,150.0,14.3,1127.0,180.0,616.0,109.0,1767.0,1295.0,34.1,28.8,1.5105
3.1,1314.0,150.0,13.5,1101.0,472.0,539.0,190.0,1374.0,1729.0,21.9,29.3,0.7568
1.2,1063.0,150.0,8.2,909.0,74.0,806.0,85.0,1463.0,963.0,17.8,49.6,0.9954
0.3,1057.0,150.0,2.8,641.0,170.0,803.0,110.0,1103.0,616.0,17.2,46.2,0.8989
5.9,1063.0,150.0,8.2,909.0,700.0,806.0,296.0,1463.0,963.0,17.8,49.6,0.9954
4.5,1368.0,150.0,21.4,1334.0,660.0,529.0,173.0,1547.0,1653.0,13.8,48.9,0.7699
1.0,867.0,150.0,4.6,744.0,130.0,1067.0,52.0,1207.0,594.0,16.9,47.7,0.9142
1.1,919.0,150.0,7.5,880.0,70.0,915.0,86.0,1628.0,1013.0,24.2,39.5,1.1764
4.0,1025.0,150.0,16.7,1202.0,515.0,691.0,194.0,1263.0,1191.0,12.7,28.9,0.4233
1.8,1694.0,150.0,41.6,1805.0,180.0,391.0,109.0,2523.0,1882.0,26.0,43.9,1.4562
1.4,1096.0,150.0,8.1,903.0,107.0,732.0,52.0,1560.0,857.0,23.8,60.2,1.7515
3.4,1270.0,150.0,14.0,1117.0,542.0,586.0,101.0,1528.0,1290.0,13.1,78.7,1.1817
1.8,964.0,150.0,6.5,833.0,180.0,1003.0,109.0,1489.0,647.0,20.0,40.4,0.9354
1.5,1019.0,150.0,8.3,913.0,78.0,840.0,94.0,1428.0,759.0,36.9,17.2,1.0576
2.0,1256.0,150.0,10.2,986.0,407.0,612.0,157.0,1240.0,1413.0,15.7,34.5,0.6111
1.5,1047.0,150.0,6.7,844.0,363.0,784.0,196.0,979.0,987.0,6.1,39.9,0.3781
0.6,790.0,150.0,0.6,455.0,180.0,1376.0,109.0,751.0,336.0,1.6,52.9,0.3692
1.2,1044.0,100.0,5.1,770.0,85.0,1031.0,70.0,1425.0,944.0,11.5,63.9,0.8652
5.4,1063.0,150.0,8.2,909.0,747.0,806.0,291.0,1463.0,963.0,17.8,49.6,0.9954
1.7,1021.0,150.0,6.6,839.0,298.0,771.0,153.0,1084.0,914.0,13.0,40.3,0.6028
7.5,1818.0,150.0,35.5,1675.0,847.0,330.0,232.0,2143.0,2129.0,18.8,49.1,1.0538
4.0,1321.0,150.0,19.5,1281.0,858.0,557.0,198.0,1442.0,1650.0,17.4,32.7,0.6422
0.4,802.0,150.0,1.7,559.0,180.0,1232.0,109.0,1414.0,478.0,25.0,56.0,1.7428
5.0,1569.0,150.0,29.8,1547.0,601.0,435.0,144.0,2016.0,1736.0,24.7,43.6,1.3396
4.0,1209.0,150.0,18.8,1262.0,614.0,618.0,135.0,1708.0,1392.0,16.9,50.3,0.958
0.8,938.0,150.0,3.0,653.0,161.0,970.0,95.0,1100.0,747.0,12.3,60.1,0.8562
4.5,1512.0,150.0,23.3,1386.0,505.0,425.0,198.0,1831.0,1602.0,20.9,39.3,0.9615
1.8,1141.0,150.0,12.0,1049.0,180.0,675.0,109.0,1530.0,1117.0,21.0,46.8,1.1508
1.4,997.0,112.0,6.1,817.0,84.0,1030.0,79.0,1426.0,626.0,14.4,51.8,0.8433
0.7,878.0,150.0,5.2,774.0,27.0,1065.0,42.0,1527.0,552.0,23.9,45.6,1.3328
1.8,886.0,150.0,3.1,658.0,180.0,1101.0,109.0,1234.0,647.0,20.5,48.4,1.1557
2.5,1231.0,150.0,9.6,962.0,412.0,625.0,151.0,1348.0,1192.0,14.4,58.2,0.9495
1.8,1147.0,56.0,6.2,821.0,109.0,1132.0,83.0,1412.0,992.0,7.0,71.1,0.7158
1.7,1042.0,150.0,9.0,939.0,108.0,917.0,89.0,1744.0,860.0,30.4,31.3,1.3331
1.4,1146.0,156.0,8.6,923.0,79.0,845.0,96.0,1575.0,1166.0,19.6,49.8,1.1221
0.5,849.0,150.0,2.4,615.0,31.0,1285.0,44.0,1276.0,461.0,17.2,43.1,0.8394
1.8,894.0,150.0,4.9,761.0,36.0,862.0,48.0,1504.0,768.0,23.0,49.9,1.3849
0.5,941.0,150.0,3.6,687.0,50.0,1024.0,59.0,1374.0,777.0,15.8,53.8,0.9615
2.8,1182.0,150.0,12.6,1071.0,395.0,617.0,204.0,1187.0,1298.0,9.7,36.0,0.4333
1.6,974.0,150.0,4.9,757.0,254.0,886.0,155.0,884.0,723.0,6.0,42.0,0.3962
1.8,997.0,150.0,5.9,808.0,180.0,870.0,109.0,1447.0,662.0,38.8,19.1,1.3035
2.8,1316.0,150.0,9.9,974.0,188.0,883.0,123.0,1673.0,1272.0,17.4,49.1,0.9688
3.3,1332.0,150.0,18.1,1242.0,460.0,524.0,138.0,1716.0,1608.0,17.9,66.3,1.3499
1.8,915.0,150.0,6.4,828.0,90.0,928.0,87.0,1474.0,630.0,31.7,25.6,1.179
0.9,921.0,150.0,5.6,792.0,72.0,943.0,72.0,1595.0,799.0,23.5,47.6,1.3611
1.2,895.0,150.0,5.2,776.0,178.0,1024.0,82.0,1274.0,640.0,26.6,30.7,1.0501
3.4,1192.0,150.0,14.8,1143.0,166.0,740.0,123.0,1767.0,1108.0,17.6,43.7,0.8698
3.1,1310.0,150.0,12.9,1082.0,621.0,555.0,267.0,1400.0,1254.0,4.1,82.5,0.6819
1.7,1089.0,87.0,7.6,884.0,89.0,1006.0,101.0,1487.0,975.0,12.6,54.2,0.7881
1.5,1392.0,150.0,15.1,1153.0,757.0,542.0,198.0,1395.0,1506.0,7.1,77.3,0.7826
1.8,1038.0,150.0,9.6,961.0,180.0,1026.0,109.0,1530.0,949.0,19.4,38.1,0.8511
1.9,1193.0,150.0,13.0,1085.0,146.0,610.0,110.0,1947.0,1097.0,25.7,58.9,1.9156
0.8,889.0,21.0,1.9,574.0,180.0,1680.0,109.0,1187.0,512.0,7.0,62.3,0.6261
1.8,1141.0,150.0,8.8,932.0,226.0,689.0,71.0,1595.0,1014.0,22.0,67.0,1.7441
2.5,1127.0,210.0,11.2,1022.0,159.0,871.0,129.0,1534.0,921.0,16.1,35.0,0.6372
2.2,1148.0,150.0,12.4,1062.0,128.0,753.0,87.0,1825.0,1004.0,21.2,49.3,1.2271
1.4,1203.0,150.0,7.3,870.0,274.0,641.0,156.0,1103.0,1427.0,4.6,67.6,0.5778
3.4,1164.0,150.0,15.0,1148.0,224.0,741.0,127.0,1824.0,1130.0,16.0,50.9,0.9211
2.4,1172.0,150.0,10.0,977.0,280.0,657.0,177.0,1160.0,1047.0,8.4,45.2,0.4977
4.6,1533.0,150.0,29.9,1549.0,226.0,573.0,140.0,2233.0,1571.0,24.4,31.6,0.9545
0.2,815.0,150.0,4.2,723.0,41.0,1378.0,46.0,1256.0,471.0,32.0,15.0,0.7028
3.3,1303.0,150.0,15.1,1153.0,558.0,575.0,116.0,1520.0,1582.0,13.3,68.8,1.0505
1.8,840.0,150.0,1.2,515.0,72.0,1235.0,57.0,941.0,563.0,5.0,75.0,0.6627
2.6,1129.0,150.0,14.6,1137.0,151.0,606.0,114.0,1952.0,1220.0,27.7,49.9,1.8189
1.8,1322.0,150.0,18.4,1250.0,160.0,562.0,102.0,1999.0,1556.0,24.2,46.4,1.3834
6.2,1722.0,1042.0,31.9,1595.0,378.0,539.0,119.0,2439.0,1798.0,11.9,60.9,0.8455
2.4,1063.0,150.0,8.2,909.0,255.0,806.0,164.0,1463.0,963.0,17.8,49.6,0.9954
1.3,1167.0,150.0,8.2,907.0,211.0,681.0,55.0,1548.0,1082.0,20.6,67.5,1.621
4.9,1506.0,150.0,27.8,1499.0,267.0,506.0,207.0,2485.0,2043.0,33.5,38.0,1.939
1.9,1084.0,150.0,8.6,923.0,312.0,712.0,149.0,1085.0,1046.0,12.9,31.8,0.4707
2.3,1144.0,150.0,11.9,1046.0,180.0,682.0,109.0,1564.0,879.0,40.7,17.0,1.2793
1.5,1097.0,148.0,9.4,956.0,139.0,827.0,68.0,1620.0,1047.0,12.9,66.5,0.9846
1.8,1093.0,150.0,7.8,893.0,90.0,677.0,83.0,1678.0,927.0,26.9,49.6,1.7299
1.3,898.0,150.0,6.9,853.0,85.0,1066.0,56.0,1271.0,763.0,19.2,23.8,0.5235
2.1,1226.0,150.0,6.9,853.0,321.0,725.0,129.0,1307.0,1029.0,13.6,68.9,1.0661
1.1,959.0,150.0,6.8,848.0,91.0,859.0,84.0,1572.0,739.0,25.0,41.6,1.301
1.1,894.0,66.0,4.0,710.0,61.0,1209.0,70.0,1200.0,611.0,22.3,22.4,0.5955
1.9,1236.0,150.0,8.1,901.0,262.0,628.0,128.0,1311.0,1108.0,16.9,50.9,0.9714
0.2,918.0,150.0,4.3,729.0,176.0,904.0,114.0,1014.0,639.0,9.4,53.6,0.6333
1.7,1036.0,150.0,10.2,986.0,113.0,776.0,112.0,1614.0,868.0,24.8,36.8,1.1357
3.7,1372.0,150.0,23.2,1382.0,202.0,568.0,181.0,2268.0,1441.0,36.9,27.8,1.7099
1.8,910.0,150.0,4.0,712.0,94.0,872.0,42.0,1341.0,836.0,19.6,66.9,1.5125
1.8,1649.0,150.0,33.6,1633.0,180.0,584.0,109.0,2328.0,1745.0,23.8,33.7,0.9786
1.4,867.0,150.0,3.7,694.0,183.0,906.0,134.0,858.0,539.0,13.8,30.6,0.479
2.0,1235.0,150.0,13.3,1094.0,111.0,756.0,107.0,1729.0,907.0,31.3,22.3,1.0043
1.2,960.0,150.0,6.3,828.0,55.0,971.0,54.0,1565.0,617.0,19.9,55.2,1.2701
3.9,1445.0,150.0,18.8,1263.0,551.0,464.0,194.0,1500.0,1844.0,18.8,37.3,0.8031
4.2,1480.0,460.0,21.0,1324.0,215.0,622.0,122.0,2162.0,1623.0,20.8,54.4,1.3194
1.8,1242.0,150.0,9.9,973.0,99.0,856.0,106.0,1632.0,819.0,26.8,33.5,1.1602
1.8,968.0,150.0,4.3,730.0,180.0,858.0,109.0,1388.0,913.0,21.3,61.0,1.529
2.2,1259.0,150.0,12.9,1080.0,138.0,772.0,104.0,1736.0,1072.0,27.2,28.1,0.9989
1.7,1093.0,150.0,9.1,944.0,71.0,711.0,85.0,1655.0,785.0,29.5,42.7,1.7316
2.2,1376.0,80.0,9.2,948.0,172.0,1092.0,122.0,1584.0,1203.0,11.0,60.0,0.7867
1.8,1279.0,150.0,14.0,1116.0,180.0,587.0,109.0,1668.0,1268.0,24.7,48.2,1.4802
0.6,879.0,150.0,1.0,495.0,75.0,1147.0,73.0,753.0,623.0,3.3,44.6,0.3499
1.3,1092.0,150.0,6.4,831.0,249.0,720.0,100.0,1143.0,1090.0,4.3,76.1,0.6395
0.5,820.0,150.0,1.5,541.0,18.0,1450.0,28.0,1360.0,377.0,15.7,64.5,1.14
1.5,1047.0,150.0,9.7,965.0,268.0,737.0,79.0,1606.0,1075.0,18.3,71.0,1.4807
1.5,1077.0,150.0,7.1,859.0,71.0,790.0,73.0,1673.0,724.0,27.0,47.1,1.6573
1.8,868.0,150.0,3.0,652.0,180.0,962.0,109.0,1526.0,740.0,27.0,51.8,1.8147
3.4,1166.0,150.0,18.9,1265.0,481.0,640.0,174.0,1570.0,1502.0,26.1,24.8,0.8283
1.9,1131.0,150.0,8.6,925.0,276.0,638.0,147.0,1158.0,831.0,26.2,19.4,0.6491
2.8,1270.0,150.0,13.4,1098.0,558.0,572.0,123.0,1420.0,1463.0,10.0,83.6,1.0235
2.1,1183.0,150.0,7.9,896.0,456.0,673.0,205.0,1115.0,1140.0,6.9,48.8,0.4903
0.5,821.0,150.0,1.7,563.0,103.0,1270.0,74.0,807.0,678.0,4.7,49.0,0.4209
1.4,1039.0,150.0,5.2,774.0,227.0,786.0,133.0,949.0,1173.0,7.7,41.7,0.4387
0.5,869.0,150.0,2.8,638.0,180.0,1219.0,109.0,1213.0,586.0,24.2,38.5,1.1491
1.0,935.0,150.0,5.4,786.0,55.0,964.0,71.0,1389.0,954.0,17.4,43.4,0.8553
1.4,1019.0,150.0,7.7,889.0,54.0,787.0,65.0,1630.0,745.0,34.2,31.5,1.6675
2.3,1171.0,150.0,13.3,1093.0,117.0,669.0,105.0,1862.0,1205.0,26.1,45.3,1.5115
1.0,858.0,150.0,5.3,776.0,43.0,947.0,56.0,1431.0,498.0,38.1,21.1,1.3863
1.8,1031.0,150.0,8.0,901.0,180.0,775.0,109.0,1502.0,628.0,33.5,29.0,1.4797
1.3,1019.0,150.0,4.6,744.0,180.0,836.0,109.0,1000.0,1049.0,5.9,62.1,0.5806
0.9,927.0,150.0,3.8,702.0,210.0,932.0,147.0,847.0,750.0,9.0,34.5,0.398
0.9,979.0,150.0,3.9,707.0,235.0,851.0,120.0,959.0,1048.0,2.0,64.9,0.4657
0.6,857.0,150.0,2.3,604.0,126.0,1126.0,63.0,1091.0,740.0,12.4,68.3,0.9801
3.1,1113.0,150.0,13.4,1096.0,465.0,645.0,158.0,1092.0,1359.0,13.2,20.4,0.3074
2.9,1229.0,150.0,16.3,1188.0,237.0,557.0,97.0,2033.0,1412.0,24.5,66.2,2.0011
1.4,918.0,138.0,4.7,748.0,81.0,1228.0,76.0,1219.0,505.0,19.6,24.9,0.5625
1.3,962.0,81.0,5.3,776.0,89.0,1152.0,75.0,1279.0,550.0,14.2,36.8,0.5922
1.0,840.0,150.0,4.9,758.0,148.0,994.0,85.0,1189.0,829.0,17.1,46.8,0.9054
