Elevation,Aspect,Slope,Horizontal_Distance_To_Hydrology,Vertical_Distance_To_Hydrology,Horizontal_Distance_To_Roadways,Hillshade_9am,Hillshade_Noon,Hillshade_3pm,Horizontal_Distance_To_Fire_Points,Wilderness_Area1,Wilderness_Area2,Wilderness_Area3,Wilderness_Area4,Cover_Type
2373,225,9,335,193,1731,248,238,98,1029,0,0,0,1,3
3098,69,15,137,1,485,249,182,57,1385,1,0,0,0,5
2748,3,14,174,-1,1075,246,223,118,1256,0,0,1,0,7
2253,94,33,254,48,83,240,229,114,300,1,0,0,1,4
2774,68,23,191,62,1125,234,234,156,3756,0,0,1,0,5
2139,26,30,26,27,1443,205,220,182,749,1,0,0,1,4
2359,64,23,16,-5,850,252,208,169,2581,1,0,0,1,6
2996,80,15,157,34,4102,240,206,116,4039,1,0,1,0,7
2852,115,9,25,-4,393,233,222,134,3166,1,0,1,0,1
2381,56,18,184,0,946,246,218,103,4153,1,1,0,1,4
2118,20,13,11,-1,1102,246,224,97,297,0,0,0,1,4
2908,30,6,722,6,4585,197,209,203,2522,1,0,1,0,2
3335,23,11,366,1,2968,202,219,165,746,0,0,1,0,2
1960,33,20,63,2,147,241,202,127,2259,0,0,0,0,6
2873,43,16,66,-10,1382,245,210,139,1490,1,0,1,0,5
2534,327,15,46,-4,1707,234,215,189,1221,0,0,0,0,6
2507,272,11,80,10,130,191,216,73,1995,1,0,0,1,6
2148,107,17,418,22,229,229,224,12,1940,0,0,0,1,5
2639,33,12,537,69,366,250,214,91,2396,1,0,0,0,2
2810,48,10,252,11,1090,249,199,110,2200,1,0,1,0,7
3260,215,23,668,77,2184,185,228,139,2629,0,0,1,0,2
2883,61,14,147,2,3040,227,214,127,3157,0,0,1,0,2
2089,228,13,481,246,1091,224,165,46,1218,0,0,0,1,3
2710,73,11,128,-16,1388,215,209,162,1523,0,0,0,0,5
2211,48,15,410,-2,887,244,220,139,2207,0,0,0,1,4
2364,48,13,39,2,815,244,206,183,2476,0,0,0,1,2
2276,150,14,259,140,117,250,177,170,406,0,0,0,1,4
2652,19,12,90,-34,927,252,215,98,1819,1,0,0,1,5
2162,267,13,13,-5,740,172,213,89,717,1,0,0,1,6
2577,44,38,46,60,752,207,150,99,777,0,1,0,1,6
2095,109,32,71,77,356,202,195,73,572,0,0,0,1,3
2914,70,8,44,5,3981,242,135,100,1166,1,0,1,0,2
2142,113,19,136,65,804,250,221,84,1286,0,0,0,1,4
2577,38,2,197,67,2117,198,246,123,1504,1,0,1,0,2
2707,14,29,22,4,277,246,153,80,1766,1,0,0,1,4
2709,85,14,257,9,190,246,158,99,1068,1,0,0,1,4
2764,8,8,205,4,1921,241,215,111,2708,0,0,1,0,1
2019,241,42,48,43,694,224,241,119,717,1,0,0,1,3
3035,43,11,47,2,1659,253,216,35,3115,0,0,0,1,4
2971,49,16,57,-3,1158,222,238,154,2236,1,0,0,0,2
2353,21,16,913,60,862,199,198,144,1467,0,0,0,1,3
2427,334,23,181,30,1112,201,204,183,763,0,0,0,1,6
2874,347,16,93,221,2703,229,201,125,3679,1,0,1,0,2
2430,67,8,155,-1,2475,253,240,101,2977,1,0,0,1,2
2348,195,18,141,-13,1657,248,253,132,870,0,0,0,1,4
2346,328,5,27,69,559,193,212,166,963,1,0,0,1,6
2254,8,14,78,22,1449,228,231,132,1238,0,0,0,1,4
2313,328,37,429,57,856,181,240,231,640,0,0,0,1,3
2249,99,7,628,167,302,240,191,156,633,0,0,0,1,3
2249,57,18,291,-10,923,208,231,147,1480,0,0,0,1,3
2880,51,14,154,-10,702,252,160,89,1954,1,0,0,0,5
2296,20,18,139,132,2198,253,177,84,1858,1,0,0,1,6
2270,44,30,329,21,2260,193,206,139,2538,1,0,0,1,1
2235,10,30,412,15,337,224,192,88,979,1,0,0,1,4
2086,111,17,89,45,1267,253,186,26,661,1,0,0,1,4
2237,44,14,5,88,702,253,222,71,1335,0,0,0,1,4
2717,43,9,548,13,726,194,157,178,2850,0,0,1,0,2
2584,66,27,25,1,1639,249,188,0,2259,0,0,0,1,5
3400,156,25,297,42,4846,232,235,151,958,1,0,1,0,7
2776,300,18,35,27,549,220,243,92,4101,1,0,0,0,2
2776,30,8,8,-5,3536,220,203,119,3172,1,0,1,0,2
2727,51,19,7,44,805,216,200,98,1264,1,1,0,1,6
2301,160,24,132,75,1274,230,180,129,1025,0,0,0,1,3
2394,152,22,43,49,37,250,152,119,765,0,0,0,1,3
2218,329,20,53,223,768,219,221,200,1129,0,1,0,1,6
2184,353,14,647,-1,1090,232,206,197,1847,0,0,0,0,5
2397,23,23,131,32,255,250,189,148,2585,0,0,0,1,3
2927,106,10,80,102,1123,220,222,135,1246,1,0,1,0,2
3169,94,15,165,98,1524,248,175,117,1359,0,0,0,0,1
3212,69,6,67,-6,2456,234,215,71,2665,1,1,1,0,5
2611,46,12,666,2,1099,209,222,80,1560,1,0,1,0,2
2836,4,9,357,85,573,170,211,86,952,0,0,1,0,1
2780,71,30,190,11,1402,248,206,24,1494,1,0,0,1,6
2812,100,17,274,0,1395,251,207,61,3501,0,0,1,0,2
2454,346,24,434,20,3586,201,209,167,3051,0,0,1,0,3
2143,62,9,8,33,1768,250,210,55,442,1,0,0,1,4
2714,24,14,5,73,213,219,229,133,403,0,0,0,1,3
2419,36,5,9,-12,1824,210,232,141,819,0,0,0,1,4
3025,192,6,8,2,343,219,244,189,2238,0,0,1,0,1
2804,122,18,881,3,1508,223,216,147,1613,1,0,1,0,1
2236,70,23,294,38,698,201,192,92,692,0,0,0,1,3
2036,56,39,33,79,528,229,186,19,729,0,0,0,1,6
2933,25,6,15,-2,325,217,231,77,966,0,0,0,0,1
2192,224,22,270,294,405,241,236,180,1166,0,0,0,1,3
2689,114,15,28,-5,743,250,224,158,588,0,0,0,0,3
3272,27,14,471,84,2195,240,223,171,2731,0,0,1,0,6
2417,106,16,166,6,685,251,207,103,2214,1,1,0,1,4
2813,31,30,61,-2,1642,247,214,125,1221,0,0,0,1,4
3434,314,6,664,2,4499,229,223,140,2969,1,0,1,0,1
3122,277,6,316,152,604,245,244,224,986,0,0,1,0,5
2522,54,30,119,30,523,239,152,182,708,0,0,0,1,4
2237,28,4,46,-8,446,248,227,111,1378,0,0,0,0,2
3419,24,6,78,82,1696,212,235,195,2450,0,0,1,0,7
2614,278,16,168,52,1141,239,214,79,2618,1,0,1,0,2
2027,265,9,9,54,356,228,214,174,1483,0,0,0,0,2
3263,73,24,496,-37,1625,249,249,169,1482,1,0,1,0,5
2726,331,31,1128,22,390,173,229,178,1868,0,0,1,0,7
2084,336,27,263,21,1655,197,213,217,1883,0,1,0,1,6
2276,83,24,5,30,945,199,242,105,3058,0,0,0,1,3
2875,58,6,39,17,1567,218,208,148,473,0,0,0,1,3
3276,65,8,385,35,1560,235,218,147,2323,0,0,1,0,2
2726,70,9,240,33,743,244,201,65,2325,1,0,0,1,2
2904,85,10,262,-34,715,247,199,136,2711,0,0,0,0,2
2257,64,12,268,24,364,232,210,225,1213,0,0,0,1,4
2792,181,12,144,5,167,251,232,105,2618,1,0,1,0,5
2515,110,16,100,14,278,249,157,93,631,0,0,0,1,4
3469,162,9,282,10,2037,224,227,133,4202,0,0,1,0,7
2616,41,3,3,-5,413,254,209,77,2176,0,1,0,1,6
2984,152,9,347,-36,263,208,233,151,2665,0,0,1,0,5
2397,158,10,111,-5,1208,240,233,75,729,0,0,0,1,5
2556,191,11,26,110,1014,253,200,24,867,0,0,0,0,6
2299,65,10,142,341,1435,243,195,130,2025,1,0,0,1,4
2038,177,16,283,-7,4524,253,238,105,799,1,1,0,1,4
2918,39,13,463,3,3444,233,202,141,4306,1,0,1,0,2
2058,107,9,411,29,1420,223,225,83,4387,0,0,0,1,3
3044,142,11,446,-3,1546,237,252,126,1487,0,0,1,0,1
3016,1,20,104,58,69,247,201,112,1481,0,1,0,1,3
2708,201,13,93,-3,1314,244,213,21,1206,0,0,0,1,4
3228,12,3,595,-58,963,231,244,155,1754,0,0,1,0,1
3567,64,13,60,73,1110,242,210,101,523,1,0,1,0,5
2113,77,17,343,20,600,252,211,73,1072,0,0,0,1,4
2102,234,9,539,-14,774,239,212,178,898,0,0,0,1,4
2293,333,15,59,3,1442,211,147,188,618,0,1,0,1,4
3319,43,13,159,50,4001,228,229,156,3278,0,0,1,0,7
2885,308,35,253,6,1236,250,214,206,915,0,0,0,1,4
2130,196,38,377,71,1211,245,235,115,657,0,0,0,1,4
2136,257,37,97,149,1538,184,247,118,1377,0,0,0,1,3
2430,151,42,346,-2,217,237,196,141,385,0,0,0,1,4
2305,69,32,282,207,842,214,207,143,796,0,0,0,1,3
2242,357,27,555,37,978,194,208,184,829,0,1,0,0,4
3261,266,20,45,31,235,242,211,136,1707,0,0,0,0,6
2177,286,39,33,-60,498,253,148,109,332,1,0,0,1,3
2377,58,36,73,3,778,238,215,95,2181,0,0,0,0,6
2686,75,16,501,-3,1138,222,184,199,1952,1,0,1,0,2
3417,211,16,55,98,2083,186,245,191,2794,1,0,1,0,2
2822,114,16,66,19,2048,240,194,72,2506,0,0,0,0,1
2671,67,17,51,-3,139,248,215,114,1184,1,0,0,0,1
2834,44,14,125,32,203,253,211,111,1154,1,0,1,0,2
2727,78,34,101,5,1298,229,186,132,3573,0,0,1,0,2
2202,266,12,186,22,1009,248,244,152,1342,0,0,0,1,3
2984,152,12,105,10,2077,231,221,183,2385,1,0,1,0,7
2914,111,18,22,-37,2463,254,214,35,2036,1,0,0,1,7
2192,350,29,63,74,699,199,231,191,548,0,1,0,1,4
2484,4,14,255,-14,1286,158,132,105,811,0,0,0,1,6
2355,41,11,79,-10,547,248,221,48,2703,1,0,0,0,2
2531,38,23,75,6,1644,224,210,105,1194,0,0,0,1,5
2020,324,10,40,-1,711,229,204,135,1656,0,0,0,1,6
3102,151,27,310,-3,816,248,188,97,829,1,1,0,0,5
2840,115,25,145,6,1630,252,196,113,2360,1,0,1,0,2
3157,359,11,82,2,3976,216,219,117,852,0,0,1,0,7
2007,42,17,188,36,2176,219,221,141,707,0,0,0,0,5
2933,240,11,289,28,1961,232,230,188,960,1,0,1,0,2
3342,53,18,62,5,819,202,224,180,1613,0,1,1,0,1
2154,344,14,136,118,2867,191,238,189,851,1,0,0,1,6
2599,44,36,47,54,292,242,231,91,1709,0,0,0,1,4
2128,90,13,28,-8,1541,227,172,2,831,0,0,0,1,4
3444,251,19,249,4,1868,142,214,127,2156,0,0,1,0,2
2156,105,24,161,23,285,251,207,80,789,1,0,0,1,3
2205,122,19,21,0,507,246,216,47,2368,0,0,0,1,4
2584,132,19,227,24,3809,192,237,149,920,0,0,0,0,3
3078,129,9,468,96,1342,244,212,137,4535,1,0,0,0,2
3128,174,18,44,53,861,223,221,174,2142,0,0,1,0,7
3056,137,8,103,6,2299,254,192,119,1773,1,0,0,0,5
2514,36,19,51,-13,1125,194,237,213,561,0,0,0,1,2
2417,67,7,5,-5,585,252,161,58,1836,0,0,0,1,6
2369,231,10,137,33,1709,215,227,158,1046,0,0,0,1,4
2718,149,11,274,28,763,234,242,185,3728,0,0,1,0,2
2408,2,25,17,-8,1086,238,192,96,1295,0,0,0,0,5
2031,293,23,3,49,1134,229,241,199,1496,0,0,0,1,3
2506,79,10,112,-9,1005,253,220,108,1416,0,0,0,1,4
3232,23,31,366,35,670,172,244,145,2607,0,0,1,0,2
2516,140,30,155,-8,451,253,203,123,2168,0,0,0,1,4
2955,91,10,62,53,2255,187,218,192,2161,0,0,0,0,3
3025,121,13,30,31,412,248,229,111,5594,0,0,1,0,1
2352,341,21,31,-12,918,243,200,110,1250,1,0,0,1,6
3360,109,9,37,115,2180,217,212,171,1948,0,0,1,0,7
2165,156,22,31,25,165,220,184,149,876,0,0,0,1,4
2414,5,14,327,43,200,243,189,72,1555,1,0,0,0,2
2637,221,36,122,33,137,231,216,111,880,1,0,1,0,5
2521,10,10,65,-4,877,242,203,68,3316,0,0,0,1,5
2191,301,20,15,23,1428,229,219,240,972,1,0,0,1,4
2482,339,18,300,107,1608,236,194,160,4387,1,0,0,0,2
2298,53,24,14,2,1357,246,168,162,903,1,0,0,1,4
2239,48,7,282,17,896,168,205,65,1296,0,0,0,1,4
1987,37,8,115,1,255,237,217,57,754,0,0,0,1,6
2201,221,24,1064,0,385,246,221,109,671,0,0,0,1,3
2882,152,25,141,18,1255,228,162,77,4013,1,0,0,1,2
2702,26,16,41,21,1246,207,187,121,3600,0,0,0,1,4
2099,56,16,161,13,410,225,218,152,2476,0,0,0,1,6
2946,19,9,52,9,1787,252,212,145,2295,0,0,1,0,5
2459,36,29,109,-4,1316,242,205,163,1188,1,0,0,1,4
2190,55,13,229,2,611,196,207,174,1502,0,0,0,1,4
2373,16,18,160,-3,1692,170,224,161,981,0,0,0,1,3
2396,269,36,353,29,1533,220,199,150,1369,0,0,0,0,3
2118,341,10,351,140,742,210,215,198,1035,0,0,0,1,6
2668,85,7,26,-14,1128,246,228,62,519,0,0,1,0,1
2098,323,10,68,101,423,151,187,169,2767,0,0,0,1,6
2471,176,16,8,-12,4503,167,251,155,1332,0,0,1,0,1
2194,307,38,361,-5,820,187,239,192,752,0,0,0,1,3
2824,79,15,799,56,553,246,218,201,423,0,0,1,0,2
2776,126,12,134,13,1713,245,221,29,3970,1,0,0,1,4
2921,285,12,527,66,5287,212,225,172,1574,1,0,1,0,5
2113,57,21,96,-1,1062,176,249,154,1253,0,1,0,1,3
2462,108,45,16,99,658,243,179,130,2296,0,0,0,0,3
2894,71,10,181,25,1083,239,246,136,1071,1,0,1,0,3
2736,66,15,9,19,641,243,207,160,1953,1,1,0,0,7
2531,316,16,75,100,2004,197,230,196,1892,0,0,1,0,7
2670,330,9,906,183,2714,199,227,164,2598,1,0,1,0,2
2350,159,18,73,-12,1554,246,241,145,974,0,0,0,1,5
2232,77,30,417,40,574,208,204,172,1003,1,1,0,1,6
2546,87,12,268,18,2024,222,221,162,1116,0,0,1,0,6
2571,25,34,19,-7,1691,233,207,157,4018,0,0,1,0,5
2227,29,30,93,40,592,244,214,133,1048,1,0,0,1,4
2416,104,13,26,17,1214,247,217,145,1653,1,0,0,0,2
2059,75,22,332,1,820,198,143,116,2142,1,0,0,1,4
3239,196,5,8,41,4464,186,221,93,4097,0,0,1,0,1
1914,151,21,197,-12,652,200,245,176,578,0,0,0,1,3
2316,135,24,222,162,824,244,221,148,1619,0,0,0,1,6
2606,24,15,292,49,2341,251,212,165,3197,1,0,0,0,7
3445,85,12,79,87,2337,226,219,78,697,0,0,1,0,7
2242,157,23,662,-12,1205,252,219,129,793,0,0,1,0,1
2022,231,27,85,10,1201,234,221,131,3389,0,0,0,1,4
3252,160,12,186,3,1150,232,204,210,2177,1,0,1,0,2
2861,34,13,686,67,4033,218,208,127,1418,1,0,1,0,2
2230,80,22,346,2,1576,179,160,35,1789,1,0,0,1,5
3387,105,8,730,21,1709,231,212,95,2161,1,0,1,0,2
2184,66,31,360,118,1417,238,196,103,552,1,0,0,1,6
2039,185,15,974,55,259,214,174,129,2441,0,0,0,1,3
2309,53,27,205,36,487,250,147,29,5835,1,0,0,1,4
3303,149,5,202,26,4060,206,229,143,2098,0,0,1,0,2
3465,213,11,401,11,3575,178,212,166,919,1,0,1,0,7
2888,107,37,214,22,672,253,242,94,2395,1,0,1,0,5
2736,209,13,415,16,968,223,233,150,1522,0,0,1,0,7
2077,282,32,11,-7,555,241,179,80,1032,0,0,0,1,6
2239,55,19,298,10,1238,253,182,100,806,1,0,0,1,6
2854,63,26,2,4,1764,226,213,95,1888,1,0,0,0,5
2755,55,32,5,10,2449,188,204,125,1236,0,1,1,0,7
2697,314,22,53,150,654,211,229,218,1144,0,0,0,1,6
2350,71,12,75,-1,1477,253,214,64,906,1,0,0,1,2
2388,131,11,161,1,1190,251,223,77,1727,1,0,0,1,4
3152,44,11,184,68,1669,197,218,153,2666,0,0,1,0,2
2768,40,12,77,66,1242,229,232,128,3656,1,0,1,0,7
3217,30,9,131,-5,1602,239,234,156,3628,1,0,1,0,7
2188,33,14,16,-7,1057,249,157,51,379,0,0,0,1,3
2272,295,44,165,6,3524,233,211,115,805,1,0,0,1,3
3181,43,13,479,18,2978,236,229,179,439,0,1,1,0,7
3095,37,5,3,10,1638,249,236,22,1830,1,0,0,1,4
3025,22,18,52,62,1032,242,197,92,2705,1,0,1,0,5
2267,133,15,81,40,498,244,210,36,487,0,0,0,1,4
2194,173,25,218,27,1093,193,175,193,896,0,1,0,1,3
2174,224,19,263,279,131,177,186,159,876,0,0,0,1,3
2188,172,33,386,0,254,244,169,157,552,0,0,0,1,3
3647,261,11,388,46,332,241,226,183,1655,0,0,0,0,3
2535,101,34,285,1,1202,253,188,105,690,0,0,0,1,5
2212,49,7,404,67,1065,241,224,88,413,1,0,0,1,6
3200,291,7,478,275,3908,222,237,203,752,1,0,1,0,7
2423,114,2,164,-12,1149,219,232,154,2981,0,0,0,1,4
2830,39,14,102,28,2182,252,199,78,1142,0,1,0,1,4
2612,109,18,608,51,2082,233,220,82,1092,1,0,1,0,2
2535,24,17,192,7,2219,243,207,37,1781,0,0,0,0,5
2695,24,6,6,24,380,252,222,96,1952,1,0,0,0,2
2980,90,12,189,-3,4090,192,222,155,665,0,0,1,0,2
2463,335,25,378,54,442,241,185,79,1670,0,0,0,1,3
1992,79,16,88,-2,523,242,154,108,727,0,0,0,1,4
2990,47,27,184,-2,520,249,220,94,862,1,0,0,0,2
2149,197,18,72,18,650,230,141,112,396,0,0,0,1,3
2451,89,45,174,85,789,234,162,180,2426,0,0,0,1,5
3460,63,29,182,4,996,253,215,109,2092,1,0,0,0,5
2146,36,21,71,63,1377,222,242,133,162,0,0,0,1,6
1999,316,13,45,-14,660,248,249,215,698,0,1,0,1,3
2011,348,15,77,30,584,169,210,162,521,0,0,0,1,3
2701,187,11,59,83,1571,192,241,172,861,0,0,0,1,3
2231,95,8,280,28,869,242,253,136,1054,0,0,0,1,3
2216,73,21,162,-8,769,238,226,79,1612,0,1,0,1,4
2020,200,23,226,161,365,240,230,132,2760,0,0,0,1,3
2618,119,14,314,27,1292,225,244,72,1370,1,0,1,0,1
2205,10,28,219,-8,1163,174,237,172,219,0,0,0,1,3
2175,180,38,409,94,1615,204,212,96,621,1,0,0,1,3
2896,179,20,490,76,1429,226,213,144,1958,0,0,0,1,4
3422,52,10,443,9,1449,233,226,130,1599,1,0,1,0,2
2956,190,5,314,24,1072,186,230,214,2883,0,0,1,0,7
2697,115,18,15,-4,1349,240,214,127,1013,0,1,1,0,1
2602,182,17,24,53,1159,218,206,129,1318,0,0,1,0,5
3272,43,8,87,1,740,243,182,60,834,1,1,1,0,4
3416,3,3,74,15,2205,234,240,138,639,0,0,1,0,2
2261,148,31,31,15,981,222,155,167,712,0,0,0,1,4
2088,34,19,31,-26,691,251,238,36,703,0,0,0,1,4
2143,303,9,242,59,70,235,218,144,1346,0,0,0,1,6
3328,47,11,14,140,952,249,225,91,2095,0,0,1,0,2
3179,96,12,142,-5,471,227,221,88,2777,0,0,1,0,2
3339,341,15,1141,44,1565,221,210,193,5885,0,0,1,0,2
2938,73,18,164,2,649,252,156,101,2722,1,0,0,0,5
1929,159,28,134,25,1782,204,246,91,842,0,0,0,1,3
2106,69,8,305,16,484,222,225,188,799,0,0,0,1,4
2114,143,5,395,-8,1304,210,233,173,1831,0,0,1,0,5
2125,228,26,219,-2,753,212,177,228,1025,0,0,0,1,6
2887,291,12,106,36,992,245,227,139,6085,0,0,1,0,2
2343,199,24,53,49,779,250,215,74,1229,1,0,0,1,2
2385,307,29,58,50,1036,209,213,181,1888,0,0,0,1,6
2456,50,17,42,-11,1902,245,221,156,4890,0,0,1,0,2
2117,111,5,39,8,1066,250,226,184,4150,1,0,0,1,6
2808,126,10,34,7,1542,247,227,29,1163,1,0,0,0,4
2146,109,15,41,35,1541,249,222,120,3471,1,0,0,1,5
2992,20,17,786,27,690,233,242,145,816,0,0,1,0,7
2477,61,20,607,91,182,235,203,173,2211,0,0,0,1,3
2188,74,16,60,-1,1361,245,209,94,948,0,0,0,1,6
2902,37,5,193,76,1238,247,236,68,1786,1,0,1,0,2
2783,40,22,191,-13,2474,235,226,161,2237,0,0,1,0,2
2134,64,18,15,-9,1322,228,231,112,897,0,0,0,1,3
2786,140,14,401,1,3373,239,243,136,5051,0,0,1,0,5
2518,147,4,155,-9,956,246,234,81,1287,0,0,0,1,4
2980,345,12,199,-5,2471,183,203,140,1748,0,0,1,0,1
2628,194,17,182,-10,2134,241,214,116,1361,0,0,1,0,5
2800,164,16,245,226,906,207,214,212,2105,0,0,1,0,6
2814,57,13,305,-11,1662,209,223,152,2181,0,0,1,0,2
2480,19,15,164,87,1897,166,251,172,1921,0,0,0,0,6
2981,1,30,37,39,738,229,249,91,1750,0,0,0,1,5
2863,190,14,373,42,1090,237,246,142,2290,0,0,1,0,7
2939,215,38,201,96,573,240,209,109,3092,1,0,0,0,5
2192,331,7,293,115,1050,200,235,225,1484,0,0,0,1,6
2130,39,18,133,-2,758,239,239,128,3054,0,0,0,0,1
2422,51,14,484,18,1113,237,183,90,3312,1,0,1,0,5
2581,112,13,37,167,1570,246,214,114,3153,1,0,0,1,2
2522,117,10,188,11,654,228,243,81,1458,1,0,0,1,5
2586,82,29,200,16,1675,226,180,121,1437,1,0,0,0,2
2159,290,32,97,95,419,180,206,145,1177,0,0,0,1,6
2285,70,33,84,6,1426,221,243,47,3880,1,0,0,1,3
2411,280,4,122,38,915,190,235,236,2474,0,0,1,0,6
2139,273,29,243,45,340,225,196,141,2037,0,0,0,1,6
2411,54,26,171,-5,411,252,201,128,971,0,0,0,1,7
3375,31,12,468,92,4188,215,213,191,3393,0,0,1,0,2
2665,29,15,1068,19,803,197,245,215,3383,1,0,1,0,2
2213,306,19,407,0,1096,226,204,169,1587,0,0,0,1,3
2698,88,36,114,-6,231,251,200,147,1779,0,0,0,1,2
2679,47,22,517,94,353,230,208,24,3054,0,0,0,0,5
2109,90,39,359,-24,1044,230,210,72,445,0,1,0,1,3
2019,329,7,222,95,682,194,167,207,1424,0,0,0,1,3
3315,27,16,84,-6,2659,253,155,25,1925,1,1,0,0,5
2830,68,7,11,1,807,252,239,69,1038,0,0,0,0,3
2747,160,26,427,-21,1456,210,190,203,1177,0,0,0,1,6
2442,103,9,45,-4,896,238,235,107,1823,0,0,0,0,6
3188,44,10,330,149,2632,215,174,146,2127,0,0,1,0,1
2024,178,37,18,11,308,201,253,165,1610,0,0,0,1,4
2545,112,5,180,-5,486,252,214,44,919,0,0,0,1,4
2794,321,13,50,8,3776,235,203,131,2040,0,0,1,0,1
2253,17,32,118,-11,271,242,193,104,1874,0,0,0,1,5
2445,53,18,202,26,798,188,247,228,1909,0,0,0,1,3
2321,115,11,185,45,1124,240,214,186,1234,0,0,1,0,2
2146,50,23,21,11,672,251,244,119,977,0,0,0,1,5
2512,279,8,256,5,1387,185,245,186,2108,0,1,0,1,3
2172,64,23,67,1,215,243,227,148,1700,0,0,0,1,6
2158,160,19,109,171,1058,250,212,108,1814,0,0,0,1,3
2086,77,28,70,7,416,196,184,101,825,0,0,0,1,4
2258,43,27,13,-1,1226,230,206,171,871,1,0,0,1,4
3562,26,4,171,-14,2784,241,212,63,1507,0,0,0,0,2
2596,47,31,185,66,732,250,179,62,1470,0,0,0,1,3
3113,23,30,234,15,3007,234,217,88,2261,0,0,0,0,2
2914,63,34,130,23,199,248,160,122,2880,0,0,0,1,6
2679,164,24,124,4,2203,226,243,144,513,0,0,1,0,7
2023,34,23,260,-26,401,206,200,182,828,0,0,0,1,4
2683,46,10,20,-4,1504,223,217,143,2145,1,0,1,0,2
3467,40,15,423,42,1011,121,209,187,2462,0,0,1,0,1
2391,299,13,73,19,2152,223,230,117,1729,0,0,0,1,7
2468,253,27,235,147,1052,247,156,145,1003,0,0,0,0,3
3187,125,9,306,-7,1955,230,252,88,6054,1,0,1,0,1
2079,58,14,21,28,1441,171,206,102,223,0,0,0,1,3
2288,64,22,120,32,809,250,195,37,1453,1,0,0,1,4
2887,55,14,23,-10,693,182,249,196,3585,0,1,1,0,1
2987,259,15,1141,39,2462,220,225,149,408,1,0,1,0,7
2655,96,17,116,4,1005,245,224,47,2534,0,0,0,1,7
3185,45,12,229,38,1904,235,217,141,4270,1,0,1,0,1
2260,300,18,141,-11,570,237,221,141,2472,0,0,0,1,6
2153,166,26,528,55,1363,209,244,202,2020,0,0,1,0,1
2170,152,37,23,85,591,212,215,92,874,0,0,0,1,4
2652,85,30,63,60,2372,218,149,108,1107,1,0,1,0,1
2129,63,14,217,-9,598,241,194,66,816,1,0,0,1,4
2308,329,17,51,-4,558,223,170,105,441,0,1,0,1,6
2963,263,21,504,18,4203,200,250,158,1617,0,0,1,0,7
2121,47,6,11,4,1661,244,227,121,2451,1,0,0,1,4
2199,84,24,18,15,732,220,232,107,952,1,0,0,1,4
2900,36,7,121,74,1131,231,215,112,3596,1,0,0,0,2
3005,13,5,81,38,356,235,220,125,1216,0,0,0,0,5
2514,336,11,941,33,2697,253,232,185,1602,0,0,1,0,1
2874,170,11,167,50,1532,167,216,157,828,0,0,1,0,6
2607,303,10,139,6,341,190,223,164,2416,1,0,0,0,2
2280,59,16,356,0,1268,249,167,123,1040,1,0,0,1,4
2890,56,12,109,6,3151,248,231,146,2420,0,1,1,0,5
2197,159,22,44,132,904,233,244,216,2376,0,0,0,1,3
2676,329,21,340,107,3073,223,220,183,3109,1,0,1,0,6
2319,69,18,57,40,383,236,254,112,1093,0,0,0,1,3
2230,126,16,218,-9,1166,229,196,161,991,0,0,0,0,5
3286,195,19,398,63,4009,213,248,162,4379,0,0,1,0,7
3211,61,4,48,3,1346,228,222,220,3169,0,0,1,0,2
2043,67,15,37,-8,955,251,206,82,1034,0,0,0,0,6
2262,58,14,266,11,451,213,144,193,644,0,1,0,1,3
3147,38,16,608,19,1208,239,219,116,3000,0,0,1,0,2
3016,44,26,385,38,1449,249,185,64,3100,1,0,0,0,2
2869,51,10,217,-3,581,231,192,86,3564,1,1,0,1,1
3090,37,16,47,127,457,226,210,74,1438,0,0,1,0,2
2540,91,31,83,5,553,233,150,61,1577,1,1,0,1,4
3263,47,14,44,2,1807,224,211,139,2391,1,0,1,0,2
2118,94,14,428,-7,1483,237,238,174,486,0,0,0,1,4
2597,199,18,14,20,712,246,172,170,673,0,0,0,1,3
2212,54,31,5,0,2158,242,207,50,3197,1,0,0,1,4
2145,314,20,340,31,394,207,221,144,605,1,0,0,1,4
2600,169,10,140,11,827,246,206,59,646,0,0,0,0,5
2605,171,28,312,58,3626,240,246,138,2157,0,0,1,0,1
2846,92,5,283,179,1512,218,223,152,739,0,0,0,1,3
3203,219,7,138,24,4653,216,245,205,1591,0,0,1,0,2
2525,238,23,55,52,1182,208,248,179,669,0,0,1,0,7
2248,134,24,177,80,674,227,223,127,2939,0,0,0,1,4
3477,19,13,192,55,4094,239,211,134,842,1,0,1,0,1
2770,49,19,674,-5,2235,147,238,215,776,0,0,0,1,6
2242,189,14,37,-10,526,239,233,83,575,0,1,0,1,7
3180,21,9,212,66,918,231,199,132,1489,1,0,1,0,2
2080,48,43,198,68,353,219,234,103,1336,0,0,0,1,6
2767,44,16,101,6,902,244,207,138,973,1,0,0,0,5
2455,82,32,256,0,1722,237,226,133,1628,0,1,0,1,4
2420,103,34,45,28,1176,246,200,163,1968,1,0,0,1,6
2047,341,11,210,-66,1531,209,222,193,1352,0,0,0,0,3
3373,314,11,467,74,1189,192,232,207,2217,0,0,1,0,1
3320,143,20,91,73,1319,226,215,159,2105,0,0,1,0,7
2574,331,35,277,-3,1388,239,242,116,701,0,0,0,1,3
2834,50,13,6,0,2232,237,202,125,1694,0,0,0,0,5
2841,98,29,62,81,228,248,209,99,515,1,0,0,1,4
3057,90,9,36,10,2047,252,197,39,3476,0,0,0,0,5
2984,3,16,386,134,1006,239,198,142,1880,1,0,1,0,2
2146,146,32,100,-4,435,188,221,89,2694,1,0,0,1,4
2514,123,12,268,125,1483,249,186,77,1915,0,0,0,0,3
3246,82,13,640,8,157,231,227,130,1643,0,0,1,0,5
2365,59,45,357,3,1128,164,136,90,1241,0,0,0,1,3
2534,227,24,94,3,227,152,234,206,2774,0,0,0,0,6
2155,317,13,273,-2,926,206,241,218,1056,0,0,0,0,6
2829,349,14,84,-1,1363,220,210,153,4602,1,0,1,0,1
2748,112,26,70,-6,1412,244,172,10,1162,1,1,1,0,7
2060,311,16,107,138,1566,232,201,170,889,0,0,0,1,3
2939,83,13,66,37,1011,236,228,112,3105,1,1,1,0,2
2236,39,21,304,58,1826,249,200,123,791,0,0,0,1,3
2955,37,28,123,6,4284,228,212,75,1892,0,0,1,0,2
2030,147,21,437,26,828,242,196,122,676,0,0,0,1,4
3423,230,18,203,81,6476,213,251,155,1837,0,1,1,0,7
2638,78,12,14,3,707,252,216,77,662,1,0,0,1,4
2032,64,25,190,3,51,250,221,78,2311,1,0,0,1,4
2356,201,4,34,6,808,226,243,136,2642,0,0,1,0,1
2792,66,14,39,99,410,245,244,60,1111,0,0,0,0,5
2225,85,5,11,92,1197,247,205,145,1341,1,0,0,1,3
2813,301,38,780,7,2631,152,204,194,2840,1,0,0,1,6
2227,28,27,127,98,706,202,241,156,672,0,0,0,1,4
2730,4,17,76,-11,299,239,233,90,2773,0,0,0,1,4
2676,201,13,79,4,1243,239,210,134,1544,1,1,1,0,2
2251,147,14,38,62,622,229,235,139,2677,0,0,0,1,5
2814,39,18,29,-18,261,220,228,155,987,0,0,0,1,3
3415,265,9,159,63,4960,188,247,172,1413,0,0,1,0,1
2371,205,5,308,126,203,215,217,175,703,0,1,0,1,3
2191,187,12,138,28,555,251,234,187,1340,0,0,0,1,4
2068,233,22,113,16,703,237,242,71,1457,0,0,0,1,3
2550,184,35,89,6,151,210,248,75,2534,0,0,1,1,3
2248,27,25,267,-6,246,227,215,186,1246,0,0,0,1,6
2847,39,21,100,210,647,212,213,126,2078,1,0,1,0,6
2127,235,41,348,23,1288,243,245,105,399,0,0,0,1,3
2427,159,39,102,1,267,234,179,59,2329,1,0,0,1,5
2137,339,22,274,1,2017,190,222,116,854,0,0,0,1,6
2021,124,10,5,74,861,197,236,72,769,0,0,0,1,4
2846,11,6,16,6,4429,181,198,171,1809,1,0,1,0,7
2823,149,15,350,14,722,250,226,69,1617,0,0,0,1,5
2687,83,7,253,-15,281,251,245,58,646,0,0,0,0,2
3368,9,15,709,24,866,239,213,177,3106,1,0,0,1,6
2146,93,29,186,223,116,237,226,81,928,0,1,0,1,3
3133,41,14,358,41,2174,176,219,137,3306,1,0,1,0,2
3594,9,27,515,11,3867,234,243,141,2602,1,0,1,0,7
2721,117,22,18,-8,1500,227,219,12,1075,1,0,0,1,5
3170,48,13,178,72,2353,213,142,94,3147,1,0,1,0,2
1985,92,15,7,10,411,233,202,112,1072,1,0,0,1,5
2807,119,17,53,-3,1022,252,202,101,3344,1,1,1,0,7
2106,99,15,215,89,1091,224,244,135,1299,0,0,0,1,4
2637,322,8,38,55,1123,241,252,140,2988,0,0,1,0,2
3402,84,14,363,-2,1080,223,245,190,4148,1,0,1,0,1
2798,142,45,186,126,630,236,182,110,813,0,1,0,0,5
2167,168,20,715,177,575,247,196,139,794,1,0,0,1,4
2127,158,39,99,22,744,243,147,87,2435,0,0,0,1,3
2208,54,32,224,23,620,251,157,36,1389,0,0,0,1,3
2755,126,15,141,42,553,219,248,90,3682,0,0,1,0,5
2677,77,25,846,51,1012,222,217,130,1509,0,0,1,0,5
2617,214,16,285,2,1464,244,230,28,2214,1,0,0,1,4
2767,147,9,415,-13,1114,209,248,205,1214,1,0,1,0,5
3100,153,3,288,-3,641,191,223,192,685,0,0,1,0,6
2978,235,11,86,60,4687,174,253,204,675,0,0,1,0,1
2695,192,13,434,18,1019,212,227,128,2274,0,0,1,0,7
2165,345,26,197,8,1698,226,200,192,1202,0,0,0,1,4
2716,129,19,631,15,123,249,237,181,2402,0,0,0,1,6
3208,23,14,74,90,4617,220,216,116,2888,1,0,1,0,2
2885,95,27,33,7,1377,214,211,68,3342,1,0,0,0,6
3044,86,13,43,-25,704,246,189,99,5704,0,0,0,1,5
2581,327,14,34,20,1446,233,226,164,1580,0,0,1,0,2
2823,132,27,59,20,794,202,193,121,2033,1,0,0,1,4
2395,80,14,2,-12,730,243,216,177,528,1,0,0,1,4
2453,58,25,74,27,1053,199,226,166,965,0,0,0,1,2
2596,132,16,702,0,763,218,217,100,2110,0,0,0,0,7
3339,92,4,310,44,4596,234,214,199,3538,0,0,1,0,7
2458,26,26,4,11,858,228,227,126,1111,0,0,0,1,4
2288,127,20,133,88,39,176,244,197,1586,0,0,0,1,3
2349,44,37,7,107,649,236,203,114,2520,0,0,0,1,6
2130,49,39,100,3,422,238,182,129,206,0,0,0,1,1
2668,100,21,282,46,923,249,156,66,727,0,0,0,1,5
2313,64,14,96,-4,2618,245,212,159,1478,0,0,0,0,6
2565,156,14,213,-14,699,254,202,53,2813,0,0,0,0,6
3369,111,4,485,58,1263,233,157,183,1058,1,0,1,0,2
3372,36,26,117,31,4422,231,227,68,2990,1,0,1,0,1
3540,272,14,271,29,1250,222,246,153,3717,0,0,1,0,7
2796,354,42,118,249,933,149,209,180,3091,0,0,0,0,6
2247,336,23,32,4,2430,223,200,73,538,0,0,0,1,4
2402,52,12,10,-6,1353,249,190,48,1067,1,0,0,1,4
3388,307,8,425,10,2042,148,205,162,1473,0,0,1,0,7
2834,142,23,64,40,200,251,210,85,1948,0,0,0,1,5
2675,41,13,30,-6,1729,209,209,163,4717,1,0,1,0,5
2158,296,11,349,3,958,243,225,77,3050,0,0,0,1,4
2398,10,34,45,32,211,185,168,100,993,0,0,0,1,3
3215,4,8,74,8,1235,222,218,115,4708,1,0,0,0,6
2673,58,8,23,12,1058,217,215,160,1779,0,0,0,0,4
2333,68,20,204,4,721,252,194,48,942,0,0,0,0,5
2825,22,8,183,32,1154,238,239,117,2282,0,0,0,0,2
2568,84,15,234,6,1091,190,198,22,1846,1,0,1,0,6
2535,273,18,156,38,412,227,216,209,1002,0,0,0,1,4
3476,47,12,7,-3,967,225,161,179,4158,1,0,1,0,5
2514,261,6,794,200,236,236,241,200,1015,0,0,1,0,7
2950,217,10,20,191,2159,224,249,128,709,0,0,1,0,2
2347,315,16,18,1,1680,233,234,237,1035,0,0,0,1,4
3163,23,15,150,6,275,225,213,21,1340,1,0,0,1,5
2617,43,10,338,-6,384,190,210,209,1576,0,0,0,0,2
2059,52,14,146,35,1048,160,210,116,486,0,0,0,1,6
2297,52,21,634,0,1447,192,217,60,1056,1,0,0,1,6
3025,160,15,81,-6,1358,229,241,230,1445,0,0,1,0,7
2224,315,16,214,132,962,218,184,148,2748,1,0,0,1,4
2262,77,18,5,-3,1032,249,165,41,775,0,0,0,1,4
2553,137,25,34,-11,1289,241,213,7,2091,1,0,0,1,4
2294,146,6,140,6,1711,247,225,148,1661,0,0,0,1,3
2048,259,6,145,12,674,247,252,191,715,0,1,1,0,3
3172,56,16,230,5,445,243,199,128,1615,1,0,0,0,2
2542,73,10,89,109,1679,198,219,74,1326,0,0,0,1,6
2267,110,18,125,102,151,212,211,131,330,0,0,0,1,4
2915,54,10,277,-2,945,237,160,57,2358,0,0,1,0,2
2270,88,9,137,27,1670,182,245,142,613,0,0,0,1,3
3249,249,7,50,-3,1056,235,237,148,1007,0,0,1,0,7
2930,59,6,128,12,478,249,238,136,2822,0,0,0,1,5
2542,115,40,29,115,1359,222,204,155,710,0,0,0,1,3
2417,113,24,109,1,1314,244,202,104,1686,1,0,0,1,4
2133,297,24,107,57,1038,224,160,177,1023,0,1,0,1,3
2127,43,26,354,20,1040,220,242,151,1064,0,0,0,1,3
2105,262,11,395,116,91,225,206,118,4850,0,0,0,1,3
2938,46,27,61,8,1015,249,200,161,1252,1,0,0,0,5
3431,12,17,7,2,1852,225,207,56,3096,1,0,1,0,5
2506,81,26,176,-5,519,175,201,159,443,0,0,0,1,3
2833,170,10,191,-8,3195,250,216,17,791,0,1,0,1,5
3467,33,13,68,26,2106,175,244,140,2344,0,0,1,0,7
2910,142,15,105,-2,525,244,208,169,1802,1,0,1,0,5
2031,316,14,267,13,311,222,191,86,774,0,0,0,1,3
2635,277,43,439,109,288,250,157,166,1371,0,0,0,1,3
2327,65,14,200,-4,352,245,215,99,2648,0,0,0,1,4
2845,88,14,145,-1,1072,241,228,138,2805,1,0,1,0,7
2031,54,34,154,3,860,247,151,101,2104,0,0,0,1,4
2986,53,8,9,45,1999,235,212,142,4459,1,0,1,0,2
2085,59,22,16,32,235,228,243,147,505,0,0,0,1,3
3074,284,11,203,-23,690,227,237,135,1913,0,0,1,0,3
2588,68,12,30,8,1251,245,163,107,3202,0,0,0,0,2
1980,114,20,291,8,2013,253,191,88,1529,0,0,0,1,6
3043,23,17,147,12,1436,252,209,112,2554,1,0,0,0,7
2328,53,38,22,-4,1236,248,221,174,351,0,0,0,1,3
2925,84,8,892,36,5080,197,224,156,2320,1,0,1,0,1
2277,331,29,195,31,1956,203,161,220,1141,0,1,0,1,3
2794,41,15,96,-10,483,247,224,35,1480,1,0,0,0,2
2250,31,14,456,9,374,218,254,105,3444,1,0,0,1,4
2325,165,20,91,6,414,174,226,195,1195,0,0,0,1,3
2162,250,27,638,10,1113,206,134,234,846,0,0,0,1,3
2300,106,7,100,-3,1466,249,221,137,878,0,0,0,1,4
2610,24,14,32,-6,1180,240,218,113,1649,1,1,0,0,5
2182,57,15,230,1,2051,231,222,166,748,0,0,0,0,6
2357,50,15,10,134,1045,246,212,134,1929,1,0,0,1,4
2043,323,37,14,30,548,233,228,201,891,0,0,0,1,6
2430,161,42,165,97,584,251,225,91,617,1,0,0,1,4
2280,232,11,928,65,1098,203,230,138,687,0,0,1,0,5
2773,62,4,222,-6,2501,214,223,109,4214,1,0,1,0,5
2934,12,6,777,-3,1124,246,219,136,2050,1,0,1,0,2
2007,14,19,274,-9,1029,245,159,106,1447,0,1,0,1,1
2279,250,14,144,60,1538,254,241,154,2223,1,1,0,1,4
2180,157,10,306,112,1098,195,245,151,674,0,0,0,1,3
2273,256,21,84,34,1301,235,239,207,665,0,0,0,1,3
2590,209,19,372,6,3331,217,234,176,1409,0,0,1,0,5
3179,98,12,367,113,1379,236,228,166,871,1,0,1,0,1
2210,307,14,337,33,800,222,200,150,730,0,0,0,1,3
2167,129,19,6,-10,2426,251,207,92,1162,1,1,0,0,5
2691,117,14,68,7,2520,252,208,98,1209,0,0,0,0,2
3339,93,13,106,-5,4053,225,239,132,2558,1,0,1,0,2
2198,156,5,363,105,949,198,223,201,1082,0,1,0,1,3
2523,245,17,163,22,117,214,206,155,1000,0,0,0,0,2
2247,314,6,12,29,608,244,246,145,2170,0,0,0,1,6
2437,52,17,192,116,1601,214,228,83,677,1,0,0,1,5
3379,93,14,911,41,2198,240,206,23,2018,1,0,1,0,2
3399,85,16,378,0,4508,183,230,137,1383,0,0,1,0,7
3052,36,10,188,39,3721,223,229,136,3163,1,0,1,0,3
2569,48,23,501,-2,1982,228,232,68,1616,0,1,0,1,4
2218,70,8,138,86,327,225,155,130,530,0,0,0,1,3
2134,46,28,32,24,1621,239,222,114,1419,0,0,0,1,4
3265,42,13,385,14,1860,237,225,91,1740,1,0,1,0,5
2644,31,12,112,-4,452,249,225,79,1055,0,1,0,0,2
2262,321,18,267,4,976,239,192,70,1405,1,0,0,0,2
2121,40,24,2,58,656,247,229,190,641,1,0,0,1,3
1989,329,25,214,78,74,172,211,150,786,0,0,0,1,6
2481,188,32,88,24,750,246,237,129,383,0,0,0,1,3
2782,176,39,541,21,445,249,219,101,1807,0,0,0,1,3
2013,179,21,184,-4,1266,246,226,147,955,1,0,0,1,6
2676,95,1,58,68,562,254,235,131,2477,0,0,0,0,5
2939,5,8,12,90,458,164,194,144,1840,0,0,0,1,6
2472,191,17,487,94,490,242,238,80,409,0,0,0,1,3
2405,344,19,261,5,2748,205,221,210,2522,1,0,0,1,2
2957,119,10,278,-9,1101,209,219,193,1256,0,0,0,0,5
2891,163,18,134,28,1640,249,178,12,1233,0,0,0,1,5
3494,84,11,265,35,803,235,197,150,2009,1,1,1,0,7
3012,75,10,161,-9,887,231,217,112,2363,0,0,1,0,2
2173,29,10,132,-14,926,239,232,38,1048,0,0,0,1,4
3092,184,19,335,30,432,235,135,109,1768,1,0,0,1,5
3247,176,26,120,9,1508,217,169,182,1289,1,0,1,0,7
2672,169,19,127,4,801,235,238,36,1281,1,0,0,1,4
2173,89,31,218,27,899,235,214,74,879,0,0,0,1,4
3195,296,14,352,6,754,187,229,186,362,0,0,1,0,1
3463,38,20,176,21,4284,234,211,150,616,0,0,1,0,2
2529,180,20,4,3,389,233,199,34,2574,1,1,0,1,4
2961,25,3,75,22,5225,234,207,129,1594,1,0,1,0,2
2549,297,16,905,43,2071,232,252,159,2907,0,0,1,0,5
2384,108,33,392,7,605,243,175,75,742,0,0,0,1,3
3034,31,20,288,26,4011,236,223,178,3755,1,0,1,0,2
3277,22,12,368,71,1210,236,245,205,2408,1,0,0,0,5
2458,62,43,157,36,147,237,235,118,499,0,1,0,1,3
2050,64,17,9,1,1393,243,230,89,3025,0,0,0,1,4
2336,304,13,164,17,454,228,177,195,601,0,0,0,1,3
2626,36,32,156,-5,180,221,232,175,1533,0,0,0,1,6
2809,151,37,196,7,2030,231,201,102,3325,0,0,1,0,1
2294,15,19,161,40,1154,205,234,169,1570,1,1,0,1,6
2786,20,16,2,-2,629,246,224,125,1416,0,0,1,0,1
2229,234,12,361,16,2492,226,245,188,905,0,0,0,0,6
2939,318,11,415,2,2059,217,195,123,3791,1,0,1,0,2
2199,72,29,214,74,598,250,218,150,841,1,0,0,1,3
2774,112,9,52,-8,1284,251,211,38,1605,1,0,1,0,5
2082,98,16,148,-1,1285,242,233,104,1590,0,0,0,1,2
2254,68,18,38,115,654,233,201,71,523,1,0,0,1,4
2037,325,34,192,104,503,216,210,167,704,0,0,0,1,3
2168,91,22,106,2,1073,251,215,92,1652,0,1,0,1,4
2092,57,13,153,-10,1046,218,232,141,1773,0,0,0,1,4
3293,36,11,126,-11,637,234,221,196,5800,1,0,1,0,2
2575,330,22,368,29,1381,184,234,189,2118,0,0,1,0,5
2786,50,24,185,38,682,250,224,61,2832,0,0,1,0,5
3030,35,8,13,-6,2060,225,211,127,1812,1,0,1,0,2
3026,84,10,96,-3,2627,245,191,116,1497,1,0,0,1,4
2769,21,10,361,51,2159,252,241,145,776,0,0,1,0,5
2249,238,26,215,17,973,226,191,162,660,0,0,0,1,3
3177,174,17,357,144,4003,243,210,198,2604,1,0,1,0,1
1968,148,13,105,18,1231,242,231,146,569,0,0,0,0,5
2269,333,5,47,55,889,185,244,65,1384,0,0,0,1,6
2314,64,21,279,3,1139,248,199,98,1198,0,0,0,1,4
2744,199,6,892,2,2740,203,217,137,1068,1,0,1,0,2
2450,55,26,54,104,1458,249,169,27,1710,1,1,0,0,5
2213,56,24,127,103,610,234,227,48,3069,1,0,0,1,4
2103,167,42,141,97,1301,231,144,107,737,1,0,0,1,4
2719,20,4,683,-10,1555,173,211,176,2108,0,0,1,0,2
2782,89,10,225,40,1450,206,219,150,3152,1,0,1,0,2
2229,121,19,133,77,73,187,143,111,885,0,1,0,1,4
3279,178,13,132,79,2194,213,246,139,2284,1,0,1,0,7
2123,76,15,17,-13,409,230,245,131,1269,0,0,0,1,4
2448,273,11,852,56,1302,252,219,138,2100,0,1,0,1,6
2843,343,21,88,19,1115,236,189,45,2388,1,0,1,0,2
2096,39,28,118,-2,567,182,166,98,773,0,0,0,1,3
2488,15,5,62,-6,1518,246,215,194,4664,0,0,1,0,2
3065,229,7,324,5,4943,165,196,91,708,0,1,1,0,2
2076,194,42,272,8,174,231,244,125,632,0,0,0,1,3
3391,189,17,1079,85,4174,209,227,134,972,1,0,1,0,2
2045,280,11,137,26,1582,244,225,152,346,0,0,0,1,4
2525,165,14,328,26,552,240,230,157,684,0,0,1,0,4
2588,50,13,55,13,189,248,207,39,602,1,0,0,1,5
2095,19,15,30,5,214,182,238,126,815,0,0,0,1,4
2013,202,24,116,95,899,229,246,133,2718,0,1,0,1,4
2852,130,10,153,100,1298,250,236,130,1012,0,0,0,0,4
2707,307,5,373,-14,1123,196,220,176,870,0,0,1,0,7
3006,127,20,106,-3,1038,248,211,95,2884,1,0,0,0,2
2262,144,15,120,-1,3800,246,234,207,2146,0,0,0,0,2
2216,175,8,50,75,1617,251,251,168,1251,0,0,0,0,3
3065,94,27,247,-3,2923,235,233,114,1936,1,0,0,1,2
1956,29,14,44,4,1866,239,212,111,1824,1,0,0,1,5
3129,74,14,214,41,1807,243,198,23,2034,0,0,1,0,2
3398,46,9,74,-5,2157,218,227,199,1194,1,0,1,0,1
2265,61,32,175,18,121,240,171,150,1663,1,0,0,0,2
2229,94,17,251,-1,135,211,250,132,1084,0,0,0,1,4
2604,325,16,378,1,2001,175,234,126,1316,1,0,1,0,1
2382,124,25,285,40,298,233,219,189,1201,1,0,0,1,3
2090,136,29,13,63,3568,215,204,53,1063,0,0,0,1,4
2223,58,14,207,54,2375,244,204,27,514,1,0,0,1,4
2172,253,37,301,7,693,237,186,194,1122,0,0,0,1,3
2769,51,6,199,35,720,249,221,181,1245,0,0,0,0,5
2767,122,31,48,70,356,234,173,50,2226,0,0,0,1,6
3214,50,11,127,0,504,233,218,133,2776,0,0,1,0,2
3078,289,17,225,64,703,191,244,140,2766,0,0,0,1,3
2837,50,12,112,-10,478,243,175,188,1460,1,0,0,1,6
2245,332,8,245,71,1840,187,205,197,3108,1,0,0,1,3
2097,339,30,106,68,1070,202,219,105,743,0,0,0,1,4
2684,90,19,4,-2,285,242,215,175,993,0,0,0,1,2
2416,80,11,11,56,323,247,222,133,2274,0,0,0,1,4
3076,243,13,304,-2,705,245,220,154,1464,1,1,1,0,6
2767,346,17,829,5,536,224,167,173,876,0,0,0,1,6
2187,65,10,373,8,1180,252,207,201,218,0,0,0,1,6
3024,91,10,99,1,4236,232,216,122,1510,0,0,1,0,1
2342,321,11,201,10,233,192,177,109,465,0,0,0,1,6
2210,32,36,143,-9,266,234,217,158,498,0,0,0,1,4
2372,7,16,172,-8,1118,227,178,83,1077,0,0,0,1,6
3663,116,14,6,-2,1607,239,246,31,2092,0,1,1,0,7
2117,355,39,92,38,83,182,194,134,894,0,0,0,1,3
2869,20,5,2,29,1536,250,190,7,3244,1,1,0,1,2
2579,62,30,158,31,644,252,173,125,1981,1,0,0,0,6
3124,19,15,579,-3,2786,245,177,145,3323,1,0,0,0,1
3009,120,5,40,-10,1216,168,198,106,1838,1,0,1,0,5
2895,356,18,262,-4,1372,227,221,132,1025,1,0,1,0,2
3170,126,2,167,-9,2173,245,215,57,621,0,0,0,0,2
2586,56,22,312,-8,1895,243,240,133,1701,0,0,0,1,3
2576,43,33,191,38,2240,221,150,128,2599,1,0,1,0,5
2723,122,8,27,32,519,236,194,200,807,0,0,0,1,4
2623,56,13,599,0,755,239,178,112,3006,1,0,0,0,6
1992,53,37,135,11,637,232,226,39,1726,1,0,0,1,4
2559,73,21,197,-9,330,249,220,62,1249,0,0,0,1,4
2696,45,21,204,-10,1000,251,207,37,1299,0,1,0,1,2
2274,55,15,26,-2,1784,252,208,129,1678,1,0,0,1,2
2997,44,9,186,-3,2100,200,152,128,2170,1,0,0,0,3
2184,241,27,213,6,1013,211,208,93,557,1,0,0,1,6
1987,15,21,11,77,397,238,241,85,1127,0,0,0,1,3
2654,105,13,86,27,3069,239,251,125,1791,0,0,0,1,4
2100,97,40,7,16,1814,218,218,48,412,0,0,0,1,7
2045,273,28,264,73,1560,177,235,141,1192,0,0,0,1,3
2152,309,30,200,-4,1142,231,221,200,2607,0,0,0,1,6
2727,167,18,331,16,2556,226,236,123,1674,0,1,1,0,2
2605,17,14,40,0,677,247,193,6,2476,0,0,0,1,2
2053,356,18,68,6,1060,162,228,154,1016,1,1,0,1,6
2296,67,21,63,29,725,251,197,90,1000,0,0,0,1,4
2142,39,12,364,1,527,213,227,155,2664,0,0,0,1,6
2333,78,14,399,3,1351,247,225,78,2054,0,0,0,0,5
2249,61,31,15,54,1236,241,202,136,414,1,0,0,1,4
2165,316,16,20,18,808,212,176,74,766,0,0,0,1,4
2890,152,21,406,30,2352,213,238,205,2897,0,0,1,0,1
3514,114,13,62,-7,2677,224,220,138,1745,0,0,1,0,2
2747,96,25,200,8,664,247,144,126,1197,0,1,1,0,5
2262,291,13,0,-5,1402,242,216,110,1927,1,1,0,1,4
2810,320,18,785,81,1167,233,236,187,2817,0,0,0,0,1
2931,268,10,374,3,551,251,199,122,2872,0,0,1,0,4
2212,167,17,359,-6,394,243,211,149,3524,0,0,0,1,4
2118,243,16,16,-18,142,193,253,137,1009,0,0,0,1,3
2914,256,8,408,56,3511,228,221,177,2939,0,0,1,0,7
2084,347,36,324,116,758,217,225,166,2602,1,0,0,1,6
2945,179,12,309,12,3457,197,248,119,1135,0,0,1,0,2
1941,128,20,363,5,667,204,201,96,1635,0,0,0,1,2
2282,51,19,309,35,1533,232,220,153,2242,0,0,1,0,1
2515,37,8,13,-3,1198,221,213,198,2023,0,0,1,0,2
2054,43,15,276,21,790,254,170,113,1377,0,0,0,1,4
2200,29,7,6,10,3149,254,203,50,1518,1,0,0,1,4
2075,44,16,97,-10,1001,177,221,86,365,0,0,0,0,3
2768,153,20,153,59,897,241,247,183,636,1,1,1,0,2
2368,26,28,358,26,640,194,199,171,886,0,0,0,1,3
2834,309,18,421,43,1923,246,246,157,3248,1,0,1,0,5
3301,93,9,58,6,1456,214,253,142,5555,0,0,1,0,2
2215,315,25,21,-7,552,204,242,149,486,0,0,0,1,3
2085,105,16,124,29,484,251,204,113,382,1,0,0,1,4
2284,214,20,206,10,2069,146,241,139,3328,0,0,0,1,3
2408,355,27,262,61,1213,210,170,139,1008,0,0,0,1,3
2060,254,16,119,36,681,232,146,135,807,0,0,0,1,3
2212,46,14,482,8,845,177,221,147,795,1,0,0,1,6
3079,275,9,35,13,934,218,205,199,3077,0,0,1,0,2
2130,303,16,279,18,1693,225,253,144,1549,0,0,0,1,3
2800,73,8,63,24,1031,183,153,109,4164,1,0,1,0,2
2963,38,20,299,64,866,248,154,117,2584,0,0,1,0,5
3151,120,22,100,1,615,248,193,106,974,0,0,0,1,3
2169,339,27,427,82,633,249,152,185,727,0,0,0,1,3
2860,88,8,259,21,4472,198,220,130,3305,1,0,0,0,1
3429,56,12,223,-8,1547,245,212,26,2213,1,0,1,0,5
2388,117,22,115,88,2144,243,171,60,827,0,1,0,1,1
2109,58,21,30,2,1340,205,229,149,3160,0,0,0,1,6
2494,128,12,7,-15,1097,219,168,11,4127,0,0,0,0,5
1988,11,20,106,12,447,214,231,170,1478,0,0,0,1,6
2075,299,3,86,-7,443,249,184,159,1335,0,0,0,1,3
2914,44,11,232,-7,2679,242,220,70,945,1,0,1,0,2
2244,185,9,223,78,878,237,242,144,1050,0,0,0,1,3
2238,329,13,577,35,714,180,227,177,2833,0,0,0,0,3
3041,80,17,882,33,586,249,152,68,797,1,0,0,1,4
2162,142,17,18,-7,802,220,234,98,807,0,0,0,1,4
2952,222,11,176,44,1044,226,232,131,1090,1,0,1,0,1
2272,103,22,27,6,502,235,230,94,680,0,0,0,1,4
2703,50,17,89,-13,1651,239,187,124,1915,1,0,0,1,2
2600,141,14,9,95,1316,241,199,127,604,0,0,0,1,4
2031,63,5,201,76,280,249,195,93,1334,0,0,0,1,4
2774,201,10,431,47,2376,229,223,170,6119,0,0,1,0,2
2210,176,18,227,51,254,228,206,202,453,0,0,0,1,3
2022,44,21,24,21,559,238,202,148,739,1,0,0,1,4
2252,127,12,315,106,301,175,247,142,1060,1,0,0,1,3
2062,240,14,186,71,1160,197,233,133,2046,0,0,0,1,2
2259,295,16,206,61,158,167,164,105,1473,0,0,0,1,3
3410,80,4,61,-12,1337,224,223,151,574,1,1,0,1,4
2417,190,8,331,33,1903,217,232,127,2528,0,0,0,0,7
3359,326,5,271,21,2473,233,248,200,1358,0,0,1,0,7
2882,76,15,192,32,4564,222,239,98,2363,1,0,1,0,7
2878,130,12,16,62,367,248,224,95,2069,1,0,1,0,2
2533,17,9,208,11,682,252,201,120,3417,0,0,0,1,7
2243,70,44,49,0,79,214,189,65,2027,0,0,0,1,6
3196,63,8,526,22,1551,230,216,136,3020,1,0,1,0,1
2295,64,34,204,5,673,252,186,93,770,0,0,0,1,6
2085,159,17,14,-2,692,238,210,121,964,1,0,0,1,6
3844,100,5,100,11,798,223,232,61,1433,0,0,0,1,5
3010,73,21,156,91,2435,247,194,73,2945,0,0,0,1,3
2794,166,10,131,-1,1443,215,175,124,4151,1,0,1,0,2
2688,140,8,174,-9,2667,233,224,148,2158,0,0,1,0,2
2974,106,30,179,-6,2075,251,218,123,1710,0,0,0,1,4
2041,262,12,495,-4,1895,242,229,146,1793,1,0,0,1,2
3331,161,10,49,0,1008,251,230,122,1825,0,0,1,0,2
2190,154,43,169,56,474,223,225,127,940,0,0,0,1,6
2209,16,19,209,-1,2467,238,228,119,443,1,0,0,1,4
2688,17,20,219,37,750,192,184,47,819,0,0,0,1,4
2913,63,4,43,-6,1737,244,223,70,1248,1,1,0,1,4
2722,31,32,92,-4,1534,246,213,83,1869,1,0,0,1,2
2088,124,21,592,39,1240,253,199,58,845,0,0,0,1,3
2920,77,30,186,30,686,204,242,127,808,0,0,0,1,4
2865,67,6,186,47,4046,228,225,142,1804,1,0,1,0,1
2865,67,15,157,5,976,252,188,141,3292,1,1,0,1,4
2595,10,3,91,-8,557,234,232,64,622,0,0,0,0,3
2664,194,15,211,-12,1798,231,158,98,2098,1,0,0,1,4
2772,49,41,175,1,778,244,214,56,1237,0,0,1,0,5
3483,177,8,150,2,2583,208,238,139,2832,0,0,1,0,1
2526,62,37,98,8,1208,247,231,166,678,0,0,0,1,6
2579,21,17,50,4,6650,245,207,122,2215,0,0,0,0,2
3409,35,6,397,39,4274,238,205,126,3706,1,0,1,0,1
2784,150,24,140,-8,1457,245,217,158,399,0,0,1,0,5
2197,85,29,455,10,849,247,199,132,1129,0,1,0,1,6
3074,7,9,112,-11,2483,251,198,79,3604,0,0,1,0,1
2553,100,22,348,13,1204,230,194,72,2579,1,0,1,0,2
2204,227,20,195,-6,3652,175,242,181,634,0,0,0,1,3
2460,278,42,162,24,1440,226,235,162,611,0,0,0,1,3
2608,8,9,298,-5,768,196,252,191,2015,0,0,1,0,5
2377,41,17,122,70,462,240,190,148,1005,0,0,0,1,4
1958,240,42,257,107,864,241,221,184,3616,0,0,0,0,3
2845,64,7,732,4,1080,230,214,82,1991,1,0,1,0,5
2943,44,18,62,14,2576,209,220,185,1104,1,0,0,0,6
3435,52,13,44,-3,4301,218,218,135,928,1,0,1,0,2
2706,44,14,263,69,1818,241,167,140,2442,0,0,1,0,2
2047,107,6,52,-4,756,238,165,101,208,0,0,0,1,3
2300,167,38,143,62,1976,228,158,86,149,0,0,0,1,3
2410,106,11,40,5,424,242,235,55,3163,0,0,0,1,4
3010,67,21,205,27,2588,242,207,152,4854,1,0,0,1,5
2167,62,17,413,23,439,176,231,104,548,0,0,0,1,3
3179,159,12,41,1,1614,245,233,191,2777,1,0,1,0,3
2310,266,4,90,-14,865,224,228,135,2474,0,0,0,1,6
2865,85,14,320,29,1308,235,206,143,2192,0,0,0,1,6
2294,58,11,232,-5,1006,248,212,169,1696,0,1,0,1,6
2721,154,25,272,39,999,247,213,51,1010,1,0,1,0,2
2109,329,33,498,40,505,199,204,137,1104,0,0,0,1,3
2029,53,15,33,69,656,250,192,90,1407,1,1,0,1,4
3314,108,23,263,59,1067,222,226,176,3254,0,0,1,0,2
2676,60,10,332,1,1530,181,226,163,1499,0,0,1,0,2
2324,293,31,361,-1,911,186,211,143,482,1,1,0,1,6
2814,34,12,373,-17,1246,190,207,179,532,1,0,1,0,1
2135,69,16,17,-9,430,237,173,169,609,0,0,0,1,4
2600,272,15,992,44,1207,214,231,238,1022,0,0,1,0,7
2607,304,17,34,83,3413,242,213,131,3025,1,0,1,0,7
2152,45,16,184,-37,1333,191,236,65,2100,0,0,0,1,6
2971,130,14,456,3,2909,232,216,149,3791,0,0,1,0,7
2185,58,6,59,7,733,191,247,135,1526,1,0,0,1,6
2714,57,11,31,-4,743,236,225,141,1839,0,0,1,0,5
2049,42,25,12,1,1083,243,243,72,2748,0,0,0,1,4
2179,297,35,92,29,59,168,226,141,606,0,0,0,1,6
3514,89,12,29,10,4320,232,222,106,3677,0,0,1,0,7
2496,43,35,270,1,3303,192,157,128,1163,0,0,0,1,3
3101,130,22,11,24,943,232,242,88,4280,0,0,0,0,2
2074,342,28,153,6,915,254,215,81,2374,1,0,0,1,4
3256,20,11,127,-3,1658,242,222,108,3303,1,0,1,0,2
2719,100,25,415,-14,2417,243,232,96,2380,0,0,1,0,2
2483,42,9,23,0,605,208,208,133,1011,0,0,1,0,3
2132,47,10,112,-7,594,231,230,167,1301,0,0,0,1,6
2985,130,9,195,-9,1516,221,245,152,1965,0,0,0,1,3
1946,76,14,53,-24,600,227,176,71,1114,0,0,1,1,6
2698,123,15,80,0,469,233,245,196,883,0,0,0,1,1
2349,61,19,42,-2,427,250,182,125,1112,0,0,0,1,4
2275,83,26,220,2,561,241,163,68,693,0,0,0,1,6
2754,63,33,39,-6,1222,250,195,30,1834,1,0,1,0,2
2642,63,35,191,19,1317,221,217,173,506,1,0,0,1,4
2038,130,11,105,27,801,196,232,180,1035,0,0,0,1,3
3299,245,17,160,34,1479,221,203,141,1675,0,0,1,0,5
2603,77,10,82,-3,1580,230,218,60,1371,0,0,0,1,4
2735,77,15,246,9,2149,250,234,151,3276,1,0,1,0,2
2109,58,15,21,62,533,237,165,173,1420,0,0,0,1,4
2817,90,34,568,2,2922,250,151,68,4760,1,0,0,0,2
2823,67,17,136,18,670,250,226,122,2508,0,0,0,0,6
2910,19,6,78,48,1309,227,193,61,2331,1,0,1,0,2
2955,61,10,85,-2,1808,230,205,29,1700,1,1,0,0,5
2395,59,20,88,32,777,254,158,63,318,1,0,0,1,3
2332,88,16,567,41,2248,231,175,165,6453,0,0,1,0,5
2422,54,15,193,13,1657,246,226,171,2175,1,0,0,1,2
2264,58,23,65,49,400,241,215,114,1451,1,0,0,1,5
2237,37,30,71,25,1273,194,152,100,1548,0,0,0,1,3
3147,62,6,470,39,1269,206,248,211,2332,0,0,1,0,6
2235,123,16,9,66,2397,253,223,107,1791,0,0,0,1,4
2809,137,12,29,-9,2906,222,211,100,1720,0,0,1,0,2
2099,340,25,25,20,1008,181,156,120,982,0,0,0,1,3
2315,315,31,264,74,822,181,251,235,2754,0,0,0,0,3
2115,246,19,161,-5,962,238,216,152,1424,0,0,0,1,3
2833,108,4,95,-12,6657,226,200,139,1596,0,0,0,0,5
2281,239,10,71,50,727,218,240,131,1767,0,0,0,1,3
2602,71,7,88,-19,1624,229,227,137,593,0,0,0,0,6
2093,68,39,165,8,485,248,198,157,2052,0,0,0,1,4
2457,89,17,55,23,284,234,247,92,863,0,0,0,1,4
2650,5,13,33,22,833,251,193,19,3581,1,0,1,0,5
2735,40,12,313,31,1594,226,209,190,882,0,0,1,0,7
2117,151,7,159,-5,958,234,182,169,1124,1,0,0,1,4
3210,168,10,91,27,294,160,240,135,2644,0,0,1,0,5
2569,92,16,139,3,353,224,252,68,971,0,0,0,1,3
2706,91,8,95,-5,1099,248,232,150,1739,0,0,0,0,1
2232,23,14,158,-62,913,248,241,200,562,1,0,0,1,3
2815,64,14,179,-7,2336,254,239,131,3822,0,0,0,1,4
2505,18,12,52,-11,483,233,169,146,1752,0,0,1,0,2
2614,137,20,151,-20,52,228,200,126,543,0,0,0,1,3
2623,109,7,149,76,1990,213,244,154,2204,0,1,1,0,1
2947,207,9,220,56,384,218,227,164,2780,0,0,1,0,1
2088,48,10,308,2,393,227,178,140,849,0,1,0,1,3
3109,18,6,117,18,1696,230,199,127,3750,1,0,0,0,2
3324,190,9,722,16,5357,246,231,128,1256,1,0,1,0,2
2191,30,12,92,76,1846,242,182,116,364,1,0,0,1,4
2358,103,20,101,3,609,248,230,115,932,1,1,0,1,4
2173,94,22,62,71,1767,215,245,208,1579,0,0,0,1,4
2580,154,12,441,15,1359,246,218,170,5468,1,0,0,0,2
2208,292,23,343,27,192,240,158,195,1138,0,0,0,1,3
2627,57,11,103,75,1179,245,243,53,6339,0,0,1,0,5
2673,86,11,504,120,4693,237,211,182,1851,1,0,1,0,7
2778,251,17,134,37,1477,246,197,91,1476,0,0,1,0,1
2022,148,32,215,45,309,213,236,201,195,0,0,0,1,4
2215,230,16,242,124,1323,228,181,105,828,0,0,0,1,3
2616,22,7,144,-6,1900,251,199,137,3440,1,0,1,0,2
2607,88,6,139,29,629,244,238,104,1850,0,0,0,1,4
2814,53,6,11,0,2030,240,217,124,1021,0,0,1,0,2
2110,142,10,340,-9,520,199,235,149,1058,0,0,0,1,4
2345,102,8,45,-51,1473,141,236,140,2285,0,0,0,1,6
3160,48,38,291,3,704,247,173,52,743,0,0,0,1,3
1982,253,21,101,-3,802,206,187,176,1497,1,0,0,1,6
2357,77,12,265,125,2393,236,215,147,1675,0,0,0,1,2
2409,235,30,83,4,1992,244,252,87,1238,0,0,0,1,3
2149,26,16,109,4,1132,245,251,185,1098,1,0,0,1,4
2136,91,28,21,-5,1636,254,163,36,875,0,0,0,1,2
2947,325,5,90,156,1806,233,243,147,2655,0,0,1,0,1
2247,331,33,273,46,995,241,238,97,527,0,1,0,1,3
2771,61,17,403,79,1278,246,182,62,3061,1,0,1,0,1
3052,296,9,84,-5,4559,244,211,175,3166,1,0,1,0,1
2300,139,13,214,-7,642,234,220,126,1800,1,0,0,1,3
2616,91,22,57,44,518,248,214,31,1143,0,0,0,1,3
2823,35,10,241,-19,615,234,206,93,3130,1,0,1,0,2
2948,72,13,249,1,1881,244,214,113,3790,1,0,1,0,7
2154,68,29,31,78,985,252,204,69,1837,0,0,0,1,4
2854,91,14,33,64,1734,212,228,162,2511,0,1,0,1,5
2682,112,3,39,-6,1102,228,231,168,1486,0,0,1,0,5
2311,141,11,139,-11,1422,216,205,140,939,0,0,0,1,4
2210,71,36,6,28,764,249,199,181,730,0,0,0,1,4
3374,140,14,831,7,809,221,214,31,4556,1,1,1,0,2
2104,264,39,172,129,536,222,144,33,1278,0,1,0,1,3
2170,35,16,0,58,67,249,216,115,1398,1,0,0,0,2
2310,265,11,339,22,361,243,168,90,466,0,0,0,1,3
2960,52,8,150,2,2521,247,229,97,1411,0,0,1,0,2
2060,334,13,184,41,290,201,200,231,493,0,0,0,1,3
2673,34,8,32,25,1820,240,233,92,812,1,1,1,0,7
2641,55,8,593,47,599,240,230,138,968,0,1,1,0,2
2399,30,15,28,7,676,253,186,48,1851,1,0,0,1,5
2493,64,19,106,-10,2057,225,141,35,773,0,0,1,0,2
2603,79,6,271,-7,504,243,230,111,1274,0,0,0,0,3
2121,49,20,24,-1,825,251,191,54,443,0,0,0,1,6
3131,305,15,414,-2,4070,252,222,129,4533,0,0,1,0,2
2075,304,33,27,48,627,235,204,136,1783,1,0,0,1,4
2556,263,26,52,-49,1112,238,216,92,978,0,0,0,0,6
2301,283,25,112,65,407,214,237,227,974,0,0,0,1,3
1924,336,39,185,-4,558,222,155,188,5230,0,0,0,1,3
2106,346,18,70,-5,570,211,242,226,3332,0,0,0,1,6
3058,69,9,494,0,650,192,204,149,2394,0,0,1,0,2
3334,304,9,299,21,4731,214,245,142,2802,0,1,1,0,2
2681,339,11,157,6,4486,239,214,155,2671,1,0,1,0,2
2168,135,9,9,44,892,236,251,98,1305,0,0,0,1,4
2267,34,23,154,9,297,244,179,43,2152,0,0,0,1,4
3529,76,11,387,-3,989,225,252,150,1584,0,0,1,0,1
2886,96,11,221,62,85,243,234,153,2372,1,0,1,0,2
3090,54,32,92,21,849,243,216,91,2965,1,0,0,0,1
2792,115,13,395,-5,1990,201,219,186,1434,0,0,1,0,1
2349,156,25,369,44,874,240,200,67,710,1,0,0,1,4
3342,84,9,251,-2,1515,227,226,203,2333,1,0,1,0,1
2642,28,15,152,9,2235,220,210,163,4161,0,0,1,0,2
2150,333,10,639,8,733,139,236,178,549,0,0,0,1,6
2878,34,15,135,-19,1178,245,213,8,3869,1,0,0,0,5
2984,14,9,301,-11,933,222,221,130,1766,0,0,1,0,2
2330,110,17,316,-91,621,203,251,177,256,0,1,0,1,3
2272,264,26,78,-10,682,144,173,164,487,0,0,0,1,3
2749,358,18,486,-1,524,212,245,202,675,0,0,0,1,3
2172,60,4,57,-10,69,237,233,135,1128,0,1,0,1,4
2213,131,11,118,-9,1162,244,240,84,2290,0,0,0,1,4
2154,80,23,137,122,1503,236,239,101,1933,0,0,0,1,4
2271,57,10,9,-6,98,234,223,45,1711,0,0,0,1,4
2760,40,6,2,2,1601,245,139,132,1392,1,0,0,0,2
2255,116,11,270,0,845,231,176,192,433,0,0,0,1,4
1986,332,22,530,11,58,236,216,131,1538,0,0,0,1,2
2785,99,15,234,-2,1282,231,201,133,1345,0,0,0,0,2
2261,23,15,133,-1,1212,244,231,206,508,0,0,0,1,4
2887,45,7,737,-2,2587,233,241,135,5385,0,0,1,0,5
2010,252,26,10,33,903,245,239,142,1615,0,0,0,1,4
2258,100,7,56,14,1167,253,210,42,760,1,1,0,0,2
1953,46,42,108,52,572,212,213,105,917,0,0,0,1,6
2602,347,18,157,-3,597,235,237,151,538,0,1,0,1,4
2552,73,13,17,12,788,237,191,92,2515,0,0,0,1,3
2938,25,7,392,44,6234,199,218,124,1310,1,0,1,0,6
3446,106,9,2,11,2391,229,230,131,3416,0,0,1,0,2
2545,25,17,60,1,828,237,197,190,2047,1,0,0,0,5
2377,97,10,590,4,2656,243,216,196,780,0,0,0,1,6
2244,6,12,4,1,660,234,177,172,1058,0,0,0,1,6
2956,144,37,408,113,1230,250,183,156,1596,0,0,0,1,4
3353,51,9,183,-3,850,250,210,112,3606,1,1,1,0,2
2947,44,11,97,3,2412,245,216,81,1200,1,0,1,0,7
2637,29,10,101,-10,1903,240,232,144,5850,1,0,1,0,7
2943,100,8,460,24,374,244,212,108,2892,1,0,1,0,2
1950,114,8,64,-10,454,241,214,153,1449,0,0,0,1,6
2134,278,38,217,4,1307,183,195,98,4559,0,0,0,1,4
2613,83,16,54,-10,1112,250,235,125,2429,0,0,0,1,4
2415,178,5,338,84,1204,237,230,219,2047,0,0,0,1,6
2117,352,41,131,93,1701,177,170,190,1393,1,0,0,0,6
2085,78,26,141,-8,824,241,190,149,767,0,0,0,1,4
2178,319,17,13,78,634,209,169,99,1472,0,0,0,1,6
2243,120,27,354,60,1058,244,208,107,568,0,0,0,1,6
3065,88,9,114,22,141,232,238,164,2378,0,0,1,0,7
2914,27,13,267,26,5043,232,209,136,1000,1,0,1,0,2
2438,95,10,323,-6,762,210,225,165,289,0,0,0,1,3
2572,209,40,169,119,650,238,239,156,305,0,0,1,0,3
2835,64,17,107,-6,1998,243,167,75,3136,1,0,0,0,4
2394,66,31,247,27,987,230,214,128,3184,1,0,1,0,5
2257,92,10,301,100,428,248,216,38,1838,0,0,0,1,4
2219,40,24,203,28,575,182,198,176,1051,0,1,0,1,6
2847,45,8,59,110,1291,252,219,90,1274,1,0,0,0,2
3329,104,12,150,4,1537,244,217,119,1920,0,1,0,0,5
2232,288,17,23,7,780,240,237,149,2191,0,0,0,0,6
3446,44,19,146,21,1967,222,167,81,903,1,0,1,0,5
2182,238,28,21,2,473,244,197,118,486,1,0,0,1,4
3349,144,10,266,13,3355,214,221,109,3317,0,1,1,0,1
2743,34,20,9,26,2023,244,214,144,4909,1,0,1,0,2
2178,235,23,129,32,435,180,237,154,452,0,0,0,1,3
2262,185,42,431,24,453,191,232,208,1201,0,0,0,1,3
2924,95,12,144,-1,1692,247,242,133,1116,0,0,0,1,2
2122,67,12,189,-49,351,235,157,124,1120,1,0,0,1,4
2919,21,10,349,23,3963,224,218,141,4233,1,0,1,0,2
2094,165,35,7,-1,225,254,158,110,863,0,0,0,1,2
2470,155,22,131,25,1999,252,142,173,710,1,0,0,1,4
3373,130,9,232,6,1121,222,232,143,3987,0,0,1,0,1
3221,44,17,338,133,350,229,173,38,4730,0,0,0,0,6
2325,46,14,32,142,304,179,214,151,625,1,0,0,1,6
2324,33,24,159,-10,1409,218,240,148,527,0,0,0,1,4
2428,53,31,296,83,254,238,192,116,1818,1,0,0,1,4
2090,41,12,442,28,336,240,219,125,3290,0,0,0,1,4
3121,13,15,56,61,657,246,198,17,925,0,0,0,1,5
2206,83,18,52,100,229,233,224,136,1163,0,1,0,1,4
2665,227,9,0,13,1369,217,241,167,3297,0,0,0,1,4
2580,115,17,203,-5,1409,246,228,51,1291,0,0,0,0,5
2181,74,27,4,-3,2725,245,223,119,1405,1,1,0,1,4
3449,13,6,379,14,3289,236,232,101,1281,0,0,1,0,6
2871,256,15,31,-11,3377,241,212,143,1104,1,0,1,0,5
2892,3,13,214,7,955,217,213,153,2675,0,1,1,0,2
2734,174,2,7,-4,613,237,213,142,2399,0,0,0,1,5
2935,13,18,34,16,1252,210,220,116,1014,1,0,0,0,5
3104,87,8,118,14,236,149,246,159,1289,0,0,1,0,3
2656,159,23,339,7,378,245,180,86,1390,0,0,0,1,4
2248,54,15,108,-4,998,241,232,45,1362,0,0,0,1,4
2784,7,15,380,11,1181,234,236,104,1691,0,0,0,0,5
2252,205,18,287,16,2403,202,230,244,1067,0,0,0,1,6
2345,207,12,270,-2,1492,226,235,104,1279,1,0,0,1,4
2788,325,40,672,79,809,201,228,218,1286,0,0,0,1,6
2215,189,23,4,-2,1474,250,193,76,1761,0,0,0,1,4
2319,85,22,17,-4,2274,246,219,56,1019,0,0,0,1,4
2449,78,20,579,86,325,243,187,65,1292,0,0,0,1,6
3157,319,3,284,-19,1240,205,182,154,964,0,1,0,0,6
2627,56,11,15,-4,577,250,196,46,857,1,0,0,1,6
3380,53,12,112,19,550,251,212,105,1536,0,0,0,1,4
2177,315,15,4,-1,1292,234,229,101,2177,0,0,0,1,6
3325,45,8,344,-8,1286,228,221,143,2394,0,0,1,0,1
2782,98,17,389,145,1481,204,196,153,1664,0,0,0,1,3
2570,66,5,61,19,289,248,226,162,1089,0,0,0,0,5
1975,87,17,30,0,1170,252,207,15,746,1,1,0,1,4
2242,163,16,24,6,740,249,186,171,436,1,0,0,1,4
3141,81,30,101,2,1081,245,237,120,1236,0,0,0,1,4
2066,148,18,16,-8,425,244,193,21,1216,0,0,0,1,6
2430,213,12,235,251,1479,248,206,109,1068,1,0,0,0,2
3076,42,10,177,-10,596,221,124,132,3485,1,0,1,0,5
2102,10,35,294,8,96,220,216,85,1079,0,0,0,1,4
3349,38,15,957,49,1321,228,187,190,4328,0,0,1,0,7
2287,213,17,358,6,1986,244,250,139,1895,1,0,0,0,2
3137,271,17,475,140,2372,198,214,115,4446,1,1,1,0,2
2880,40,10,79,46,2393,230,242,67,3725,0,0,1,0,7
2825,219,15,156,69,1832,237,219,149,1867,0,1,0,0,5
2392,80,10,29,-9,1976,234,147,146,1207,0,0,0,1,2
3413,301,10,167,23,4007,214,201,137,3284,0,0,1,0,1
2281,61,13,361,45,529,235,171,89,553,1,0,0,1,4
3200,177,9,340,3,4280,184,249,230,1788,0,0,1,0,7
2187,331,37,243,10,1542,178,210,187,1540,0,0,0,1,3
2867,18,4,213,-7,1293,242,209,112,1118,1,0,0,0,5
2112,112,28,29,-4,166,213,217,98,1721,0,1,0,1,2
2220,75,23,229,58,869,242,230,104,2113,0,0,0,1,4
2030,139,16,7,-10,1930,207,246,117,111,0,1,0,1,3
2502,27,13,142,172,984,244,205,136,544,0,1,0,1,3
2074,276,24,22,22,484,234,244,160,594,0,0,0,1,3
2375,63,9,40,5,2134,253,173,124,723,1,0,0,1,4
2312,170,26,229,-28,356,251,216,78,1035,0,1,0,1,4
2055,56,22,17,-21,1206,213,202,111,1245,1,0,0,1,4
3232,64,9,212,17,4162,208,201,143,1322,0,1,1,0,2
2414,158,15,57,6,239,240,231,55,663,1,0,0,1,4
2936,53,15,267,-2,1606,235,210,31,1863,1,0,0,1,7
2398,252,17,116,29,563,240,224,64,1367,0,0,0,1,4
2163,353,17,91,7,2055,241,206,168,950,0,0,0,1,4
2430,39,6,133,-4,911,246,169,28,2345,0,1,0,1,4
2616,276,10,123,1,1983,244,244,135,799,0,0,0,0,3
3275,57,21,59,56,2325,194,213,142,2270,1,0,1,0,2
2584,245,4,20,20,1215,207,245,163,2894,1,0,1,0,7
2976,92,11,24,-49,852,253,180,121,1963,0,0,1,0,5
2192,52,9,9,-7,1371,234,229,121,1277,0,0,0,1,4
2459,51,10,256,36,809,159,245,143,1220,0,0,1,0,1
2850,177,16,16,12,1800,251,199,140,1066,0,0,0,0,2
2991,67,13,18,-4,1829,250,202,121,3510,1,0,1,0,5
2091,66,14,169,66,466,242,160,140,907,1,0,0,1,6
2971,4,31,331,-2,2259,122,216,118,1488,1,0,1,0,2
2205,47,13,124,82,238,240,165,164,2207,0,1,0,1,3
2288,157,26,185,-6,592,233,224,164,773,0,0,0,1,3
2265,17,13,5,-10,684,222,194,144,776,0,0,0,1,6
2163,307,22,38,141,691,226,201,93,1059,0,0,0,1,6
2884,88,23,183,-11,1371,242,254,85,1298,1,0,1,0,5
2607,128,7,443,-13,1197,231,224,46,1781,1,0,1,0,2
2940,186,15,327,126,1242,238,221,40,2658,1,0,0,0,5
2348,34,12,9,-7,1824,227,179,24,501,1,0,0,1,4
3270,48,29,464,24,1083,150,215,117,637,0,1,1,0,5
2053,357,34,309,2,371,228,188,201,2232,0,0,0,1,3
2423,186,14,166,34,784,227,214,134,410,0,0,0,1,3
2166,55,20,121,75,1171,249,205,136,2519,0,0,0,1,4
2703,219,28,371,44,829,249,190,125,3120,0,0,0,1,4
2033,126,15,158,0,338,229,242,152,645,0,0,0,1,3
2053,190,26,342,36,1902,192,212,198,1038,0,0,0,1,3
2337,103,28,450,-1,1687,250,221,135,5049,0,0,0,1,3
2278,331,5,163,-7,1087,151,226,230,1226,0,0,0,1,6
2039,357,36,165,5,495,248,201,45,1266,1,0,0,1,6
2435,126,27,6,53,435,250,219,11,1607,0,1,0,1,3
2521,352,7,830,82,1495,197,248,158,1263,0,0,1,0,2
3003,76,7,181,25,1290,194,240,72,602,0,0,1,0,5
2449,70,26,288,4,1704,204,220,133,1105,1,0,0,0,2
2375,275,29,5,30,719,186,244,239,1133,0,0,0,1,6
2172,307,28,151,62,319,240,217,179,350,0,0,0,1,4
2329,310,15,177,8,1387,211,233,150,1080,1,0,0,1,4
2614,251,20,45,-4,478,217,206,130,613,0,0,0,1,2
2126,80,36,87,-2,528,214,224,133,1984,0,0,0,0,4
2358,162,33,24,30,379,236,189,149,1435,0,0,0,1,4
2687,186,18,274,12,3857,253,162,88,2134,1,0,1,0,2
2201,25,11,77,36,1182,209,216,114,808,0,0,0,1,4
2255,313,13,678,34,184,176,150,158,1021,0,0,0,1,3
2245,168,28,345,3,945,246,199,70,907,1,0,0,1,2
3264,67,10,821,97,4478,242,227,204,2660,0,0,1,0,1
2093,218,12,166,14,106,230,228,216,1153,0,0,0,1,4
2414,249,31,26,112,240,200,228,114,861,1,0,0,1,3
2219,299,21,133,77,466,216,170,207,2036,0,0,0,1,3
2602,130,15,217,46,2318,251,218,124,1974,1,0,1,0,5
2369,57,12,44,-8,654,236,217,141,2586,0,0,0,1,6
2823,147,26,57,9,469,248,193,4,228,1,0,0,0,7
3021,251,14,17,-7,168,248,207,176,1105,0,0,0,0,6
2270,335,7,77,15,414,244,249,172,834,0,0,0,1,3
2093,47,10,130,-3,973,240,226,177,1791,1,0,0,0,5
3304,66,25,117,0,3586,201,234,136,3737,0,0,1,0,1
2835,20,9,186,106,656,225,194,122,234,1,0,1,0,3
2274,134,12,411,98,476,187,206,146,1015,0,0,0,1,3
2652,76,16,329,-1,811,241,246,120,2841,1,0,1,0,2
2853,38,7,55,7,3018,222,227,110,2146,1,0,1,0,2
1962,46,14,67,4,37,236,190,173,798,0,0,0,1,4
2861,54,11,83,-4,760,225,222,179,811,0,0,0,0,5
3370,245,10,452,40,5016,219,238,150,1370,0,0,1,0,1
2176,22,5,369,57,914,183,202,127,507,0,0,0,1,4
2557,46,17,295,45,1867,250,198,124,1996,1,1,0,0,2
3372,92,6,286,12,3844,234,199,127,1031,1,0,1,0,2
2491,153,22,136,-7,1701,200,247,166,723,0,0,0,1,5
3012,116,7,525,62,2003,217,252,145,1059,0,0,1,0,2
3463,160,8,382,221,1791,236,221,162,3042,0,0,1,0,7
2819,76,13,65,56,1230,242,197,23,3406,1,0,0,0,2
2130,80,38,62,-6,1311,239,203,148,736,0,0,0,1,4
2155,52,17,19,46,128,238,206,99,1917,1,0,0,1,4
3108,291,17,146,31,4209,211,209,192,882,0,0,1,0,7
3447,87,23,332,9,4624,216,128,145,3323,0,0,1,0,7
2760,122,18,155,-5,1380,242,238,99,2132,0,0,1,0,1
2401,158,9,66,5,926,245,214,85,1315,0,0,0,1,6
2523,7,10,391,7,1180,249,222,122,4673,1,0,0,0,6
1988,59,9,31,-7,1428,240,227,221,2114,0,0,0,1,4
2693,290,5,91,-4,1895,230,220,90,2827,0,1,1,0,2
2368,347,18,96,221,1461,205,224,215,2373,0,0,0,1,6
2462,28,32,77,14,1465,179,156,142,940,0,0,0,1,6
2179,32,6,56,1,2089,229,206,156,1069,1,0,0,0,2
2117,47,38,184,73,233,218,215,151,848,1,0,0,1,3
2623,92,6,176,70,648,245,242,152,4674,0,0,1,0,2
2620,321,30,86,65,659,145,209,216,1103,0,0,0,0,6
2192,42,20,135,9,769,232,206,116,4932,1,0,0,1,6
2042,293,16,125,-4,627,238,222,146,939,0,0,0,1,4
2754,16,5,285,31,3762,229,236,143,3723,0,0,1,0,7
3056,204,35,407,-13,156,248,236,59,1643,0,0,0,1,3
2219,160,39,53,42,589,252,198,86,3965,1,0,0,1,5
2546,26,13,12,15,1490,234,245,185,2024,1,1,0,1,1
3171,83,31,322,-15,786,229,212,165,1903,0,0,1,0,1
2259,71,40,11,14,996,235,198,165,936,0,0,0,1,6
2171,105,17,36,-5,1573,252,200,156,579,0,0,0,1,3
3254,91,11,365,13,3403,224,245,132,1714,0,0,1,0,1
2172,81,24,148,89,632,159,246,172,353,1,0,0,1,3
2801,15,27,149,30,746,249,202,121,1475,0,0,0,1,5
2843,90,12,12,0,4721,229,220,143,3954,0,0,1,0,2
2707,149,14,318,48,1276,245,201,126,180,0,0,0,1,4
2456,99,25,130,7,1105,253,224,150,282,0,0,0,1,3
2483,80,29,172,-2,777,241,154,153,1181,1,0,0,1,4
2268,77,13,3,35,746,254,203,35,632,1,0,0,1,4
2103,65,29,30,-8,982,248,215,75,87,0,1,0,1,4
3120,77,39,111,13,1907,246,195,18,868,0,0,1,0,7
2063,84,31,153,-7,750,245,166,129,2661,1,0,0,1,4
2231,71,20,144,25,1213,230,165,119,585,0,0,0,1,5
2197,127,29,176,98,2233,217,199,119,987,0,1,0,1,4
2022,94,11,138,6,541,233,208,109,2388,0,0,0,1,6
3496,25,13,879,79,4386,158,214,144,1582,1,0,1,0,7
3177,60,15,71,98,499,237,189,151,720,1,0,1,0,5
2824,194,12,73,-11,2027,180,227,178,965,0,0,0,0,7
2272,139,23,106,36,329,213,205,127,678,0,0,0,1,3
2779,42,24,125,53,2063,223,219,171,1862,1,1,1,0,2
2372,294,28,262,165,690,234,217,201,2456,0,0,0,1,6
2762,31,38,152,6,777,236,189,126,1116,1,0,0,0,6
3039,52,13,46,-7,1791,240,226,123,3312,1,0,0,1,2
2196,308,13,276,74,504,187,245,118,552,0,0,0,1,3
2176,265,26,377,92,894,221,188,32,1061,0,0,0,1,3
2955,51,9,454,173,4128,206,243,120,596,1,0,1,0,7
2410,94,20,98,41,554,250,228,179,2274,0,0,0,1,6
2401,49,7,24,-6,312,251,213,140,1265,0,0,0,1,4
3190,92,10,32,103,1368,215,236,153,194,0,0,1,0,7
2735,142,13,108,43,1340,250,217,7,1270,1,0,0,1,4
2995,43,18,123,110,1685,218,227,123,1034,1,0,1,0,2
3354,38,15,12,12,2509,233,208,48,1861,1,0,1,0,2
2826,37,9,348,1,2854,230,198,172,3845,0,0,1,0,2
2931,10,15,293,96,1139,225,221,135,1581,1,0,1,0,1
3162,23,13,34,-8,907,227,216,137,2801,0,0,0,0,6
2505,314,21,345,46,185,209,234,240,635,0,1,0,1,2
2246,323,22,31,2,3364,225,168,144,648,1,0,0,1,3
2452,10,16,14,2,1325,245,196,28,986,1,1,0,1,4
2428,46,33,20,198,350,252,207,165,1787,0,1,0,1,4
3263,162,12,137,3,918,236,231,57,1916,1,0,0,1,4
2372,123,30,283,6,1165,249,242,114,372,0,0,0,0,3
1946,79,35,180,66,358,245,239,92,318,0,0,0,1,3
2586,135,29,15,5,720,230,218,148,636,0,0,0,1,5
2588,95,16,447,10,844,238,235,142,2631,1,0,1,0,5
3162,11,17,12,5,3935,207,225,162,851,1,0,1,0,7
2275,176,26,722,26,390,216,248,77,499,0,0,0,1,3
2297,264,5,58,106,890,196,254,122,1713,0,0,0,1,3
2914,33,13,93,46,2168,224,240,116,697,1,0,1,0,6
2807,42,9,162,-1,2648,236,226,54,1269,0,0,0,1,2
2223,13,15,97,21,352,254,244,184,787,0,1,0,1,3
2600,38,14,119,-4,953,247,196,9,3009,1,1,0,0,1
2253,13,18,94,-1,904,237,183,98,1031,0,0,0,1,4
2203,26,14,37,8,330,207,235,93,2401,0,0,0,0,5
2596,342,21,190,77,634,185,242,212,2391,0,0,0,1,3
2191,202,29,907,2,841,187,208,184,748,0,1,0,1,6
3368,78,10,57,-1,1736,239,243,138,6516,1,0,1,0,7
2229,4,9,410,82,1049,208,236,204,2887,0,0,0,0,6
2879,75,21,36,34,1811,253,149,27,700,1,1,0,1,4
2863,37,13,485,75,2458,205,202,175,2052,0,0,1,0,2
2587,269,20,515,46,1703,169,252,238,2843,0,0,0,0,6
2701,58,33,128,0,435,199,211,18,1257,0,0,0,0,5
2119,158,26,250,53,1036,239,177,168,1122,1,1,0,1,4
3401,99,8,232,-3,3807,241,249,132,2946,1,0,1,0,2
3054,141,2,95,-7,389,254,236,127,2577,0,1,0,1,6
2233,336,14,217,108,359,240,206,160,511,0,1,0,1,6
2172,20,11,480,1,1262,242,224,143,2036,0,0,0,1,4
2793,64,6,119,0,916,238,207,60,2601,1,1,0,0,2
2983,49,13,151,3,1149,247,212,95,3404,1,0,0,0,7
2180,328,13,104,5,746,200,233,59,610,1,0,0,1,3
2834,100,11,466,2,445,238,207,52,1021,0,0,0,0,5
2100,4,15,87,7,1582,239,231,147,1853,0,0,0,1,2
3223,21,10,30,104,1044,225,248,73,896,0,0,1,0,5
3210,20,14,188,28,3762,240,216,103,2044,1,0,0,1,6
2226,320,35,644,21,2463,221,192,100,1120,0,0,0,1,4
2186,9,31,62,7,1121,244,194,147,4047,0,0,1,0,6
2278,27,13,54,-13,290,232,218,165,448,0,0,0,1,4
2979,28,8,38,117,1305,250,239,79,1790,1,0,0,1,4
2599,19,13,116,10,596,218,230,94,1100,1,0,0,1,4
3149,67,12,170,2,1145,212,222,162,679,0,1,0,1,2
2136,24,36,26,40,411,228,215,137,1122,0,0,0,0,5
3359,172,13,400,87,4648,227,220,193,1063,0,0,1,0,7
2692,107,13,407,35,1542,252,191,150,328,1,0,0,1,4
2623,168,11,163,8,1832,246,237,166,3843,1,0,0,0,2
2724,83,19,205,4,2960,253,157,25,2558,1,1,0,1,4
2961,10,14,41,0,1046,252,202,75,1419,1,0,0,0,4
2611,124,12,380,1,1104,209,222,105,2100,0,0,1,0,2
2209,319,34,6,-1,666,224,186,74,933,0,0,0,1,6
2721,177,15,97,0,1240,201,221,156,672,0,0,0,1,6
2937,76,11,59,7,1068,224,196,130,3479,1,1,1,0,2
3102,61,20,22,-6,604,243,227,152,3059,0,0,0,0,5
2237,50,21,130,78,139,232,214,189,656,0,0,0,1,4
2194,173,18,47,47,2181,241,215,84,1076,1,1,0,1,4
2590,57,20,299,102,264,210,217,202,851,0,0,0,1,6
2089,240,17,721,146,1130,210,214,169,1172,0,0,0,1,3
2541,71,10,503,9,2035,217,217,124,1587,1,0,1,0,2
2342,87,11,134,15,93,247,243,119,2656,0,0,1,0,3
2691,326,10,7,-15,2189,239,210,160,772,1,0,0,0,5
2076,278,16,26,70,109,171,179,100,824,0,0,0,1,3
2170,53,10,27,10,1162,240,194,206,3556,0,0,0,1,4
2411,35,16,46,-18,43,238,202,98,612,0,0,0,1,3
3314,23,8,94,30,1275,219,217,178,2091,1,0,1,0,1
2659,19,7,82,92,863,224,224,156,1372,1,1,0,1,4
2553,129,10,31,-11,664,222,240,69,1591,0,1,0,0,5
2550,78,30,68,58,144,250,211,43,237,0,0,0,1,4
2488,196,25,323,109,325,253,178,152,1536,1,1,1,0,5
2355,29,23,366,45,1023,217,177,210,1521,0,0,0,1,6
2059,145,8,17,38,856,236,178,16,1223,1,0,0,1,4
3052,65,41,129,8,874,236,187,161,915,1,0,0,1,3
2190,62,41,108,-14,117,243,240,51,438,0,0,0,1,4
3302,58,15,221,2,1452,246,173,82,3251,1,0,1,0,1
2269,103,25,382,-4,261,253,222,40,732,1,0,0,1,4
2852,137,15,305,24,1003,234,207,121,2209,0,0,1,0,1
2589,213,39,300,2,1802,242,158,55,1869,1,0,0,1,4
2407,13,13,134,10,1420,208,230,125,2788,1,0,0,1,2
2474,209,13,363,99,879,191,179,154,1217,0,0,0,1,3
2258,210,14,206,-11,1594,238,220,151,1967,0,0,0,1,4
3021,54,14,220,0,2178,236,190,127,1165,0,0,1,0,1
2398,42,5,186,13,1827,246,221,41,1811,1,0,0,0,2
3143,286,9,295,-3,708,221,223,140,2975,0,0,1,0,7
1973,84,13,107,1,978,248,233,124,670,0,0,0,1,4
2274,84,36,90,70,1026,225,170,200,1361,0,0,0,1,6
2222,59,8,10,1,675,239,179,125,554,1,0,0,1,4
2971,141,11,64,8,2301,239,196,92,1081,1,0,1,0,2
2317,46,12,59,-6,557,247,175,68,1295,1,0,0,1,4
2539,55,17,127,-24,182,241,226,110,2183,1,0,0,0,4
2434,75,12,25,33,1802,237,247,20,1958,0,0,0,1,4
2140,45,24,60,76,808,205,183,177,1901,0,0,0,1,4
2478,122,39,45,77,327,205,172,70,1485,0,0,0,1,6
2862,70,18,320,120,1997,234,201,44,2584,1,0,0,0,2
2021,58,24,130,-12,1511,247,167,59,1474,1,0,0,1,4
2323,24,23,88,2,2505,248,202,107,4274,1,0,0,1,4
2338,79,31,12,32,678,246,167,21,689,1,0,0,1,4
2220,13,27,358,4,911,240,196,141,566,0,1,0,1,2
3638,15,10,28,-7,4479,238,217,110,3670,0,0,1,0,2
3177,285,13,292,55,2094,186,248,232,2542,0,0,1,0,5
3373,37,11,121,35,2978,237,166,170,1450,0,0,0,1,5
2022,331,27,635,52,2318,219,184,157,545,0,0,0,1,3
2490,77,19,198,-9,984,239,214,59,1838,0,0,0,1,6
3255,160,6,77,8,1248,241,215,57,869,1,0,0,1,5
3415,256,10,47,185,2300,227,248,148,2438,0,0,1,0,1
3215,313,15,373,32,932,209,245,149,2706,1,0,1,0,2
2298,69,37,228,57,787,251,184,157,628,0,0,0,1,4
3349,19,12,255,26,1386,230,216,159,3999,0,0,1,0,2
3114,50,5,355,5,2207,204,237,161,3462,1,0,1,0,7
2058,61,13,215,94,736,180,177,203,2485,0,0,0,1,6
2040,123,20,2,-14,1635,175,193,197,684,0,0,0,1,3
2583,141,23,508,20,1315,182,225,175,3037,0,0,1,0,7
2381,51,22,269,-1,2314,246,202,92,2047,0,0,0,1,4
2159,72,27,35,5,423,235,234,70,528,0,0,0,1,4
2638,160,19,51,23,1090,253,210,109,1908,1,0,0,0,5
2837,210,17,392,35,1718,239,158,182,1186,0,0,0,0,7
1939,270,40,427,75,228,221,204,161,711,0,0,0,0,6
2205,56,27,27,3,382,248,216,165,3570,1,0,0,1,4
2955,123,6,133,-5,1640,228,212,38,839,0,0,0,0,4
3136,61,13,51,6,1255,227,231,123,2889,0,0,1,0,2
2293,227,10,203,49,1030,249,208,22,655,1,0,0,1,4
2968,59,20,864,-2,655,243,225,33,1685,0,0,1,0,5
2675,197,15,152,1,3520,248,230,94,1131,0,1,0,0,1
3262,74,11,5,-7,756,239,234,128,1771,1,0,0,1,6
2172,91,13,165,-13,525,234,192,181,1068,0,0,0,1,5
2314,84,21,67,38,171,252,235,137,1044,0,0,0,1,4
2964,22,11,77,7,420,226,210,154,2190,1,0,1,0,2
2483,108,33,86,157,1194,242,223,160,5041,1,0,0,1,6
2213,85,30,254,33,488,244,169,145,2195,0,0,0,1,4
2091,32,45,368,127,366,253,206,78,1692,0,0,0,1,3
2538,270,19,31,30,1443,154,241,112,3257,0,0,1,0,2
2418,39,19,721,10,3687,238,202,161,2436,0,0,1,0,2
2581,101,15,27,11,266,221,199,174,4439,1,0,1,0,3
2700,359,11,543,18,93,224,180,116,3284,1,0,0,0,2
2230,46,16,136,52,212,248,207,102,1449,0,0,0,1,4
2346,27,18,238,26,1379,252,224,117,901,0,0,0,1,3
2799,131,4,58,1,93,246,216,59,1198,1,0,1,0,5
2013,113,18,190,-1,522,233,208,107,1755,0,0,0,0,2
2190,63,12,185,-4,2768,237,246,122,384,0,0,0,1,4
2114,297,17,150,190,99,236,228,131,651,0,0,0,1,4
2600,45,13,424,-10,3961,220,215,149,2349,0,0,1,0,2
2937,92,8,345,1,2039,243,206,132,720,1,1,0,0,2
2230,8,10,216,-10,697,199,245,208,648,0,0,0,1,4
2206,62,13,85,-6,2289,248,141,51,1292,0,0,0,1,4
2596,186,8,21,-6,1243,246,180,44,976,0,0,0,1,5
2948,80,23,176,7,741,242,216,57,2029,1,0,0,0,4
2155,164,13,362,-4,2675,238,207,149,992,0,0,0,1,3
2721,43,20,255,95,986,232,212,224,2426,0,0,1,0,2
2344,11,24,196,8,2052,253,235,118,1583,1,0,0,1,5
2184,344,27,92,4,416,227,224,56,2608,0,0,0,1,6
2213,71,8,57,-1,991,208,233,147,1559,0,0,0,1,6
2024,53,12,14,-4,1288,246,217,124,1415,1,0,0,1,4
2092,107,18,249,-2,1564,249,197,165,1981,0,0,0,1,4
3079,115,22,221,61,865,253,237,177,5176,0,0,0,0,2
2611,43,13,89,79,772,250,212,44,2925,1,0,0,1,6
2012,113,9,11,5,1211,243,243,131,2161,0,0,0,1,1
2280,311,16,18,10,674,239,214,144,1271,0,0,0,1,4
2063,95,12,88,89,498,198,199,74,853,0,0,0,1,3
2758,55,10,93,-2,1466,244,219,118,1475,1,0,0,0,2
2329,39,22,80,-2,374,242,229,179,811,0,0,0,0,2
2048,29,9,82,1,246,227,238,204,1807,0,0,0,0,6
2226,42,5,176,-8,858,233,232,142,935,0,0,0,1,6
3112,43,8,237,-10,1885,221,205,127,2139,0,0,1,0,7
2128,75,30,414,5,1114,254,170,93,765,1,0,0,1,4
2472,46,31,13,-5,2827,232,218,80,635,1,0,0,1,4
2612,1,33,28,-12,323,248,230,179,1212,0,0,0,1,4
2522,75,41,89,-12,1241,176,187,171,1778,0,0,0,1,6
2212,326,14,271,19,1466,217,154,190,3206,0,1,0,1,3
2383,238,37,433,15,327,246,183,144,1862,0,0,0,1,2
2479,123,11,231,-5,1226,244,217,106,2195,1,0,0,0,5
2377,20,25,477,79,694,231,200,148,356,0,0,0,1,6
2643,7,3,192,58,621,253,252,72,966,0,0,0,0,4
3039,62,17,85,-8,345,236,236,134,2632,1,0,0,1,4
2289,209,16,3,-4,886,239,224,122,2191,0,0,0,1,4
2631,107,22,110,-9,2239,244,199,118,2136,1,0,0,0,5
2460,126,24,454,31,1896,247,186,108,2235,1,0,0,1,6
3344,28,11,209,6,3436,228,241,96,683,0,0,1,0,7
2312,238,9,101,-2,1753,228,222,197,1170,0,0,0,1,6
2065,316,7,152,9,831,244,238,165,1162,0,0,0,1,3
2491,88,34,313,-3,686,240,160,147,1387,0,0,1,0,5
2531,146,16,77,13,43,242,233,29,226,0,0,0,1,4
2578,324,24,39,38,573,219,227,84,3478,0,0,0,1,3
2180,81,13,133,4,2298,239,203,116,2723,0,0,0,1,5
2385,34,9,265,53,1077,254,168,78,1682,0,0,0,1,2
2226,35,14,26,-3,853,246,218,125,1679,1,0,0,1,4
3216,294,23,262,80,1062,209,222,153,1488,0,0,0,0,6
2111,48,11,335,-3,1645,252,204,88,1816,1,0,0,1,4
2056,322,22,405,37,1386,236,160,198,3785,0,0,0,0,3
2076,322,10,533,51,1396,234,214,169,4223,0,0,0,0,6
2199,50,8,70,-5,363,218,227,138,598,0,0,0,1,6
2016,105,7,4,157,4190,249,160,89,2956,1,0,0,1,7
2176,190,14,82,0,766,253,217,71,1553,0,0,0,1,5
2024,135,16,158,-15,1366,225,213,106,1316,0,0,0,1,4
2663,79,27,117,84,596,235,231,206,2286,0,0,0,1,3
2115,70,14,10,-12,1193,233,243,109,4338,0,0,0,0,5
2479,154,23,310,8,1827,239,222,149,1742,1,0,0,1,3
2799,120,24,2,54,2190,252,228,122,871,0,0,0,1,6
2597,105,22,70,-14,424,231,201,69,1027,0,1,0,1,4
2194,150,20,761,4,1366,253,218,60,546,0,0,0,1,6
2091,30,14,7,87,451,245,214,100,917,0,0,0,1,4
2699,67,4,77,17,341,247,237,113,263,0,0,0,1,4
2118,342,30,343,36,1079,234,216,183,1383,0,1,0,1,6
2457,47,11,125,-12,2065,250,234,28,2822,1,0,0,1,2
2610,138,14,203,-11,2525,184,250,174,116,0,0,1,0,7
2651,57,15,273,5,2360,252,225,61,1785,1,1,0,1,2
2627,52,25,916,21,2771,231,209,128,5506,0,0,1,0,6
2103,222,18,220,85,1565,193,249,231,2141,0,0,0,0,3
3180,94,30,228,35,1053,223,234,138,1189,1,0,1,0,7
2175,42,40,466,191,527,174,203,195,2213,1,0,0,1,6
2762,41,16,182,4,1563,250,205,128,3700,1,0,1,0,6
2084,112,31,6,14,1282,244,167,179,575,0,0,0,1,4
2486,325,31,190,9,1587,198,203,115,4819,0,0,0,1,6
2886,46,11,23,20,1025,218,196,121,1635,0,0,1,0,6
2893,70,14,198,14,3723,217,235,131,5054,0,0,1,0,1
2127,75,43,28,24,553,178,147,56,802,0,0,0,1,3
2178,45,13,75,75,1068,246,219,117,1346,0,0,0,1,6
2820,34,11,4,43,646,240,229,117,955,1,0,0,0,4
3381,61,13,62,-1,1537,253,230,74,1958,1,1,0,0,2
3092,9,27,389,4,2422,236,210,68,2191,1,0,1,0,1
2280,68,16,18,-7,426,252,224,113,1320,1,0,0,1,4
2408,94,38,139,44,1799,248,250,77,1246,0,0,0,0,5
2223,315,15,59,88,1666,179,248,161,1959,0,0,0,1,4
2305,49,34,198,-38,510,244,219,101,1192,0,0,0,1,3
3321,70,11,222,38,4392,196,206,60,1092,1,0,1,0,1
3370,28,6,102,2,4517,184,203,154,2298,1,0,1,0,2
2074,69,44,852,9,263,245,151,134,2279,0,0,0,1,3
2662,12,9,221,44,2545,249,234,138,1311,0,0,1,0,2
2625,220,8,1060,164,1086,239,230,155,1126,0,0,1,0,5
3018,99,6,16,35,817,252,182,158,1074,0,0,0,0,2
2618,39,5,31,141,2981,241,213,47,1219,1,0,1,0,5
3270,218,15,188,87,2465,228,251,138,1806,0,0,1,0,5
2358,173,39,481,40,492,217,246,222,2162,0,0,1,0,3
2984,80,20,398,77,4562,243,189,73,1318,1,1,0,0,5
2238,129,11,216,32,801,240,180,123,448,0,0,0,1,3
2367,56,13,15,-5,832,250,222,72,938,1,0,0,1,4
2779,26,27,526,12,1367,254,212,105,2225,1,0,0,0,5
2492,185,23,707,131,1695,159,228,147,930,0,0,0,1,6
2702,192,17,122,12,791,247,216,138,1377,0,0,0,1,3
2313,281,31,366,93,328,207,183,202,1170,0,0,0,1,4
3335,125,9,781,1,1196,175,241,140,1395,1,0,1,0,2
2206,74,9,55,-9,576,238,216,99,513,0,0,0,1,6
2151,144,29,372,-2,1443,247,214,9,2487,1,1,0,1,4
2325,91,23,25,2,136,211,177,184,920,1,0,0,1,4
3096,64,6,295,2,1009,249,194,43,1016,0,0,0,1,4
2600,79,36,46,-46,269,225,155,112,1050,0,1,0,1,4
2379,71,16,123,38,86,201,196,58,639,0,0,0,1,3
2521,150,33,96,102,1547,251,202,43,1357,1,0,0,1,5
2156,65,10,22,15,624,177,222,211,782,0,0,0,1,3
2231,351,14,264,236,2876,209,251,210,2062,0,0,0,1,6
3029,72,11,464,0,920,243,194,155,1236,0,0,0,0,5
2851,45,12,110,-17,882,235,218,98,1519,0,0,0,1,4
2391,175,17,124,-7,677,250,213,139,1403,0,0,0,1,4
2951,35,6,150,-6,4489,225,209,109,4108,1,0,1,0,2
2179,76,12,103,11,896,250,225,75,4665,0,0,1,0,2
2771,95,9,159,13,515,251,219,30,930,1,0,0,1,4
2825,336,26,414,13,1612,194,221,58,1392,1,0,1,0,2
2184,83,44,256,105,431,173,154,122,321,0,0,0,1,4
2288,178,29,102,3,649,239,164,91,739,0,0,0,1,5
3286,284,21,356,6,667,230,201,199,1270,0,0,0,1,6
2799,249,16,75,71,328,233,233,211,2167,0,0,1,0,3
2183,311,32,67,-4,379,186,161,193,538,0,0,0,1,3
3408,22,10,620,3,3699,202,218,142,1264,0,0,1,0,2
2150,202,17,291,0,1543,235,249,187,892,0,0,0,1,3
2560,329,28,64,127,1067,244,200,138,3813,1,0,1,0,2
2227,16,10,2,-1,1706,251,229,134,2041,1,0,0,1,3
2843,21,12,148,-5,335,232,202,110,6227,0,0,0,0,3
2261,74,27,50,56,388,229,215,154,1756,0,0,0,1,3
2934,130,27,255,-3,3532,233,198,94,916,1,1,0,0,2
2649,32,8,117,-11,925,252,231,62,3795,0,0,0,1,2
2384,113,17,427,3,434,211,186,205,540,0,0,1,0,3
2183,117,29,91,58,836,238,174,140,199,1,1,0,1,4
2698,85,17,194,-1,421,237,224,166,4117,1,0,1,0,4
2024,11,18,83,8,696,223,229,67,1041,1,0,0,1,7
2021,187,34,99,111,813,239,219,151,882,0,0,0,1,4
2245,33,12,1,-4,1080,245,197,92,1635,1,0,0,0,6
2273,298,31,241,68,1769,162,170,166,1741,0,0,0,1,3
2469,10,8,63,49,947,226,234,166,1257,0,0,1,0,2
2227,193,16,51,55,708,208,206,190,426,0,0,0,1,3
2805,105,19,90,40,432,244,226,16,1367,0,0,0,0,5
3411,66,8,193,7,1541,225,209,117,3051,1,0,1,0,2
2157,252,16,12,94,682,249,182,147,2505,0,0,0,1,3
3003,77,9,65,-8,300,217,212,99,4303,1,0,1,0,7
2154,317,31,53,2,2875,222,233,205,1012,0,0,0,1,4
3373,341,21,172,49,4226,219,230,198,702,1,0,1,0,1
2816,237,9,225,27,1074,248,207,72,760,0,0,0,1,6
3144,39,23,74,83,496,244,217,93,2399,1,0,0,0,7
2783,44,16,329,60,1288,239,241,161,817,0,0,1,0,2
2098,59,8,215,-2,2411,214,198,215,1426,0,0,0,1,6
1946,351,28,363,44,1230,175,192,150,517,1,0,0,0,3
1986,307,11,326,85,995,181,230,221,1948,0,0,0,1,6
3270,32,10,288,44,669,228,236,133,2138,0,0,1,0,5
2218,58,6,217,57,512,190,231,228,1886,0,0,0,1,3
3033,62,10,169,15,343,234,244,217,672,0,0,1,0,2
2721,49,15,139,53,147,245,193,44,1659,1,0,0,0,5
2143,197,31,103,5,836,247,213,181,875,1,0,0,0,2
2151,62,35,352,54,933,247,211,130,772,0,0,0,1,4
2919,210,10,13,59,836,249,222,22,412,0,0,1,0,5
2389,73,42,56,57,739,185,194,217,1848,1,0,0,1,3
2015,66,19,454,-10,258,231,197,163,990,0,0,0,1,4
2720,83,20,75,2,394,238,239,168,2547,0,0,0,0,2
2738,152,17,533,1,99,253,214,104,1904,1,1,0,0,5
3311,126,16,848,16,4068,244,222,210,910,0,0,1,0,2
2047,74,10,363,54,1576,244,223,138,1166,0,0,0,1,6
2203,95,14,380,71,274,210,162,43,622,0,0,0,1,3
2046,173,26,187,-1,1120,221,249,192,2123,0,0,0,1,3
2023,22,26,170,77,574,229,217,99,2884,1,0,0,1,4
2463,94,7,222,167,591,235,228,95,1121,0,0,0,1,4
3353,35,25,4,9,2525,232,225,147,2938,1,0,1,0,1
2627,159,31,4,-5,396,249,205,50,1574,1,1,0,1,4
2524,130,19,165,5,166,254,235,76,1681,0,0,0,1,3
3267,25,15,236,139,803,223,219,212,2467,1,1,1,0,2
2821,149,14,150,3,1936,246,219,119,3274,0,0,0,0,5
3075,146,8,1,36,2512,229,234,79,1490,1,0,0,0,2
2418,47,18,48,1,2497,200,201,103,1629,0,0,0,0,5
2384,121,18,244,8,692,240,202,131,1153,0,0,0,1,3
2728,195,8,436,46,2069,170,250,159,1926,0,0,1,0,7
2890,63,14,43,-5,702,235,213,94,2795,1,0,0,0,1
3168,79,4,207,26,830,253,234,28,1928,1,0,0,0,5
2153,68,34,236,72,1147,224,243,125,490,0,0,0,1,4
2178,98,11,597,13,481,248,203,94,2621,0,0,0,1,2
2483,108,38,354,57,188,187,218,179,2002,0,0,0,1,4
3015,79,26,188,66,618,228,235,93,2118,0,0,1,0,2
2966,10,11,47,3,918,247,211,124,1043,1,0,0,0,5
2330,318,7,227,29,514,245,214,209,930,0,0,0,1,3
2080,122,24,132,39,165,238,182,145,663,0,1,0,1,4
2684,18,11,108,3,3732,233,214,116,4338,0,0,1,0,7
2465,244,20,134,-13,208,182,248,113,219,0,0,0,1,3
2890,37,34,174,3,640,248,164,138,1773,0,0,0,1,3
2210,60,20,392,-7,906,243,234,166,548,1,0,0,1,3
2579,178,19,283,53,1192,226,252,171,1333,0,0,0,0,6
2915,27,24,115,4,777,211,219,139,3981,0,0,1,0,2
2253,11,35,136,-5,351,221,209,71,559,0,0,0,1,6
2804,49,28,97,8,524,250,199,118,1426,0,1,0,0,2
2919,86,7,12,9,1017,252,197,19,3378,0,1,0,0,2
2269,59,10,158,5,1332,253,215,80,4096,1,1,0,1,5
2828,94,18,838,-12,1100,228,213,40,827,0,0,1,0,2
2344,113,24,88,-96,1298,242,225,111,1192,0,0,0,0,4
2383,48,29,194,-1,3684,251,213,36,689,1,0,0,1,6
2312,108,20,468,-3,660,236,197,193,680,0,0,0,1,3
2328,109,12,31,44,512,242,225,200,1605,0,0,0,1,4
2841,110,29,222,10,873,250,207,37,3932,1,0,0,1,6
2191,65,16,25,10,1191,211,217,146,2255,0,0,0,1,3
2498,66,13,492,1,771,231,222,165,533,0,0,1,0,5
2091,111,19,101,1,146,244,237,157,2706,0,0,0,1,3
2679,8,19,463,0,657,250,234,102,1340,1,0,0,0,4
2856,143,15,491,218,5189,208,246,163,1665,1,0,1,0,2
2675,65,13,140,34,1255,251,206,111,1229,1,0,0,1,5
2343,177,3,101,68,403,251,252,61,1680,0,0,0,1,5
2393,66,17,147,9,361,253,189,93,832,1,0,0,0,4
2161,181,5,344,36,933,247,190,206,649,0,0,0,1,3
2183,76,22,122,42,362,240,140,118,1891,0,0,0,1,4
2076,315,24,591,71,509,162,198,186,1085,0,1,0,1,3
2004,150,34,255,200,498,247,229,102,693,0,0,0,1,4
2010,135,42,247,28,655,249,196,150,748,0,0,0,0,5
2835,72,16,148,44,529,240,200,51,2540,1,0,0,1,2
2961,61,13,326,-6,798,246,134,45,1281,0,0,0,1,4
2515,191,26,43,-2,478,233,226,144,1287,0,0,0,1,4
3193,148,9,474,63,741,233,223,159,2124,1,0,1,0,6
3052,212,7,304,-14,2652,248,214,153,1200,0,0,1,0,2
2435,95,24,124,34,654,228,240,147,1655,0,0,0,0,3
2159,37,19,88,2,731,228,210,73,684,0,0,0,1,4
2741,216,13,291,-2,1086,238,201,116,1064,1,1,0,0,2
3410,53,13,29,26,1573,235,203,113,1653,1,0,1,0,2
2766,38,12,98,-1,1433,250,213,201,2069,0,0,1,0,7
2527,80,5,589,27,512,234,230,93,1344,0,0,1,0,2
2515,81,40,51,-3,393,246,194,15,2445,0,0,0,1,4
2959,82,34,107,7,1615,252,194,57,3015,1,0,1,0,7
2563,73,4,170,75,659,214,231,97,1473,0,0,1,0,1
3099,40,8,146,15,2677,254,199,60,3784,1,0,0,0,2
2194,33,12,104,-3,671,227,222,63,1859,1,0,0,1,4
2306,159,14,121,17,1050,247,190,61,853,1,0,0,0,5
2357,277,32,142,9,349,225,217,89,1371,0,0,0,1,6
2609,154,9,619,-7,877,226,227,65,2936,0,0,1,0,2
2046,339,25,298,86,489,207,227,182,687,0,0,0,1,6
2155,201,30,289,3,530,250,243,182,1392,0,1,0,1,3
2221,69,12,43,41,462,228,208,135,793,0,0,0,1,3
2126,62,22,251,12,559,234,174,183,1255,0,0,0,1,4
3102,44,27,296,0,2640,248,210,69,1849,1,0,1,0,2
2841,33,18,113,-10,143,252,215,154,2224,1,1,0,1,4
2235,98,7,15,0,1277,235,176,184,3932,1,0,0,1,4
2390,127,33,244,35,764,225,226,109,1538,1,1,0,1,4
2213,132,36,379,137,1378,244,168,58,1768,1,0,0,1,7
2026,347,32,5,98,1122,241,178,202,869,0,0,0,1,6
2834,311,19,42,15,795,166,124,89,2891,0,0,0,1,4
2747,157,22,318,7,1524,254,249,195,773,0,0,0,1,4
2698,109,11,51,30,3716,182,223,139,1873,0,0,1,0,1
2278,328,32,35,2,1312,186,177,130,753,1,0,0,1,3
2620,89,7,49,13,731,245,209,119,6070,1,0,1,0,5
2668,79,24,418,-11,534,243,187,153,536,0,0,0,1,6
2940,56,10,10,123,1292,254,203,93,3292,0,1,1,0,7
2109,65,16,182,97,511,237,232,132,2110,1,0,0,0,4
2112,69,18,81,36,385,211,204,227,631,0,0,0,1,6
3236,227,16,94,-4,2272,250,235,131,2149,1,0,1,0,1
3081,68,14,93,33,5437,236,206,55,2975,1,1,1,0,2
2847,329,26,294,1,630,233,161,72,998,0,0,0,0,2
2064,156,29,294,-13,940,216,237,71,1822,0,1,0,1,4
2419,70,32,69,3,260,245,191,132,932,1,0,0,1,4
2704,74,10,465,11,1884,250,185,143,216,0,0,0,1,5
2402,208,14,466,143,1271,215,168,135,663,0,0,0,1,3
3397,49,13,723,-1,2057,213,221,59,2150,0,0,1,0,1
2751,40,11,173,-4,2075,232,211,143,1518,1,1,0,0,2
3230,59,12,51,1,115,234,232,120,2401,1,0,1,0,5
2344,60,12,25,38,1197,254,214,127,482,1,0,0,1,4
3041,82,16,99,-8,1286,248,226,100,1762,1,1,0,1,2
2582,74,29,1125,32,703,231,158,164,6510,0,0,1,0,5
2236,159,14,90,-7,2023,246,210,148,659,0,0,0,1,5
2539,255,29,176,31,297,149,249,170,1260,0,0,0,0,6
2448,273,10,91,-5,1052,159,234,180,1049,0,0,0,1,6
2322,99,4,147,4,1142,253,228,146,2189,0,0,0,1,6
2859,90,16,188,-4,4185,234,224,199,3217,0,0,1,0,1
2326,137,24,158,-7,726,223,235,116,991,0,0,0,1,3
2404,84,10,263,50,2421,246,190,74,5988,0,0,1,0,2
2077,346,18,230,32,1314,217,153,160,801,1,0,0,1,6
2237,16,9,36,7,237,253,208,123,3042,1,0,0,1,4
2880,103,13,116,64,542,217,252,198,2150,1,0,1,0,2
2240,40,14,15,21,1671,234,196,115,307,0,0,0,1,6
2920,15,14,2,-9,1085,231,205,52,1651,1,0,0,0,2
3399,16,14,192,2,1347,234,225,149,1593,0,0,1,0,7
2430,48,7,1,-2,1111,246,216,152,1253,1,0,0,1,4
2199,6,17,262,8,663,190,189,202,688,0,0,0,1,6
2137,25,14,166,93,1220,231,207,98,1726,0,1,0,1,6
2949,117,12,233,2,4010,192,234,146,1890,0,0,1,0,7
2650,8,12,312,-5,1322,253,206,147,3753,1,0,1,0,2
2913,22,6,143,62,876,230,210,147,1278,0,0,1,0,5
2534,187,30,486,84,1258,234,234,208,425,1,0,1,0,5
2355,194,27,96,28,296,215,178,100,656,0,0,0,1,6
2358,56,16,507,4,973,189,216,77,1642,0,0,0,1,4
2337,94,30,86,21,685,178,226,162,1801,0,0,0,1,6
2248,92,12,306,-52,1573,229,216,199,807,0,0,0,0,6
3235,48,13,609,5,3932,233,210,125,3245,1,0,1,0,7
2013,97,40,589,-11,2146,152,206,161,122,0,0,0,1,5
2462,352,14,90,23,852,211,202,161,1047,1,0,0,1,6
2081,41,35,14,24,1172,201,223,185,923,0,0,0,1,6
2590,143,25,220,-13,1976,218,213,63,577,0,0,0,0,3
2199,308,33,16,-1,57,249,192,112,546,0,0,0,1,3
2697,351,20,77,85,749,215,240,220,1658,0,0,0,1,4
2439,58,15,83,43,1829,214,220,171,1467,1,0,1,0,7
3196,77,11,321,-10,3359,245,223,164,679,0,1,1,0,2
3246,44,11,186,116,4297,222,215,121,3173,1,0,1,0,1
2147,161,20,189,53,995,246,226,151,508,0,1,0,1,4
2533,45,8,261,-18,776,239,220,158,4461,0,0,0,1,6
3301,49,9,455,15,2336,219,217,139,684,0,0,1,0,7
2453,190,18,386,0,298,224,227,79,1134,0,0,0,1,6
3130,96,8,442,159,3347,216,222,138,1609,0,0,1,0,1
2387,139,21,24,-10,1418,243,228,135,1665,0,0,0,1,4
2391,113,22,155,107,296,252,187,16,1254,1,1,0,0,5
2031,106,25,23,-7,1179,247,230,145,937,1,0,0,1,4
3079,105,4,229,9,2389,244,223,190,1628,0,0,0,0,6
2950,80,30,286,-4,2930,212,186,158,1876,1,0,1,0,5
2623,68,33,53,-12,2516,250,203,84,612,0,0,0,1,2
2636,31,20,387,-1,401,247,232,154,824,1,0,0,1,6
2210,341,25,110,119,238,180,217,129,2430,0,0,0,1,3
2883,57,10,36,0,1123,225,214,154,2075,1,0,1,0,7
2551,55,18,54,3,1706,233,149,93,3977,1,0,0,1,6
2183,207,10,53,33,947,232,236,206,688,0,0,0,1,4
2282,128,29,98,4,151,244,163,1,4621,0,0,0,1,5
2881,44,16,10,74,1030,216,174,104,4495,1,0,0,1,7
2046,143,3,135,-6,1484,241,214,140,864,0,1,0,1,4
2671,117,22,56,-7,1486,251,220,117,336,0,0,0,1,4
2746,73,6,30,1,1441,233,221,126,3173,1,0,0,0,6
2929,110,19,206,-3,1875,248,220,137,2408,1,0,1,0,2
2266,76,13,284,2,2153,219,215,187,1282,1,0,0,1,6
3043,312,26,460,45,5376,217,216,135,2574,1,0,1,0,7
2519,50,9,12,36,728,252,212,122,1200,1,0,0,1,2
2188,165,16,282,110,1063,252,182,23,1445,0,0,0,1,3
2799,240,13,138,-24,1342,251,243,141,400,0,1,0,1,1
2393,30,20,99,13,118,239,181,127,1377,0,0,0,1,4
2255,321,16,221,-4,939,246,233,210,1902,0,0,0,1,6
2049,174,8,60,54,147,238,243,72,2980,0,0,0,1,4
2710,83,6,466,135,1526,243,232,92,2854,0,0,0,0,2
2747,72,6,942,115,5727,198,223,137,2030,1,0,1,0,2
3077,57,9,366,-3,721,221,225,166,1620,1,0,1,0,7
1990,235,40,254,129,1709,247,161,130,712,0,0,0,1,3
2196,56,30,286,183,189,243,221,174,786,1,0,0,1,4
2643,204,25,297,29,1133,203,228,222,1121,0,0,0,0,6
2667,298,8,44,3,1245,213,244,163,2047,0,0,1,0,1
2853,135,14,289,47,1711,240,245,140,1458,0,0,1,0,7
2769,149,20,237,87,1470,240,236,178,2122,0,0,0,1,5
2260,87,16,72,73,2380,243,216,85,678,0,0,0,1,6
3347,197,11,275,39,3417,230,249,151,875,1,0,1,0,1
2098,114,21,111,60,718,241,213,122,1973,0,1,0,0,2
2731,30,13,434,38,4921,138,238,121,1111,0,0,1,0,7
2234,315,12,70,-7,547,228,173,132,1227,0,1,0,1,4
2437,39,30,213,106,907,199,241,135,2660,0,0,0,1,6
3097,283,6,467,47,3593,227,241,209,1782,1,0,1,0,1
3017,74,20,134,28,1172,245,179,110,3221,0,0,0,0,5
2078,301,40,948,61,1580,193,161,140,1623,0,0,0,1,5
3168,104,15,357,-11,261,233,222,118,2174,0,0,1,0,5
3175,25,18,192,122,2122,219,191,147,3249,1,0,1,0,2
2223,81,17,284,-2,2202,253,248,204,528,0,1,0,1,3
3210,36,16,269,1,1127,204,212,129,2938,1,1,1,0,1
2674,281,10,295,1,478,235,249,104,928,0,0,1,0,2
2210,325,18,249,52,206,250,189,130,679,0,0,0,1,3
2087,169,13,170,-14,1800,241,214,158,1015,0,0,0,0,5
2307,59,23,48,67,1219,254,231,144,608,0,0,0,1,3
2532,165,7,35,22,2611,215,238,62,1411,0,0,1,0,1
2213,222,12,93,2,278,237,206,199,1949,0,0,0,1,3
3112,56,9,22,51,846,247,185,101,3084,0,0,1,0,5
3007,16,14,333,72,1157,253,173,104,2027,1,0,0,1,4
2911,151,19,0,-4,1082,240,202,60,1087,1,1,0,1,7
2046,38,21,316,-7,2424,224,175,103,1566,0,0,0,1,4
2190,42,35,114,114,72,245,245,204,402,0,0,0,1,4
3014,18,16,94,-4,1023,244,234,154,1544,0,0,0,0,2
3147,117,15,299,5,1433,224,216,122,1489,1,0,0,1,2
3401,46,13,14,-23,964,231,219,145,1316,1,0,1,0,7
2035,168,26,78,18,282,244,149,192,2056,1,0,0,1,6
2075,76,9,89,6,908,217,200,41,1469,0,0,0,1,4
2204,107,14,18,-8,1549,238,187,133,525,1,0,0,0,2
3222,317,6,158,40,2281,239,223,144,5699,0,0,1,0,2
2062,92,15,274,28,1405,219,243,75,3018,1,1,0,0,2
2460,90,26,56,53,361,236,219,110,963,1,0,0,1,4
2697,48,9,77,50,1546,252,225,124,966,1,0,0,1,6
2320,34,33,146,169,854,186,173,140,767,1,1,0,1,3
2672,290,18,117,66,688,233,194,178,1315,0,0,0,0,3
2325,194,24,203,-1,802,223,198,128,3580,1,0,1,0,5
3267,262,6,42,107,4007,143,245,142,5720,1,0,1,0,1
2659,244,22,297,80,1460,253,233,109,1331,0,0,0,0,1
3209,312,11,198,19,2184,244,233,135,710,0,1,1,0,1
2434,345,14,321,125,1037,223,204,91,1302,0,0,0,1,4
2327,98,8,397,-10,1485,216,211,157,441,1,0,0,1,4
2262,189,13,351,135,1709,250,178,146,703,0,0,0,1,4
3442,9,12,518,-5,1236,221,215,102,647,1,0,1,0,2
3068,223,35,55,43,891,236,249,160,1385,0,0,1,0,3
2166,32,21,122,-3,765,208,205,135,442,0,0,0,1,4
2323,287,20,172,-26,305,167,212,194,1705,0,0,0,1,6
3259,330,15,214,39,1845,180,195,170,2516,0,0,1,0,6
2329,23,39,254,3,1186,219,214,47,1679,1,1,0,1,3
2474,216,28,315,75,2615,253,215,108,1209,1,0,0,1,2
3163,57,26,68,-12,2305,253,139,83,1220,1,0,0,1,4
2977,92,25,17,-3,2138,244,224,102,1713,1,0,0,0,2
2725,148,13,251,56,956,250,206,140,2447,1,0,1,0,5
2300,55,25,182,158,381,244,199,100,1196,0,0,0,1,3
2014,151,17,78,12,379,249,219,154,5011,0,0,0,0,5
2818,31,8,14,9,376,247,220,64,3097,0,0,0,1,6
2267,174,29,12,-12,490,246,217,47,1290,0,0,0,1,6
2838,36,6,24,2,3190,243,231,92,1031,1,0,1,0,7
3005,114,9,277,-1,716,222,212,118,1653,0,0,1,0,7
2163,100,20,91,40,669,251,182,126,781,0,0,0,0,5
2066,40,18,78,-5,1275,246,225,116,4318,0,0,0,1,5
2225,183,11,430,46,1121,223,179,172,2815,0,0,0,0,2
3143,103,11,213,-4,1092,187,194,120,2300,0,0,1,0,1
3260,343,10,465,5,2447,207,234,154,1551,0,0,1,0,1
2626,13,12,98,57,333,242,234,99,1956,0,0,0,1,3
3077,30,12,174,-19,82,240,245,148,984,1,0,1,0,3
2243,55,7,486,-94,1315,221,202,170,890,0,0,0,1,6
2189,66,14,23,-5,1654,183,209,81,2319,0,0,0,0,6
2080,195,15,176,25,2290,234,168,182,1499,0,0,0,1,4
2403,16,34,488,100,151,203,245,180,957,0,0,0,1,3
2503,69,14,26,6,745,232,211,70,2131,1,0,0,1,5
2281,346,20,260,96,1378,254,248,138,1478,0,0,0,1,4
1933,113,30,26,28,246,232,204,156,1090,0,0,0,1,4
2974,54,13,302,18,1160,231,212,72,2023,0,0,1,0,2
2183,49,41,29,3,1953,240,199,24,822,0,0,0,1,6
2167,298,12,281,106,1006,254,230,84,677,0,0,0,1,4
2769,63,25,373,56,1108,252,149,80,2759,0,0,1,1,5
2036,208,35,26,43,1545,152,242,240,505,0,0,0,1,6
2830,32,16,40,13,490,242,201,81,1288,0,0,0,0,5
2123,140,4,227,54,1420,180,217,191,1288,0,0,0,1,3
2032,234,23,59,-13,994,215,242,167,1702,0,0,0,0,3
2097,83,15,374,4,1891,253,216,120,2644,0,1,0,0,4
2347,72,24,104,123,331,194,190,226,1845,0,0,0,0,6
2981,351,12,43,100,1234,232,225,151,1838,0,1,1,0,5
2147,76,26,180,48,672,181,154,224,544,0,0,0,1,3
2358,71,35,15,20,1235,252,224,90,1667,1,0,0,1,5
1991,191,7,155,-11,1099,250,252,94,2320,0,0,0,1,4
2159,38,24,85,2,201,235,176,120,484,0,0,0,1,6
2108,44,37,29,17,276,243,215,153,476,0,0,0,1,2
2527,338,7,311,11,956,219,221,148,2625,0,0,1,0,6
2062,107,33,172,13,236,242,227,124,2585,0,0,1,1,5
2668,59,26,42,61,899,250,193,175,1101,1,0,0,1,3
2885,106,5,421,5,2111,223,251,216,1397,0,0,1,0,7
2069,101,22,102,-1,543,238,198,191,529,1,0,0,1,4
1942,91,12,239,14,734,246,221,56,1244,0,0,0,1,4
1994,244,23,320,0,1566,214,227,103,238,0,0,0,1,5
2147,222,27,7,22,145,230,206,127,2560,0,0,0,1,3
2599,125,16,472,29,52,209,208,166,589,0,0,0,1,3
3151,44,13,43,-11,1396,226,211,27,4111,0,0,0,1,2
2285,10,37,357,-2,1539,227,202,171,1028,0,0,0,1,6
3053,71,12,19,4,2302,243,195,17,1488,1,0,0,0,5
2652,36,8,88,-29,2178,225,221,60,472,0,0,0,0,3
3106,317,11,346,72,678,245,246,127,1798,0,0,1,0,3
2628,53,17,124,-12,689,220,228,168,1697,0,0,0,1,6
3003,97,8,90,-4,3180,216,234,107,1763,1,0,1,0,5
3395,54,5,104,11,1578,204,215,138,2275,1,0,1,0,2
1984,31,31,57,41,573,242,179,115,1398,0,0,0,1,6
2901,98,13,139,54,575,229,146,184,807,0,0,0,1,6
2438,40,12,461,2,1315,246,208,66,3043,1,1,0,1,2
2381,45,8,210,101,1369,248,202,110,4258,1,0,1,0,2
2203,89,41,81,-10,1196,241,188,43,1041,0,0,0,1,6
2537,82,13,234,44,509,227,249,130,1178,1,0,0,0,5
2334,346,20,566,71,447,194,146,123,803,0,0,0,1,3
3258,56,16,518,30,3703,218,217,125,644,0,0,1,0,7
2686,211,23,259,9,1277,235,248,137,6061,0,0,1,0,5
2441,160,17,635,75,778,244,214,84,3124,1,0,1,0,5
2840,63,17,66,5,783,252,214,124,4027,0,0,0,0,5
2316,25,28,94,-1,450,236,173,76,1700,0,1,0,1,5
2735,74,11,61,45,4041,233,226,175,860,0,0,1,0,7
2179,316,19,383,93,201,203,169,124,541,0,0,0,1,3
3493,112,14,136,-16,1411,253,224,49,940,1,0,0,0,2
2340,68,34,39,46,874,246,157,128,1057,0,0,0,1,3
2719,262,26,171,0,928,215,224,162,2201,0,0,1,0,6
2503,104,10,96,-10,356,225,210,201,2306,0,0,0,1,6
2702,126,13,117,1,1184,230,226,122,4118,0,0,1,0,7
3224,46,15,45,48,1025,212,236,131,932,0,1,1,0,1
2968,48,7,3,44,443,223,221,85,965,0,0,1,0,7
2194,322,27,700,2,1176,231,167,200,2272,0,0,0,1,3
2038,286,28,59,13,497,200,220,152,5440,0,0,0,0,3
3167,289,11,73,65,966,218,211,95,2768,1,0,0,0,2
2496,54,34,548,87,837,246,187,158,1564,0,0,0,1,4
2295,66,40,184,33,1291,236,207,142,939,1,0,0,0,5
2828,146,10,38,35,1016,219,249,169,1919,0,0,1,0,2
2760,80,15,234,-3,596,246,192,116,3846,1,0,1,0,1
2943,162,6,69,-5,432,246,223,90,447,0,0,1,0,7
2242,102,11,32,70,773,190,252,173,917,0,0,0,1,3
2249,14,15,148,-8,193,248,199,32,1471,1,0,0,0,6
2104,254,14,175,12,458,241,226,92,377,0,0,0,1,4
2202,53,4,414,5,338,254,217,34,1087,0,0,0,1,4
2234,358,12,122,29,1037,216,177,143,883,1,0,0,1,6
2060,244,18,11,-6,1250,199,240,133,1079,0,0,0,1,3
2562,51,10,255,-15,603,243,237,81,1492,0,0,0,1,5
2109,156,18,315,-4,659,239,200,97,843,0,0,0,1,4
2796,25,7,300,-13,1120,251,226,113,1187,1,0,0,1,4
2170,124,29,51,0,1344,241,214,148,716,0,0,0,1,4
2842,91,12,372,-5,636,225,204,130,988,1,0,0,0,6
2411,94,19,257,-11,1646,231,207,75,619,0,0,0,0,5
2740,94,24,174,50,212,242,225,116,903,0,0,0,0,5
2297,184,28,124,4,366,203,166,124,664,0,0,0,1,4
2313,300,6,9,3,635,209,234,155,1142,0,0,0,1,4
2772,134,16,169,-3,488,199,253,126,1727,0,0,1,0,5
2173,60,22,78,-4,2614,242,205,155,1832,0,0,0,1,4
2832,303,44,422,149,247,220,245,168,987,0,0,0,0,6
2179,302,18,161,1,1360,247,250,68,1630,0,0,0,1,4
2573,49,38,179,23,1348,254,195,106,4534,1,0,0,0,2
2509,72,24,99,-6,315,246,200,81,1532,1,0,0,1,4
2902,307,17,165,74,2123,210,203,102,427,1,0,1,0,6
2524,36,8,289,61,3387,245,228,224,1044,1,0,1,0,2
2763,45,38,287,16,1293,250,142,52,1640,1,0,0,1,2
2717,70,18,73,-15,2400,209,214,100,1051,0,0,0,1,4
2852,12,14,75,-56,856,241,211,153,1129,0,0,0,1,6
3216,136,3,627,-6,1492,220,223,147,6269,0,0,1,0,5
1982,51,23,39,28,830,242,216,132,1067,0,0,0,0,3
2171,33,12,200,-5,317,184,242,166,1199,0,0,0,1,6
2180,87,22,7,-1,1145,226,215,176,668,0,0,0,1,3
2154,67,22,441,2,1855,251,202,132,1212,1,0,0,1,4
2271,187,11,59,-54,614,242,232,138,517,0,0,0,1,4
2021,55,15,210,78,2580,235,213,99,1038,1,0,0,1,3
3060,29,16,74,53,784,239,193,114,2269,1,0,1,0,6
2536,309,14,394,47,488,244,199,132,1638,0,0,1,0,2
2484,281,34,60,152,1232,189,216,146,2906,0,0,0,0,3
2747,101,5,186,63,584,232,249,20,966,0,0,0,1,3
2082,81,26,221,15,1277,240,247,156,1813,1,0,0,0,2
3256,35,13,182,2,1518,215,247,194,1478,1,0,1,0,2
2139,33,20,184,56,799,226,224,143,762,0,0,0,1,4
2572,70,12,112,37,524,250,228,108,1051,1,0,1,0,5
3096,181,12,241,43,3711,246,236,168,742,0,0,1,0,1
2459,288,13,370,241,1280,237,225,158,1710,0,0,1,0,2
2731,17,26,246,109,1627,200,231,127,1795,0,0,1,0,6
2515,121,32,221,3,457,206,156,177,818,0,0,0,1,3
3104,46,17,561,10,606,243,211,57,3497,1,0,0,1,2
2640,38,17,210,49,443,233,225,150,1377,0,0,0,1,6
2537,35,12,27,4,854,252,232,143,1434,0,0,0,1,6
2231,58,13,297,141,295,236,214,152,859,0,0,0,1,3
2811,52,33,208,4,430,247,177,8,1349,1,0,1,0,2
2967,147,22,215,2,1196,246,220,171,2045,1,0,1,0,5
2937,104,11,223,14,42,250,240,150,2044,0,1,0,0,5
2570,92,14,74,-5,834,214,212,81,544,1,1,0,1,4
2542,81,13,84,2,1425,245,209,208,1749,1,0,1,0,7
2850,200,12,112,55,4927,203,240,146,2836,0,0,1,0,7
2209,47,7,31,11,1336,196,206,99,675,0,0,0,1,6
2834,39,4,12,-8,703,252,225,129,1962,1,1,1,0,7
2372,307,22,89,20,54,252,179,139,1259,0,0,0,1,3
2232,323,33,18,1,692,186,221,207,546,0,0,0,1,6
3412,59,9,295,-1,3543,210,246,131,2061,1,0,1,0,1
2274,220,12,172,4,1565,253,240,131,1137,0,1,0,1,3
2198,248,29,23,43,492,204,157,81,566,0,0,0,1,3
2280,188,40,142,43,437,184,234,202,833,0,0,0,1,3
2129,183,16,370,42,886,246,213,73,249,0,0,0,1,4
2046,77,14,269,-5,3199,240,221,154,1617,0,0,0,1,5
2510,69,14,536,69,1335,253,190,160,1579,1,0,1,0,7
2193,162,14,15,59,33,200,209,206,647,0,0,0,1,3
2806,100,12,42,43,2026,168,225,141,1408,0,0,1,0,5
2668,338,24,1012,199,1633,243,224,180,1754,0,0,1,0,7
2615,189,20,408,218,1848,245,235,146,1728,0,0,0,1,4
3059,29,21,151,32,1365,246,224,120,1357,0,1,0,0,1
2270,14,22,97,-6,679,252,201,122,1247,0,0,0,1,4
2206,330,17,17,97,617,240,204,124,634,0,0,0,1,6
2537,134,13,151,-4,744,131,220,192,864,1,0,0,1,6
2852,74,9,53,-7,750,246,197,110,1661,1,0,0,0,2
3138,80,7,296,88,4984,211,211,155,2302,0,0,1,0,1
2844,50,19,215,-12,4381,246,216,118,1750,1,0,0,1,4
2698,79,21,124,-5,578,164,251,168,1703,0,0,1,0,2
3278,31,10,1,1,3893,191,218,133,3914,0,0,1,0,7
2515,129,22,32,22,908,251,228,89,2172,1,0,0,1,2
3026,96,25,9,34,1028,228,218,133,3402,1,0,1,0,5
2714,162,28,112,89,295,234,247,65,300,0,0,0,1,3
2372,64,8,12,-1,742,247,173,99,3246,1,0,0,0,2
3011,1,12,113,46,1101,220,214,135,2430,0,0,1,0,7
2135,209,34,190,48,1460,206,245,38,2125,0,0,0,1,3
2498,42,31,4,32,2130,253,218,74,440,0,0,0,1,7
2691,75,14,262,12,1082,242,232,178,2887,0,0,1,0,7
2791,46,11,144,11,2466,229,211,51,4304,1,0,1,0,2
3159,15,5,80,12,2550,246,157,66,2607,0,0,1,0,2
2490,326,19,220,113,4791,192,239,190,1043,1,0,0,0,1
2228,144,22,93,45,3148,240,214,108,1569,1,0,0,1,4
2276,126,20,30,49,994,254,243,167,1281,0,0,0,1,3
2471,314,9,513,-3,805,223,232,170,704,1,0,0,0,6
2703,155,17,19,-7,2149,243,209,111,2790,1,1,1,0,7
2860,89,15,72,-5,389,251,246,94,821,0,0,1,0,3
2478,190,39,3,-4,372,245,234,41,1473,0,0,0,1,4
2787,66,10,52,14,1982,216,213,102,2631,1,0,1,0,7
2145,255,39,143,136,771,213,152,99,516,0,0,0,1,4
2230,70,11,272,11,495,182,211,202,657,0,0,0,1,6
2076,339,19,589,112,1346,231,207,142,867,1,0,0,1,6
2120,247,19,601,42,3329,169,234,145,2724,0,0,0,1,3
2246,106,17,70,-9,3363,231,152,118,783,1,0,0,1,4
2686,24,15,101,5,1156,220,238,55,1122,1,0,1,0,2
2712,174,8,40,24,927,248,230,98,2294,1,0,1,0,5
2632,42,7,36,-4,1185,240,172,115,3263,0,0,0,1,4
1938,50,18,26,-1,613,151,232,135,1062,0,0,0,1,4
3319,158,29,240,71,862,221,243,135,1798,1,0,1,0,7
2657,132,6,72,29,2163,253,246,59,4733,1,0,0,0,5
2965,89,37,274,58,1056,251,214,24,1622,0,0,1,0,2
2244,86,26,12,74,1431,252,166,38,3460,0,0,0,1,4
2285,224,30,535,42,1282,206,179,150,1209,0,0,0,1,3
2346,86,7,30,-6,1694,247,208,124,1380,0,0,0,0,5
2324,60,29,315,-1,604,252,214,145,843,0,0,0,1,5
2601,333,14,249,31,2463,254,185,183,166,0,0,0,0,6
2425,157,32,35,53,1288,225,188,22,851,0,0,0,1,3
2120,318,19,197,151,1115,202,232,108,1549,1,0,0,1,3
2291,98,26,51,-5,337,230,224,122,703,0,0,0,1,6
2797,99,16,217,155,51,230,203,98,1289,0,0,0,0,4
2379,56,18,73,-3,270,201,210,112,297,1,0,0,1,6
2449,39,26,26,24,1042,230,167,63,1495,1,0,0,1,3
2088,50,21,106,0,1130,237,216,186,1737,0,0,0,0,5
2293,166,23,828,18,640,196,164,136,1919,1,0,0,1,4
2861,34,32,259,36,1121,220,229,149,2823,1,0,0,1,5
2195,162,42,2,1,928,243,183,113,387,0,0,0,1,3
3310,74,12,168,-5,943,210,211,140,6170,0,0,1,0,2
2761,106,15,262,10,234,239,211,24,483,0,0,0,1,2
2682,323,23,291,53,611,168,205,113,728,0,0,0,1,6
2453,292,25,68,64,1282,219,234,203,1091,0,0,0,1,4
2041,193,36,143,144,1277,236,160,132,721,0,0,0,1,4
2927,54,39,274,46,324,249,225,127,3141,0,0,0,1,4
2628,26,28,78,36,944,228,207,155,1434,0,0,1,0,3
2546,97,24,347,-2,756,162,167,121,1307,0,0,0,1,3
2591,277,24,172,-9,691,166,197,146,2672,0,1,0,1,6
2395,90,12,3,-1,369,234,226,131,629,1,0,0,1,4
3324,62,11,39,20,4319,248,252,140,889,0,0,1,0,3
2240,82,22,242,32,1069,239,237,133,516,0,0,0,1,4
2790,321,22,258,5,1007,233,206,118,714,0,0,0,1,3
2809,156,33,114,-30,544,246,219,57,1934,0,0,1,0,7
2091,345,16,169,13,1556,238,176,107,779,0,0,0,1,3
2349,176,17,27,39,459,250,227,132,306,1,0,0,0,5
2449,295,42,422,25,1622,211,237,175,995,0,0,0,1,3
2291,100,7,17,5,1477,238,219,152,3663,0,0,1,0,2
2071,27,13,33,32,1318,249,202,94,1537,1,0,0,1,3
3182,83,14,307,-9,1687,233,229,117,1669,0,0,0,1,4
3251,65,13,636,6,3697,200,213,60,848,1,0,1,0,1
2153,320,20,272,31,1246,220,240,206,2207,0,0,0,0,3
2780,217,17,447,29,815,178,214,143,2253,0,0,1,0,1
2223,26,14,766,18,689,212,245,131,661,0,0,0,1,6
