Elevation,Aspect,Slope,Horizontal_Distance_To_Hydrology,Vertical_Distance_To_Hydrology,Horizontal_Distance_To_Roadways,Hillshade_9am,Hillshade_Noon,Hillshade_3pm,Horizontal_Distance_To_Fire_Points,Cover_Type
2982.0,45.0,2.0,300.0,30.0,4348.0,220.0,234.0,150.0,5428.0,2
3180.0,354.0,21.0,376.0,39.0,2280.0,180.0,198.0,153.0,1360.0,2
2818.0,261.0,5.0,95.0,31.0,2100.0,209.0,242.0,172.0,3101.0,1
2731.0,216.0,8.0,30.0,4.0,2676.0,212.0,248.0,172.0,5489.0,2
2668.0,212.0,30.0,85.0,30.0,1832.0,180.0,251.0,190.0,1103.0,2
3209.0,312.0,11.0,150.0,18.0,1412.0,190.0,232.0,182.0,418.0,1
3112.0,59.0,3.0,0.0,0.0,1831.0,221.0,233.0,148.0,3075.0,1
3244.0,254.0,7.0,60.0,4.0,4651.0,204.0,245.0,179.0,990.0,2
3176.0,67.0,12.0,30.0,4.0,3192.0,232.0,217.0,116.0,3183.0,2
3104.0,27.0,4.0,212.0,19.0,1470.0,218.0,230.0,149.0,1388.0,2
3132.0,245.0,16.0,661.0,203.0,5900.0,187.0,251.0,200.0,1396.0,2
2789.0,122.0,16.0,0.0,0.0,120.0,246.0,225.0,102.0,1385.0,2
2890.0,120.0,13.0,108.0,13.0,636.0,242.0,229.0,114.0,1892.0,2
2962.0,208.0,27.0,162.0,74.0,1979.0,190.0,252.0,184.0,1170.0,2
2823.0,30.0,13.0,134.0,28.0,3378.0,216.0,212.0,130.0,876.0,2
3247.0,276.0,18.0,60.0,7.0,4667.0,170.0,241.0,210.0,900.0,2
2972.0,111.0,9.0,67.0,12.0,853.0,236.0,230.0,125.0,2536.0,2
2842.0,127.0,21.0,503.0,165.0,1969.0,249.0,222.0,91.0,2008.0,2
2876.0,224.0,25.0,150.0,92.0,2552.0,180.0,254.0,201.0,618.0,2
2942.0,171.0,17.0,371.0,56.0,1660.0,229.0,246.0,142.0,1724.0,2
2400.0,98.0,8.0,420.0,10.0,1024.0,234.0,228.0,126.0,1026.0,3
3228.0,67.0,8.0,212.0,15.0,6138.0,228.0,224.0,129.0,824.0,1
2852.0,73.0,6.0,85.0,13.0,3967.0,227.0,229.0,136.0,3152.0,2
3208.0,298.0,20.0,268.0,11.0,4127.0,160.0,229.0,207.0,443.0,1
3109.0,1.0,14.0,95.0,22.0,759.0,199.0,213.0,150.0,1801.0,2
2718.0,10.0,11.0,192.0,-4.0,1019.0,209.0,219.0,147.0,1390.0,2
3284.0,6.0,20.0,779.0,208.0,837.0,191.0,196.0,138.0,2176.0,2
3216.0,151.0,18.0,371.0,-114.0,384.0,240.0,237.0,119.0,3445.0,2
2988.0,17.0,7.0,454.0,16.0,5402.0,214.0,225.0,147.0,6520.0,1
3487.0,262.0,21.0,180.0,75.0,3141.0,162.0,245.0,218.0,1627.0,1
3246.0,332.0,16.0,60.0,20.0,1542.0,181.0,218.0,176.0,607.0,1
2791.0,195.0,3.0,201.0,29.0,2940.0,219.0,241.0,159.0,6453.0,2
2648.0,103.0,18.0,150.0,31.0,1036.0,248.0,213.0,87.0,551.0,2
3166.0,284.0,12.0,408.0,-47.0,3275.0,187.0,240.0,192.0,1091.0,2
2712.0,202.0,28.0,0.0,0.0,2724.0,195.0,251.0,176.0,1604.0,2
2621.0,4.0,18.0,150.0,25.0,2250.0,194.0,203.0,144.0,1492.0,2
2608.0,54.0,10.0,120.0,-11.0,1245.0,226.0,218.0,125.0,247.0,2
2829.0,314.0,24.0,484.0,181.0,1057.0,151.0,214.0,200.0,1443.0,2
2933.0,241.0,5.0,540.0,57.0,3532.0,211.0,244.0,171.0,3889.0,2
2553.0,157.0,14.0,90.0,23.0,1460.0,235.0,241.0,134.0,4629.0,2
2372.0,253.0,11.0,30.0,-2.0,649.0,194.0,248.0,191.0,1036.0,6
2975.0,225.0,10.0,513.0,79.0,5970.0,207.0,249.0,179.0,6458.0,2
2798.0,38.0,14.0,306.0,42.0,1997.0,219.0,209.0,122.0,1945.0,2
2341.0,39.0,19.0,192.0,97.0,1350.0,217.0,196.0,107.0,1167.0,3
2627.0,49.0,14.0,150.0,23.0,1650.0,225.0,210.0,116.0,2052.0,2
3094.0,79.0,11.0,90.0,17.0,2147.0,235.0,220.0,115.0,1746.0,1
3076.0,238.0,15.0,212.0,38.0,1692.0,192.0,252.0,195.0,150.0,2
3221.0,280.0,11.0,384.0,88.0,3869.0,191.0,241.0,190.0,1549.0,1
3340.0,78.0,44.0,180.0,140.0,2663.0,231.0,124.0,0.0,420.0,7
3203.0,290.0,8.0,0.0,0.0,4741.0,198.0,239.0,181.0,430.0,1
3235.0,24.0,11.0,30.0,3.0,4387.0,214.0,215.0,136.0,931.0,1
2903.0,32.0,9.0,335.0,90.0,3237.0,218.0,220.0,137.0,2320.0,2
3034.0,327.0,8.0,42.0,3.0,552.0,201.0,231.0,170.0,1275.0,2
3187.0,310.0,12.0,108.0,7.0,1205.0,187.0,232.0,185.0,1189.0,1
2919.0,117.0,14.0,210.0,25.0,4644.0,243.0,227.0,110.0,1725.0,2
3121.0,50.0,7.0,417.0,40.0,1328.0,224.0,225.0,136.0,2665.0,1
3366.0,231.0,12.0,0.0,0.0,4380.0,200.0,251.0,187.0,3508.0,7
3217.0,2.0,8.0,446.0,33.0,742.0,209.0,224.0,154.0,1770.0,1
3263.0,96.0,6.0,270.0,1.0,4080.0,231.0,231.0,133.0,2324.0,1
2287.0,291.0,22.0,242.0,104.0,866.0,153.0,230.0,215.0,552.0,3
3057.0,150.0,8.0,765.0,23.0,6150.0,231.0,240.0,141.0,3271.0,2
3168.0,145.0,20.0,42.0,17.0,1350.0,243.0,233.0,110.0,2452.0,2
3021.0,30.0,8.0,516.0,102.0,3062.0,218.0,223.0,140.0,693.0,2
3100.0,31.0,6.0,553.0,44.0,5248.0,219.0,228.0,145.0,1566.0,1
3302.0,301.0,25.0,932.0,208.0,3795.0,142.0,220.0,214.0,2305.0,1
2959.0,51.0,9.0,277.0,40.0,4725.0,225.0,221.0,129.0,6427.0,2
2780.0,164.0,10.0,228.0,56.0,2971.0,230.0,243.0,145.0,2609.0,2
2956.0,1.0,12.0,67.0,15.0,1290.0,203.0,217.0,152.0,430.0,2
3093.0,50.0,4.0,247.0,8.0,1337.0,221.0,231.0,146.0,1441.0,2
2974.0,1.0,21.0,335.0,131.0,1806.0,184.0,195.0,144.0,2800.0,2
3156.0,179.0,13.0,30.0,-6.0,3057.0,225.0,247.0,152.0,994.0,1
2721.0,111.0,15.0,0.0,0.0,2707.0,245.0,222.0,101.0,2228.0,5
2846.0,217.0,17.0,402.0,209.0,987.0,199.0,254.0,187.0,1786.0,2
2968.0,77.0,9.0,85.0,8.0,1295.0,232.0,224.0,125.0,2028.0,2
2991.0,180.0,5.0,524.0,65.0,4934.0,222.0,243.0,156.0,6189.0,2
2904.0,56.0,23.0,218.0,116.0,1761.0,228.0,185.0,79.0,2571.0,2
3289.0,141.0,3.0,30.0,1.0,5842.0,225.0,238.0,149.0,524.0,1
3238.0,22.0,15.0,108.0,14.0,1605.0,209.0,207.0,131.0,2440.0,1
3060.0,80.0,11.0,201.0,25.0,2089.0,234.0,221.0,118.0,1401.0,1
2421.0,173.0,20.0,495.0,78.0,679.0,228.0,245.0,140.0,872.0,3
2417.0,280.0,18.0,371.0,147.0,1020.0,168.0,239.0,210.0,212.0,6
3016.0,88.0,11.0,256.0,47.0,5224.0,237.0,221.0,114.0,865.0,2
3041.0,108.0,8.0,323.0,69.0,2313.0,235.0,231.0,128.0,2322.0,1
3112.0,179.0,13.0,446.0,105.0,1922.0,225.0,247.0,152.0,2064.0,1
2910.0,105.0,13.0,258.0,46.0,3210.0,242.0,223.0,109.0,2429.0,2
3092.0,11.0,5.0,450.0,17.0,2764.0,215.0,230.0,152.0,1718.0,2
2981.0,103.0,8.0,376.0,32.0,3702.0,233.0,230.0,130.0,1972.0,2
2836.0,301.0,24.0,175.0,45.0,1419.0,147.0,222.0,212.0,2640.0,2
3260.0,101.0,12.0,277.0,50.0,270.0,240.0,224.0,112.0,552.0,2
2802.0,108.0,12.0,150.0,31.0,1323.0,240.0,226.0,115.0,1855.0,2
2974.0,348.0,12.0,30.0,7.0,2590.0,197.0,220.0,161.0,726.0,1
3140.0,41.0,4.0,0.0,0.0,2045.0,220.0,230.0,146.0,2030.0,1
3309.0,201.0,11.0,446.0,91.0,3154.0,216.0,250.0,168.0,2155.0,1
3087.0,104.0,4.0,430.0,49.0,1710.0,226.0,234.0,143.0,2287.0,2
3353.0,327.0,13.0,30.0,2.0,1463.0,188.0,225.0,176.0,1710.0,7
2839.0,10.0,14.0,470.0,109.0,120.0,203.0,210.0,142.0,1050.0,2
3074.0,199.0,16.0,1234.0,192.0,3219.0,212.0,252.0,170.0,1298.0,2
2681.0,145.0,19.0,190.0,47.0,2412.0,243.0,233.0,112.0,2334.0,3
3202.0,129.0,21.0,342.0,-119.0,404.0,249.0,222.0,91.0,3872.0,2
3214.0,243.0,7.0,582.0,79.0,510.0,207.0,246.0,176.0,2894.0,2
3095.0,308.0,11.0,0.0,0.0,4780.0,190.0,233.0,183.0,1350.0,1
2700.0,66.0,20.0,201.0,61.0,2507.0,235.0,195.0,84.0,962.0,2
2967.0,304.0,2.0,277.0,25.0,1864.0,214.0,238.0,161.0,2142.0,2
3667.0,57.0,19.0,1032.0,412.0,2619.0,230.0,197.0,94.0,1188.0,1
2988.0,40.0,11.0,488.0,85.0,3059.0,221.0,216.0,129.0,1550.0,2
2991.0,188.0,9.0,518.0,-29.0,1368.0,221.0,247.0,159.0,1521.0,2
3062.0,233.0,7.0,350.0,33.0,3056.0,208.0,247.0,175.0,780.0,1
3260.0,174.0,11.0,443.0,67.0,4026.0,227.0,246.0,150.0,1995.0,1
2747.0,45.0,10.0,511.0,-16.0,577.0,223.0,219.0,130.0,446.0,2
2302.0,85.0,39.0,285.0,12.0,631.0,242.0,146.0,0.0,552.0,3
2821.0,59.0,16.0,180.0,33.0,1333.0,230.0,204.0,101.0,1354.0,2
2750.0,117.0,9.0,30.0,-5.0,2320.0,236.0,232.0,128.0,1533.0,2
2860.0,191.0,12.0,124.0,28.0,930.0,219.0,249.0,162.0,1661.0,2
3856.0,24.0,15.0,828.0,80.0,4383.0,211.0,208.0,130.0,2440.0,7
2988.0,241.0,35.0,842.0,-102.0,4091.0,134.0,243.0,230.0,1315.0,2
2881.0,71.0,11.0,295.0,34.0,3234.0,232.0,219.0,118.0,2659.0,2
3106.0,198.0,19.0,90.0,-12.0,6276.0,211.0,252.0,169.0,2420.0,2
3140.0,172.0,26.0,150.0,49.0,3588.0,227.0,241.0,129.0,726.0,2
3567.0,24.0,16.0,618.0,155.0,2808.0,209.0,203.0,127.0,1577.0,1
2685.0,47.0,11.0,30.0,4.0,1465.0,224.0,216.0,125.0,3543.0,2
3072.0,354.0,17.0,124.0,34.0,1811.0,191.0,209.0,155.0,1995.0,1
3292.0,13.0,13.0,618.0,68.0,2994.0,207.0,214.0,142.0,3472.0,1
2869.0,55.0,25.0,212.0,35.0,466.0,226.0,178.0,71.0,484.0,2
3245.0,286.0,25.0,870.0,126.0,3661.0,143.0,230.0,223.0,2230.0,1
2922.0,282.0,10.0,268.0,26.0,5407.0,191.0,241.0,189.0,5375.0,2
3008.0,296.0,6.0,60.0,3.0,5540.0,203.0,238.0,175.0,2131.0,1
2919.0,331.0,15.0,127.0,18.0,3459.0,184.0,221.0,176.0,2496.0,2
2958.0,132.0,14.0,379.0,24.0,2635.0,242.0,232.0,117.0,2542.0,2
2866.0,326.0,2.0,300.0,54.0,2322.0,215.0,237.0,160.0,1797.0,2
2466.0,137.0,19.0,466.0,213.0,872.0,245.0,229.0,105.0,664.0,3
2323.0,135.0,22.0,120.0,36.0,1208.0,248.0,224.0,91.0,960.0,3
2667.0,45.0,6.0,175.0,16.0,466.0,222.0,227.0,140.0,1209.0,2
2988.0,256.0,11.0,42.0,4.0,2831.0,194.0,247.0,191.0,426.0,2
3170.0,118.0,28.0,247.0,133.0,3734.0,254.0,202.0,55.0,2736.0,1
2408.0,329.0,21.0,335.0,142.0,1310.0,166.0,211.0,182.0,731.0,3
3237.0,155.0,10.0,162.0,30.0,1900.0,231.0,241.0,141.0,216.0,7
2658.0,76.0,10.0,258.0,41.0,849.0,232.0,222.0,121.0,738.0,2
2950.0,132.0,6.0,192.0,16.0,3670.0,231.0,237.0,139.0,2112.0,2
3278.0,180.0,5.0,751.0,130.0,6240.0,222.0,243.0,156.0,2044.0,2
2835.0,231.0,23.0,301.0,54.0,1410.0,177.0,253.0,206.0,1518.0,2
2870.0,66.0,15.0,0.0,0.0,5585.0,233.0,210.0,105.0,968.0,2
3105.0,95.0,16.0,480.0,64.0,902.0,244.0,215.0,96.0,1794.0,2
2631.0,125.0,21.0,42.0,9.0,1974.0,250.0,220.0,88.0,4695.0,2
2655.0,57.0,12.0,469.0,88.0,1189.0,228.0,215.0,119.0,3739.0,2
3086.0,187.0,24.0,242.0,35.0,3501.0,216.0,249.0,154.0,1095.0,2
2995.0,309.0,14.0,42.0,8.0,2659.0,182.0,230.0,188.0,934.0,2
2502.0,96.0,5.0,134.0,11.0,914.0,228.0,233.0,139.0,5336.0,5
1990.0,115.0,17.0,120.0,21.0,180.0,247.0,221.0,95.0,309.0,3
2975.0,301.0,26.0,362.0,191.0,2462.0,140.0,219.0,214.0,1480.0,1
2766.0,62.0,24.0,420.0,137.0,832.0,232.0,182.0,69.0,891.0,2
3018.0,8.0,12.0,481.0,175.0,1981.0,206.0,217.0,147.0,2958.0,2
3103.0,329.0,13.0,402.0,36.0,3768.0,187.0,223.0,175.0,4350.0,1
2982.0,287.0,12.0,60.0,12.0,2509.0,186.0,239.0,193.0,875.0,1
2838.0,228.0,22.0,60.0,12.0,1080.0,182.0,254.0,202.0,1768.0,2
3164.0,333.0,7.0,0.0,0.0,1677.0,205.0,232.0,166.0,2329.0,1
3175.0,311.0,24.0,497.0,108.0,1691.0,149.0,215.0,203.0,3195.0,1
3351.0,268.0,14.0,488.0,11.0,3388.0,183.0,245.0,201.0,1631.0,1
2443.0,66.0,10.0,342.0,89.0,319.0,230.0,220.0,122.0,384.0,3
3279.0,349.0,4.0,618.0,81.0,1207.0,213.0,233.0,158.0,1728.0,1
2778.0,117.0,16.0,85.0,23.0,2973.0,246.0,223.0,101.0,5773.0,2
2910.0,105.0,27.0,582.0,105.0,534.0,253.0,195.0,51.0,702.0,1
3444.0,305.0,15.0,595.0,75.0,2042.0,178.0,231.0,193.0,503.0,7
2635.0,198.0,30.0,309.0,146.0,1110.0,195.0,248.0,168.0,1015.0,2
2864.0,160.0,18.0,42.0,13.0,5459.0,236.0,241.0,128.0,658.0,2
2936.0,116.0,9.0,270.0,23.0,3632.0,236.0,231.0,126.0,4228.0,2
2951.0,90.0,14.0,67.0,6.0,570.0,241.0,217.0,103.0,2506.0,2
3253.0,43.0,18.0,85.0,0.0,1738.0,221.0,198.0,106.0,2804.0,1
3029.0,35.0,6.0,134.0,21.0,2438.0,219.0,227.0,144.0,1020.0,1
3034.0,35.0,13.0,120.0,-3.0,3313.0,218.0,210.0,125.0,1495.0,1
2721.0,339.0,6.0,134.0,-2.0,1645.0,207.0,232.0,163.0,4160.0,2
3044.0,250.0,20.0,404.0,73.0,1296.0,173.0,250.0,212.0,582.0,2
3159.0,287.0,8.0,309.0,-59.0,3381.0,198.0,240.0,181.0,1234.0,2
2977.0,56.0,12.0,30.0,9.0,4513.0,228.0,214.0,117.0,2022.0,1
2548.0,43.0,12.0,30.0,0.0,247.0,222.0,213.0,124.0,1320.0,6
3148.0,0.0,0.0,0.0,0.0,1434.0,218.0,238.0,156.0,671.0,1
3280.0,112.0,10.0,421.0,56.0,1290.0,238.0,229.0,121.0,2291.0,1
2750.0,315.0,15.0,162.0,34.0,1637.0,178.0,226.0,188.0,1183.0,5
2374.0,114.0,20.0,67.0,18.0,612.0,250.0,215.0,83.0,1316.0,6
3336.0,129.0,12.0,60.0,7.0,1495.0,240.0,233.0,121.0,3398.0,2
2965.0,90.0,5.0,553.0,52.0,4056.0,228.0,231.0,137.0,4614.0,2
2952.0,224.0,13.0,757.0,152.0,2548.0,202.0,252.0,185.0,1560.0,2
2631.0,122.0,28.0,67.0,17.0,2610.0,254.0,204.0,58.0,6692.0,2
3342.0,274.0,10.0,134.0,11.0,3421.0,194.0,243.0,188.0,2056.0,1
3018.0,191.0,6.0,607.0,99.0,5728.0,220.0,245.0,160.0,3300.0,2
2568.0,29.0,17.0,162.0,41.0,2554.0,211.0,200.0,120.0,661.0,2
3027.0,39.0,12.0,509.0,180.0,6262.0,220.0,213.0,126.0,3926.0,2
2902.0,123.0,8.0,150.0,-2.0,1351.0,234.0,234.0,131.0,1924.0,2
2874.0,278.0,20.0,234.0,75.0,2263.0,161.0,239.0,215.0,1371.0,1
3274.0,328.0,6.0,42.0,6.0,661.0,205.0,233.0,167.0,931.0,1
2893.0,310.0,22.0,95.0,25.0,1008.0,153.0,218.0,202.0,850.0,2
3204.0,43.0,19.0,108.0,13.0,1557.0,220.0,195.0,103.0,693.0,7
3517.0,83.0,15.0,210.0,24.0,1361.0,239.0,213.0,101.0,999.0,7
2943.0,298.0,16.0,421.0,97.0,5044.0,175.0,233.0,198.0,457.0,2
3129.0,280.0,17.0,277.0,10.0,3174.0,172.0,240.0,207.0,1637.0,2
3376.0,349.0,15.0,890.0,84.0,2315.0,191.0,213.0,160.0,1142.0,1
2834.0,174.0,6.0,150.0,15.0,2742.0,224.0,243.0,153.0,4135.0,2
3171.0,46.0,16.0,390.0,58.0,1961.0,223.0,203.0,109.0,3419.0,1
3238.0,22.0,5.0,450.0,35.0,1879.0,217.0,229.0,149.0,1149.0,1
3168.0,24.0,16.0,0.0,0.0,2885.0,210.0,204.0,127.0,5286.0,1
2729.0,300.0,30.0,301.0,170.0,1240.0,125.0,213.0,221.0,875.0,6
3258.0,187.0,8.0,470.0,56.0,2564.0,221.0,246.0,159.0,1374.0,1
3002.0,308.0,12.0,180.0,27.0,2363.0,188.0,232.0,185.0,1498.0,1
3297.0,29.0,11.0,256.0,14.0,1749.0,216.0,217.0,135.0,4884.0,1
3420.0,71.0,9.0,738.0,141.0,2062.0,231.0,222.0,124.0,1660.0,7
2948.0,332.0,9.0,306.0,28.0,4972.0,199.0,229.0,169.0,1905.0,2
2830.0,6.0,13.0,598.0,100.0,60.0,203.0,214.0,147.0,1158.0,2
3255.0,32.0,38.0,234.0,152.0,4012.0,183.0,131.0,55.0,1206.0,1
3242.0,6.0,15.0,660.0,103.0,2103.0,201.0,210.0,145.0,234.0,1
3165.0,338.0,3.0,108.0,-5.0,1718.0,214.0,235.0,160.0,648.0,1
3293.0,288.0,9.0,212.0,36.0,3564.0,194.0,240.0,186.0,1797.0,1
3242.0,65.0,13.0,108.0,16.0,4569.0,232.0,212.0,110.0,1348.0,1
2804.0,152.0,14.0,162.0,51.0,631.0,237.0,239.0,130.0,2841.0,2
2581.0,61.0,15.0,258.0,42.0,1889.0,231.0,208.0,106.0,2053.0,2
2982.0,312.0,14.0,108.0,22.0,2296.0,182.0,229.0,187.0,553.0,2
2824.0,94.0,10.0,573.0,69.0,3294.0,236.0,225.0,119.0,6298.0,2
3227.0,318.0,6.0,255.0,48.0,4421.0,205.0,235.0,169.0,2967.0,1
3001.0,54.0,20.0,511.0,13.0,1828.0,227.0,192.0,89.0,1052.0,1
3223.0,225.0,2.0,297.0,2.0,5950.0,216.0,241.0,162.0,1689.0,1
3160.0,128.0,27.0,424.0,146.0,3341.0,252.0,212.0,69.0,1899.0,1
2751.0,14.0,21.0,150.0,45.0,1637.0,196.0,192.0,127.0,3177.0,2
3224.0,150.0,5.0,30.0,-1.0,4034.0,227.0,240.0,147.0,2591.0,7
3043.0,36.0,2.0,30.0,0.0,3019.0,219.0,234.0,152.0,492.0,1
2432.0,132.0,24.0,297.0,173.0,1442.0,250.0,219.0,83.0,525.0,3
2746.0,50.0,8.0,0.0,0.0,1573.0,224.0,223.0,134.0,2730.0,2
2758.0,130.0,26.0,95.0,20.0,1073.0,251.0,215.0,74.0,564.0,2
3280.0,275.0,3.0,390.0,74.0,4996.0,212.0,240.0,166.0,960.0,2
3350.0,293.0,39.0,170.0,-12.0,3197.0,86.0,199.0,237.0,2032.0,1
3263.0,264.0,5.0,342.0,28.0,4414.0,208.0,242.0,173.0,752.0,1
2335.0,78.0,29.0,153.0,83.0,1383.0,242.0,175.0,42.0,1150.0,3
3135.0,22.0,13.0,558.0,67.0,5381.0,212.0,212.0,135.0,1585.0,1
3267.0,93.0,5.0,30.0,2.0,6013.0,227.0,233.0,140.0,485.0,1
3240.0,15.0,15.0,994.0,115.0,2160.0,206.0,209.0,138.0,2177.0,7
2946.0,79.0,17.0,90.0,22.0,2406.0,240.0,207.0,92.0,2481.0,1
3667.0,51.0,20.0,1068.0,255.0,2631.0,225.0,193.0,94.0,1256.0,1
2977.0,291.0,23.0,360.0,180.0,2560.0,149.0,229.0,217.0,1565.0,1
3072.0,38.0,8.0,67.0,3.0,2242.0,220.0,222.0,136.0,2236.0,1
2509.0,219.0,6.0,576.0,119.0,957.0,213.0,246.0,170.0,391.0,3
3052.0,104.0,19.0,124.0,35.0,1355.0,249.0,212.0,83.0,1261.0,1
2609.0,101.0,35.0,170.0,68.0,1050.0,252.0,172.0,17.0,624.0,3
2994.0,17.0,6.0,108.0,12.0,3762.0,215.0,226.0,148.0,2358.0,1
3244.0,308.0,15.0,573.0,60.0,648.0,177.0,229.0,192.0,890.0,1
3121.0,92.0,6.0,270.0,78.0,5187.0,230.0,230.0,133.0,594.0,1
2314.0,145.0,16.0,120.0,18.0,85.0,241.0,236.0,119.0,446.0,3
2824.0,126.0,10.0,60.0,4.0,2337.0,237.0,233.0,126.0,2755.0,2
3141.0,255.0,12.0,0.0,0.0,926.0,192.0,247.0,193.0,1572.0,1
3271.0,145.0,15.0,258.0,14.0,3037.0,239.0,237.0,123.0,792.0,1
3249.0,22.0,16.0,543.0,181.0,1187.0,207.0,203.0,128.0,301.0,1
3101.0,73.0,21.0,201.0,6.0,1207.0,239.0,196.0,79.0,2325.0,1
3389.0,214.0,37.0,713.0,-77.0,3602.0,161.0,245.0,194.0,2440.0,1
3173.0,30.0,20.0,85.0,19.0,518.0,210.0,193.0,112.0,1567.0,1
2915.0,342.0,10.0,108.0,8.0,2954.0,199.0,225.0,164.0,1556.0,1
2962.0,342.0,18.0,693.0,164.0,3064.0,179.0,209.0,167.0,840.0,2
2863.0,14.0,22.0,270.0,69.0,787.0,193.0,188.0,125.0,2096.0,2
2948.0,45.0,10.0,30.0,-1.0,2460.0,223.0,218.0,129.0,1894.0,1
3230.0,270.0,18.0,592.0,126.0,6013.0,169.0,243.0,212.0,2673.0,2
3051.0,169.0,14.0,162.0,3.0,2295.0,230.0,245.0,144.0,3376.0,2
2681.0,346.0,14.0,210.0,66.0,926.0,193.0,218.0,163.0,1801.0,2
3224.0,252.0,3.0,339.0,29.0,5945.0,213.0,241.0,166.0,1760.0,1
2804.0,49.0,10.0,319.0,105.0,3085.0,224.0,219.0,128.0,6331.0,1
2896.0,123.0,11.0,153.0,-1.0,3532.0,239.0,232.0,122.0,1749.0,2
2817.0,4.0,8.0,319.0,60.0,1106.0,210.0,225.0,153.0,450.0,2
2553.0,351.0,15.0,60.0,22.0,780.0,192.0,213.0,158.0,361.0,2
3248.0,163.0,9.0,270.0,35.0,5819.0,229.0,243.0,146.0,1172.0,1
3246.0,270.0,17.0,60.0,6.0,4671.0,173.0,244.0,209.0,924.0,2
2673.0,335.0,16.0,30.0,9.0,2680.0,181.0,216.0,173.0,1082.0,2
3287.0,200.0,6.0,437.0,92.0,5101.0,218.0,245.0,163.0,1031.0,2
3291.0,297.0,3.0,598.0,107.0,576.0,210.0,238.0,166.0,1300.0,1
3067.0,325.0,4.0,0.0,0.0,1260.0,210.0,235.0,163.0,1191.0,2
2957.0,349.0,11.0,67.0,20.0,1660.0,199.0,221.0,160.0,577.0,2
3325.0,313.0,19.0,722.0,152.0,841.0,166.0,222.0,195.0,450.0,1
3197.0,0.0,14.0,591.0,64.0,4286.0,199.0,214.0,151.0,3350.0,1
2922.0,354.0,14.0,30.0,3.0,3901.0,196.0,215.0,156.0,2555.0,2
2959.0,29.0,12.0,488.0,46.0,4425.0,216.0,213.0,131.0,4244.0,2
2988.0,71.0,10.0,0.0,0.0,5239.0,231.0,221.0,121.0,2105.0,1
2415.0,267.0,30.0,85.0,30.0,1406.0,132.0,236.0,235.0,658.0,6
2775.0,188.0,7.0,190.0,39.0,1034.0,221.0,245.0,159.0,382.0,2
3060.0,161.0,17.0,726.0,232.0,4540.0,235.0,242.0,132.0,1565.0,2
2794.0,60.0,12.0,277.0,40.0,1972.0,229.0,215.0,118.0,2897.0,2
3304.0,95.0,13.0,60.0,-6.0,4348.0,241.0,220.0,106.0,3740.0,1
3409.0,28.0,16.0,641.0,170.0,3034.0,212.0,204.0,124.0,2190.0,7
3243.0,240.0,8.0,451.0,66.0,3009.0,206.0,247.0,179.0,969.0,2
2202.0,351.0,18.0,330.0,81.0,510.0,185.0,206.0,157.0,175.0,6
2837.0,16.0,23.0,67.0,22.0,2254.0,193.0,184.0,121.0,808.0,2
3607.0,339.0,13.0,335.0,113.0,1965.0,191.0,221.0,168.0,2407.0,7
2857.0,345.0,11.0,108.0,19.0,2949.0,197.0,222.0,163.0,2851.0,2
2827.0,43.0,17.0,180.0,57.0,3543.0,221.0,201.0,110.0,2807.0,2
3311.0,284.0,15.0,180.0,35.0,5417.0,176.0,239.0,202.0,805.0,1
3178.0,49.0,14.0,270.0,3.0,3208.0,225.0,208.0,114.0,5050.0,1
3090.0,339.0,4.0,67.0,6.0,5206.0,211.0,234.0,161.0,1045.0,1
2892.0,330.0,18.0,108.0,24.0,1687.0,175.0,216.0,179.0,2393.0,2
2251.0,353.0,23.0,379.0,107.0,633.0,175.0,195.0,153.0,150.0,6
2388.0,86.0,21.0,366.0,81.0,930.0,245.0,200.0,75.0,912.0,3
3224.0,121.0,44.0,247.0,67.0,1173.0,247.0,163.0,0.0,966.0,7
3210.0,63.0,1.0,395.0,29.0,5827.0,220.0,236.0,153.0,2296.0,2
2330.0,296.0,9.0,240.0,47.0,1235.0,194.0,238.0,183.0,959.0,6
3266.0,138.0,18.0,342.0,76.0,1549.0,244.0,231.0,108.0,1279.0,1
3205.0,322.0,6.0,426.0,6.0,247.0,205.0,234.0,168.0,2040.0,1
3079.0,37.0,9.0,268.0,-10.0,2229.0,220.0,219.0,134.0,1566.0,1
2446.0,86.0,4.0,95.0,16.0,824.0,225.0,233.0,144.0,1392.0,3
2844.0,94.0,7.0,0.0,0.0,3247.0,231.0,230.0,132.0,2527.0,2
2765.0,62.0,5.0,361.0,42.0,2650.0,224.0,230.0,142.0,6779.0,1
3109.0,348.0,12.0,85.0,16.0,2965.0,197.0,220.0,161.0,2250.0,1
3131.0,329.0,13.0,30.0,9.0,1057.0,189.0,225.0,175.0,2138.0,2
2567.0,354.0,13.0,0.0,0.0,1243.0,198.0,217.0,157.0,732.0,2
3364.0,177.0,16.0,256.0,42.0,1723.0,226.0,247.0,148.0,3084.0,1
2979.0,100.0,11.0,330.0,4.0,819.0,238.0,226.0,118.0,2247.0,2
3264.0,133.0,20.0,391.0,106.0,5166.0,247.0,226.0,97.0,1732.0,1
3142.0,58.0,17.0,134.0,38.0,2854.0,230.0,202.0,99.0,1406.0,1
3190.0,68.0,21.0,366.0,30.0,5305.0,236.0,193.0,79.0,2685.0,2
2878.0,0.0,15.0,360.0,52.0,914.0,196.0,210.0,150.0,1224.0,2
3047.0,20.0,11.0,170.0,22.0,2790.0,212.0,217.0,140.0,1167.0,2
2698.0,72.0,5.0,0.0,0.0,932.0,226.0,230.0,138.0,1892.0,1
2688.0,90.0,6.0,417.0,41.0,931.0,229.0,231.0,136.0,1974.0,2
2940.0,313.0,8.0,0.0,0.0,1722.0,198.0,234.0,175.0,457.0,2
2745.0,67.0,14.0,362.0,15.0,1423.0,233.0,211.0,106.0,2349.0,2
2366.0,359.0,12.0,90.0,25.0,201.0,201.0,217.0,153.0,570.0,6
2839.0,23.0,5.0,30.0,1.0,2975.0,217.0,228.0,148.0,2984.0,2
3193.0,20.0,6.0,234.0,-1.0,732.0,216.0,227.0,148.0,1024.0,2
2823.0,97.0,19.0,335.0,68.0,1782.0,247.0,209.0,83.0,2727.0,2
3040.0,352.0,8.0,285.0,18.0,2864.0,206.0,226.0,158.0,1269.0,1
2784.0,10.0,7.0,108.0,6.0,2430.0,213.0,226.0,151.0,3777.0,2
2964.0,301.0,10.0,342.0,49.0,2934.0,193.0,236.0,183.0,1597.0,2
2689.0,25.0,17.0,108.0,23.0,1610.0,209.0,200.0,123.0,1266.0,2
2541.0,70.0,8.0,390.0,16.0,1092.0,229.0,225.0,129.0,4054.0,2
2834.0,55.0,11.0,95.0,10.0,811.0,227.0,216.0,121.0,2486.0,2
2647.0,335.0,16.0,150.0,30.0,1530.0,181.0,216.0,173.0,1379.0,2
2767.0,34.0,14.0,616.0,100.0,661.0,217.0,207.0,122.0,1205.0,2
2646.0,49.0,14.0,67.0,4.0,323.0,225.0,209.0,115.0,1342.0,2
2976.0,131.0,29.0,60.0,-17.0,2630.0,251.0,210.0,64.0,1518.0,1
3155.0,35.0,15.0,360.0,118.0,2190.0,217.0,206.0,121.0,1084.0,1
2969.0,190.0,14.0,485.0,83.0,1533.0,219.0,250.0,161.0,1758.0,2
3044.0,69.0,16.0,60.0,0.0,960.0,235.0,206.0,98.0,1533.0,1
3056.0,288.0,14.0,454.0,-64.0,1898.0,178.0,238.0,199.0,1914.0,2
3149.0,26.0,22.0,319.0,73.0,722.0,203.0,186.0,111.0,1671.0,2
2878.0,8.0,13.0,365.0,83.0,3157.0,204.0,213.0,145.0,1041.0,2
3174.0,208.0,21.0,418.0,139.0,3203.0,200.0,254.0,181.0,1053.0,1
3279.0,54.0,16.0,255.0,57.0,2881.0,228.0,204.0,105.0,2431.0,1
3371.0,69.0,3.0,537.0,49.0,1560.0,223.0,233.0,145.0,2506.0,7
3303.0,312.0,14.0,513.0,75.0,1890.0,183.0,229.0,187.0,895.0,1
2945.0,70.0,15.0,361.0,-22.0,4073.0,235.0,210.0,103.0,5779.0,2
2938.0,201.0,12.0,242.0,75.0,1703.0,215.0,250.0,169.0,2659.0,2
2092.0,284.0,17.0,295.0,84.0,402.0,170.0,238.0,207.0,212.0,3
2899.0,105.0,19.0,395.0,103.0,908.0,249.0,212.0,83.0,902.0,2
3005.0,205.0,29.0,300.0,179.0,2845.0,190.0,251.0,180.0,1112.0,2
2941.0,202.0,21.0,376.0,170.0,2994.0,205.0,253.0,175.0,1401.0,2
3338.0,179.0,19.0,402.0,76.0,4519.0,224.0,248.0,148.0,2707.0,1
3137.0,252.0,12.0,212.0,29.0,5632.0,193.0,248.0,193.0,3167.0,2
3380.0,265.0,23.0,180.0,70.0,3784.0,157.0,243.0,222.0,1022.0,1
3146.0,352.0,13.0,85.0,17.0,3123.0,196.0,217.0,158.0,2310.0,1
2585.0,120.0,5.0,270.0,15.0,2860.0,229.0,235.0,140.0,2704.0,1
2848.0,87.0,19.0,446.0,138.0,495.0,245.0,204.0,81.0,1567.0,2
3105.0,90.0,11.0,30.0,0.0,1850.0,237.0,222.0,114.0,400.0,1
2703.0,199.0,27.0,120.0,19.0,2522.0,199.0,251.0,171.0,1772.0,2
2979.0,79.0,8.0,42.0,-4.0,1448.0,231.0,225.0,126.0,1477.0,2
2553.0,54.0,13.0,60.0,0.0,216.0,227.0,212.0,116.0,1492.0,2
3007.0,294.0,11.0,285.0,30.0,4699.0,189.0,237.0,189.0,120.0,2
2791.0,333.0,14.0,30.0,10.0,3844.0,187.0,221.0,173.0,5461.0,2
2937.0,310.0,20.0,342.0,109.0,4906.0,162.0,222.0,198.0,390.0,2
2846.0,28.0,8.0,150.0,10.0,2731.0,217.0,223.0,141.0,2618.0,2
2848.0,204.0,30.0,120.0,5.0,2551.0,189.0,250.0,178.0,1531.0,2
2559.0,125.0,9.0,42.0,5.0,1756.0,236.0,234.0,128.0,1809.0,3
3083.0,73.0,21.0,446.0,105.0,4231.0,239.0,194.0,75.0,2447.0,2
3141.0,72.0,5.0,190.0,-2.0,4673.0,226.0,230.0,138.0,1948.0,1
3218.0,289.0,24.0,807.0,106.0,3596.0,147.0,230.0,219.0,2165.0,1
2771.0,99.0,9.0,120.0,12.0,2077.0,235.0,228.0,123.0,1024.0,2
2909.0,128.0,19.0,212.0,36.0,5292.0,248.0,225.0,97.0,4154.0,2
2867.0,16.0,15.0,474.0,72.0,3194.0,206.0,208.0,137.0,1302.0,2
2987.0,295.0,10.0,270.0,65.0,1557.0,192.0,237.0,185.0,1445.0,2
3292.0,59.0,19.0,175.0,7.0,4226.0,230.0,196.0,90.0,3588.0,1
2514.0,98.0,7.0,474.0,36.0,774.0,232.0,230.0,130.0,3750.0,2
2939.0,220.0,12.0,300.0,30.0,5793.0,206.0,251.0,181.0,5308.0,2
2495.0,182.0,32.0,218.0,91.0,1243.0,211.0,240.0,137.0,1087.0,3
3170.0,197.0,14.0,360.0,30.0,2274.0,215.0,251.0,167.0,811.0,1
3649.0,45.0,23.0,1074.0,237.0,2597.0,219.0,182.0,87.0,1298.0,1
2851.0,121.0,23.0,60.0,23.0,95.0,252.0,215.0,78.0,1301.0,1
2776.0,358.0,20.0,268.0,120.0,1531.0,185.0,199.0,148.0,1406.0,2
3185.0,328.0,13.0,67.0,26.0,5018.0,187.0,224.0,176.0,1172.0,1
2603.0,12.0,19.0,420.0,135.0,646.0,198.0,199.0,134.0,534.0,2
2908.0,300.0,13.0,210.0,52.0,2940.0,184.0,235.0,191.0,2330.0,2
2542.0,4.0,10.0,30.0,3.0,2103.0,207.0,220.0,151.0,2145.0,2
2525.0,66.0,6.0,180.0,42.0,218.0,226.0,228.0,137.0,430.0,2
3328.0,334.0,19.0,745.0,33.0,2259.0,174.0,212.0,175.0,949.0,1
2199.0,103.0,30.0,67.0,38.0,600.0,253.0,185.0,36.0,711.0,3
3253.0,331.0,7.0,878.0,81.0,1579.0,203.0,231.0,167.0,2620.0,2
3041.0,242.0,8.0,573.0,121.0,3060.0,205.0,247.0,180.0,865.0,2
2722.0,86.0,7.0,404.0,36.0,1310.0,230.0,229.0,132.0,2188.0,2
2794.0,82.0,8.0,85.0,4.0,2647.0,232.0,225.0,126.0,2274.0,2
3348.0,7.0,8.0,480.0,33.0,722.0,210.0,224.0,151.0,2073.0,7
2820.0,285.0,30.0,210.0,99.0,1138.0,125.0,224.0,232.0,1633.0,2
3347.0,196.0,11.0,362.0,68.0,3585.0,217.0,249.0,165.0,1559.0,1
2824.0,45.0,3.0,201.0,20.0,3379.0,220.0,232.0,149.0,6267.0,2
2906.0,3.0,10.0,469.0,36.0,4365.0,207.0,221.0,152.0,5569.0,1
3208.0,275.0,16.0,150.0,14.0,2967.0,176.0,242.0,205.0,997.0,1
3355.0,261.0,5.0,201.0,16.0,1082.0,209.0,242.0,172.0,2084.0,1
3296.0,32.0,17.0,60.0,6.0,3822.0,214.0,200.0,117.0,2120.0,7
2608.0,147.0,17.0,306.0,73.0,1518.0,240.0,236.0,119.0,2188.0,3
2883.0,326.0,10.0,124.0,26.0,2854.0,195.0,229.0,173.0,1939.0,1
3001.0,61.0,2.0,446.0,39.0,1549.0,221.0,234.0,149.0,2280.0,2
2702.0,20.0,22.0,301.0,33.0,1310.0,199.0,189.0,119.0,2691.0,2
2332.0,328.0,17.0,180.0,84.0,1061.0,177.0,218.0,179.0,1006.0,6
3151.0,101.0,8.0,524.0,73.0,350.0,235.0,229.0,126.0,1900.0,2
2511.0,36.0,14.0,297.0,66.0,350.0,218.0,208.0,123.0,1073.0,6
2835.0,58.0,13.0,268.0,89.0,1351.0,229.0,211.0,113.0,2695.0,2
2836.0,52.0,16.0,150.0,31.0,153.0,227.0,204.0,106.0,342.0,1
2554.0,339.0,16.0,153.0,8.0,1410.0,184.0,215.0,169.0,1455.0,5
3000.0,42.0,13.0,153.0,3.0,1653.0,222.0,211.0,122.0,1339.0,2
2602.0,87.0,13.0,420.0,63.0,1380.0,239.0,218.0,108.0,1745.0,2
3063.0,41.0,10.0,0.0,0.0,1945.0,222.0,217.0,130.0,1848.0,1
3112.0,13.0,4.0,134.0,15.0,1718.0,215.0,231.0,152.0,2252.0,2
2669.0,156.0,8.0,0.0,0.0,1770.0,230.0,241.0,144.0,1060.0,2
2517.0,248.0,22.0,108.0,47.0,834.0,168.0,250.0,215.0,1524.0,2
2380.0,110.0,10.0,124.0,6.0,537.0,238.0,229.0,120.0,842.0,3
3101.0,125.0,15.0,90.0,3.0,2017.0,244.0,228.0,110.0,2197.0,1
3144.0,108.0,13.0,400.0,98.0,351.0,242.0,224.0,109.0,1869.0,2
2912.0,83.0,17.0,120.0,15.0,2301.0,241.0,209.0,93.0,301.0,2
2762.0,117.0,25.0,216.0,29.0,2952.0,253.0,208.0,67.0,1324.0,2
3074.0,167.0,9.0,67.0,8.0,391.0,228.0,244.0,147.0,720.0,2
2678.0,231.0,20.0,42.0,12.0,1604.0,184.0,254.0,202.0,1296.0,1
2761.0,244.0,19.0,150.0,42.0,2408.0,179.0,251.0,207.0,108.0,2
2594.0,183.0,18.0,42.0,10.0,1639.0,222.0,249.0,153.0,2768.0,3
3047.0,180.0,1.0,430.0,7.0,3326.0,219.0,239.0,157.0,824.0,2
3119.0,7.0,10.0,60.0,6.0,3211.0,208.0,220.0,149.0,5082.0,1
3109.0,5.0,10.0,42.0,5.0,3853.0,208.0,221.0,150.0,242.0,1
3162.0,80.0,12.0,108.0,0.0,4150.0,236.0,219.0,113.0,3335.0,1
3105.0,7.0,15.0,655.0,7.0,1872.0,200.0,208.0,143.0,3290.0,1
3171.0,290.0,14.0,420.0,59.0,1364.0,179.0,237.0,198.0,2201.0,2
3094.0,113.0,12.0,255.0,64.0,2236.0,240.0,228.0,117.0,3511.0,1
3032.0,344.0,11.0,0.0,0.0,2529.0,198.0,223.0,164.0,912.0,1
3140.0,118.0,29.0,212.0,63.0,3777.0,254.0,199.0,50.0,2363.0,1
2874.0,293.0,15.0,853.0,194.0,2251.0,176.0,235.0,199.0,1672.0,5
3235.0,4.0,13.0,218.0,36.0,330.0,203.0,215.0,149.0,1329.0,1
3252.0,92.0,12.0,175.0,13.0,2618.0,239.0,221.0,110.0,1560.0,7
2939.0,68.0,16.0,108.0,15.0,4661.0,235.0,205.0,97.0,1968.0,5
2396.0,8.0,22.0,108.0,53.0,1008.0,188.0,189.0,132.0,731.0,6
2988.0,108.0,7.0,577.0,121.0,5633.0,232.0,232.0,133.0,4307.0,2
2794.0,62.0,6.0,0.0,0.0,973.0,225.0,228.0,138.0,2529.0,5
2625.0,14.0,9.0,255.0,78.0,228.0,212.0,222.0,147.0,1113.0,2
3271.0,134.0,17.0,750.0,155.0,2521.0,245.0,230.0,107.0,2489.0,1
3123.0,97.0,11.0,30.0,-2.0,3036.0,238.0,224.0,116.0,5349.0,1
3135.0,358.0,6.0,330.0,50.0,708.0,211.0,229.0,156.0,1048.0,1
2558.0,301.0,15.0,153.0,51.0,212.0,178.0,233.0,195.0,858.0,2
2944.0,32.0,3.0,30.0,-1.0,1120.0,219.0,232.0,150.0,1120.0,2
2855.0,96.0,22.0,446.0,102.0,1663.0,249.0,201.0,69.0,847.0,5
3154.0,272.0,19.0,120.0,37.0,85.0,168.0,242.0,212.0,480.0,1
3085.0,188.0,12.0,300.0,54.0,1895.0,221.0,249.0,160.0,190.0,1
2743.0,349.0,1.0,0.0,0.0,1761.0,216.0,236.0,157.0,2602.0,2
2676.0,47.0,17.0,309.0,24.0,939.0,224.0,201.0,106.0,1800.0,2
2917.0,188.0,16.0,424.0,86.0,2919.0,220.0,250.0,159.0,1992.0,2
2802.0,47.0,17.0,366.0,116.0,376.0,224.0,200.0,105.0,2525.0,2
3033.0,103.0,17.0,480.0,63.0,2630.0,246.0,216.0,92.0,2697.0,2
3022.0,18.0,5.0,443.0,46.0,5362.0,216.0,230.0,151.0,1260.0,2
3185.0,257.0,4.0,150.0,8.0,3331.0,209.0,242.0,171.0,1401.0,2
2804.0,210.0,22.0,240.0,-16.0,1598.0,197.0,254.0,184.0,990.0,2
3154.0,102.0,17.0,67.0,10.0,2608.0,246.0,215.0,91.0,2522.0,1
3180.0,57.0,13.0,540.0,120.0,1543.0,228.0,211.0,114.0,2278.0,1
2667.0,182.0,22.0,218.0,82.0,1842.0,221.0,248.0,149.0,2791.0,3
3045.0,165.0,15.0,277.0,24.0,1116.0,232.0,244.0,139.0,1224.0,2
2503.0,45.0,18.0,256.0,75.0,967.0,222.0,198.0,104.0,1159.0,3
2996.0,0.0,12.0,764.0,201.0,2940.0,202.0,217.0,152.0,983.0,2
2991.0,321.0,26.0,430.0,225.0,759.0,145.0,204.0,194.0,1290.0,1
3274.0,194.0,8.0,990.0,137.0,2215.0,219.0,247.0,162.0,2190.0,1
2982.0,114.0,14.0,67.0,0.0,1477.0,244.0,225.0,107.0,1471.0,1
3082.0,110.0,32.0,376.0,-22.0,755.0,254.0,186.0,33.0,1786.0,2
3077.0,337.0,7.0,42.0,4.0,1924.0,204.0,230.0,165.0,1926.0,2
3264.0,8.0,19.0,277.0,41.0,3191.0,194.0,198.0,138.0,3320.0,2
3177.0,336.0,8.0,190.0,2.0,684.0,202.0,229.0,166.0,1310.0,1
3255.0,131.0,22.0,300.0,98.0,4114.0,250.0,221.0,87.0,2930.0,1
2736.0,317.0,24.0,371.0,177.0,1091.0,150.0,211.0,197.0,750.0,6
3258.0,177.0,13.0,306.0,42.0,4344.0,226.0,247.0,151.0,2318.0,1
3329.0,187.0,20.0,750.0,59.0,4031.0,218.0,250.0,156.0,1661.0,2
2924.0,123.0,8.0,636.0,158.0,2467.0,234.0,234.0,132.0,560.0,1
2714.0,222.0,11.0,277.0,123.0,2658.0,206.0,251.0,180.0,1189.0,3
2316.0,152.0,10.0,0.0,0.0,564.0,233.0,240.0,138.0,671.0,4
3106.0,61.0,8.0,42.0,-1.0,5284.0,227.0,223.0,129.0,778.0,1
2955.0,203.0,14.0,0.0,0.0,5435.0,212.0,252.0,171.0,2714.0,1
2775.0,30.0,13.0,495.0,75.0,2081.0,216.0,212.0,130.0,2252.0,2
2883.0,4.0,4.0,474.0,28.0,2836.0,215.0,232.0,155.0,3577.0,1
2902.0,165.0,7.0,270.0,17.0,2495.0,227.0,243.0,149.0,2394.0,2
2526.0,146.0,14.0,124.0,23.0,888.0,239.0,237.0,124.0,1464.0,3
2922.0,63.0,3.0,85.0,-5.0,1301.0,222.0,233.0,146.0,3202.0,1
2974.0,305.0,29.0,499.0,105.0,3662.0,129.0,210.0,215.0,1075.0,2
3329.0,37.0,24.0,268.0,115.0,1822.0,211.0,179.0,92.0,2502.0,1
2250.0,291.0,32.0,90.0,68.0,1383.0,116.0,216.0,231.0,1048.0,3
2932.0,307.0,16.0,547.0,26.0,5636.0,174.0,229.0,194.0,2021.0,2
2013.0,94.0,18.0,108.0,53.0,150.0,246.0,209.0,85.0,335.0,3
3165.0,123.0,7.0,108.0,13.0,4565.0,231.0,235.0,137.0,2914.0,1
3211.0,34.0,20.0,150.0,32.0,4168.0,213.0,193.0,108.0,3196.0,1
3331.0,204.0,19.0,319.0,90.0,3426.0,205.0,254.0,176.0,466.0,1
3038.0,245.0,12.0,85.0,8.0,3092.0,194.0,249.0,192.0,900.0,1
2945.0,212.0,13.0,258.0,49.0,5153.0,208.0,252.0,177.0,1230.0,2
2967.0,246.0,8.0,108.0,-10.0,2678.0,203.0,247.0,182.0,350.0,2
2675.0,29.0,12.0,108.0,16.0,2058.0,216.0,214.0,133.0,1894.0,6
3084.0,149.0,20.0,295.0,76.0,730.0,241.0,235.0,114.0,1376.0,2
3347.0,178.0,6.0,90.0,16.0,3180.0,223.0,244.0,155.0,1917.0,1
2833.0,201.0,31.0,150.0,7.0,2532.0,190.0,249.0,173.0,1561.0,2
3195.0,24.0,3.0,120.0,4.0,5442.0,218.0,233.0,152.0,3048.0,2
2822.0,26.0,9.0,150.0,24.0,3140.0,216.0,220.0,140.0,323.0,2
3049.0,335.0,10.0,85.0,10.0,4111.0,198.0,227.0,168.0,2320.0,2
3067.0,0.0,7.0,510.0,92.0,5486.0,210.0,227.0,155.0,3660.0,1
2940.0,331.0,22.0,85.0,26.0,1542.0,163.0,207.0,180.0,1436.0,1
3133.0,318.0,14.0,162.0,0.0,2015.0,182.0,226.0,184.0,932.0,1
3258.0,45.0,2.0,0.0,0.0,6366.0,219.0,235.0,152.0,162.0,1
2461.0,275.0,28.0,247.0,18.0,360.0,135.0,234.0,232.0,1829.0,3
3078.0,106.0,12.0,30.0,-4.0,870.0,241.0,225.0,111.0,2049.0,1
2926.0,269.0,10.0,339.0,122.0,1742.0,194.0,244.0,189.0,1120.0,2
3346.0,322.0,15.0,90.0,13.0,2213.0,180.0,223.0,183.0,1554.0,1
2677.0,17.0,14.0,283.0,43.0,330.0,208.0,210.0,137.0,474.0,2
2921.0,96.0,14.0,330.0,111.0,330.0,241.0,219.0,105.0,700.0,2
2570.0,27.0,14.0,376.0,45.0,1074.0,213.0,208.0,128.0,1116.0,2
3157.0,9.0,7.0,228.0,22.0,2938.0,212.0,225.0,151.0,1045.0,2
3054.0,99.0,6.0,283.0,50.0,5311.0,230.0,232.0,136.0,4284.0,2
3396.0,195.0,11.0,560.0,196.0,2452.0,218.0,250.0,165.0,808.0,1
2948.0,205.0,18.0,175.0,61.0,540.0,206.0,254.0,177.0,1519.0,2
3266.0,165.0,14.0,30.0,6.0,4401.0,231.0,244.0,141.0,2252.0,1
3226.0,27.0,1.0,564.0,75.0,631.0,218.0,236.0,155.0,484.0,1
3185.0,299.0,6.0,450.0,92.0,2945.0,203.0,238.0,174.0,3461.0,1
3157.0,122.0,4.0,0.0,0.0,480.0,228.0,236.0,143.0,1445.0,1
3123.0,162.0,3.0,228.0,15.0,2037.0,222.0,240.0,153.0,2678.0,2
2493.0,75.0,12.0,42.0,6.0,459.0,234.0,217.0,113.0,1276.0,6
2748.0,7.0,4.0,361.0,23.0,1101.0,215.0,232.0,154.0,1865.0,2
3102.0,45.0,4.0,510.0,7.0,5312.0,221.0,231.0,146.0,1507.0,1
2771.0,107.0,14.0,242.0,57.0,418.0,243.0,222.0,105.0,391.0,5
3027.0,351.0,9.0,212.0,15.0,2442.0,205.0,226.0,159.0,1053.0,1
3016.0,353.0,6.0,0.0,0.0,3481.0,210.0,230.0,158.0,1908.0,2
2758.0,116.0,22.0,192.0,82.0,3275.0,252.0,212.0,76.0,6031.0,2
2892.0,14.0,26.0,162.0,48.0,2264.0,186.0,177.0,118.0,1849.0,1
2995.0,86.0,12.0,272.0,30.0,5189.0,237.0,221.0,113.0,5997.0,2
3266.0,48.0,26.0,283.0,96.0,4034.0,219.0,173.0,72.0,3212.0,1
3190.0,316.0,16.0,150.0,47.0,4763.0,176.0,225.0,188.0,1001.0,1
3515.0,111.0,24.0,805.0,230.0,2230.0,253.0,206.0,67.0,1507.0,1
2991.0,32.0,15.0,785.0,169.0,1406.0,216.0,207.0,124.0,2671.0,2
3350.0,256.0,12.0,85.0,18.0,2047.0,191.0,248.0,195.0,2097.0,1
3018.0,333.0,14.0,124.0,14.0,5292.0,187.0,221.0,173.0,4551.0,1
2840.0,90.0,5.0,120.0,3.0,3692.0,227.0,232.0,139.0,6289.0,2
2876.0,307.0,14.0,313.0,81.0,1800.0,181.0,231.0,190.0,1660.0,6
3090.0,76.0,9.0,30.0,7.0,2325.0,232.0,223.0,124.0,1269.0,1
3005.0,324.0,23.0,509.0,112.0,3306.0,157.0,210.0,189.0,1657.0,1
3302.0,47.0,8.0,443.0,79.0,4542.0,223.0,223.0,135.0,2016.0,1
3057.0,108.0,13.0,390.0,82.0,2949.0,241.0,225.0,111.0,6264.0,1
3224.0,225.0,1.0,342.0,11.0,6103.0,217.0,240.0,160.0,1054.0,1
3251.0,318.0,12.0,162.0,33.0,4245.0,187.0,229.0,181.0,1910.0,1
3127.0,259.0,14.0,108.0,26.0,297.0,187.0,247.0,199.0,2270.0,2
2772.0,142.0,19.0,0.0,0.0,731.0,244.0,232.0,108.0,886.0,2
2894.0,58.0,16.0,433.0,89.0,2704.0,230.0,205.0,103.0,3121.0,2
3319.0,26.0,12.0,516.0,76.0,1315.0,214.0,214.0,134.0,1795.0,1
3034.0,95.0,9.0,537.0,16.0,3726.0,234.0,227.0,124.0,4753.0,1
3091.0,111.0,8.0,95.0,-1.0,2131.0,234.0,231.0,129.0,3334.0,1
2550.0,194.0,8.0,150.0,3.0,2151.0,219.0,247.0,162.0,1995.0,3
2887.0,120.0,4.0,0.0,0.0,2300.0,226.0,236.0,145.0,2760.0,2
2279.0,344.0,35.0,283.0,154.0,1082.0,131.0,165.0,159.0,1209.0,3
3363.0,328.0,20.0,531.0,75.0,2460.0,169.0,213.0,182.0,1095.0,1
2703.0,186.0,9.0,150.0,25.0,2160.0,222.0,247.0,158.0,1744.0,2
2903.0,16.0,9.0,150.0,23.0,3245.0,212.0,222.0,146.0,4499.0,2
3264.0,4.0,9.0,162.0,31.0,1989.0,208.0,222.0,151.0,1357.0,2
3082.0,54.0,8.0,212.0,-2.0,1252.0,225.0,223.0,131.0,1500.0,2
3077.0,50.0,19.0,342.0,-91.0,953.0,225.0,196.0,97.0,874.0,1
2703.0,108.0,10.0,258.0,17.0,1187.0,238.0,228.0,120.0,2089.0,2
3139.0,23.0,12.0,342.0,19.0,2987.0,212.0,214.0,136.0,3000.0,2
2804.0,78.0,10.0,335.0,26.0,3126.0,234.0,221.0,118.0,6601.0,2
3257.0,14.0,12.0,192.0,13.0,4339.0,209.0,216.0,143.0,1602.0,1
3326.0,179.0,33.0,272.0,103.0,3969.0,213.0,237.0,130.0,2989.0,1
3008.0,2.0,12.0,60.0,13.0,1071.0,203.0,216.0,151.0,2357.0,1
2508.0,86.0,11.0,42.0,5.0,1426.0,236.0,221.0,115.0,1477.0,2
3091.0,128.0,6.0,60.0,0.0,1573.0,230.0,236.0,140.0,3211.0,1
2998.0,186.0,6.0,914.0,102.0,5881.0,221.0,245.0,158.0,5826.0,2
2908.0,72.0,11.0,218.0,44.0,3156.0,233.0,218.0,116.0,2458.0,2
2439.0,251.0,17.0,242.0,-10.0,997.0,181.0,250.0,205.0,60.0,6
2904.0,172.0,23.0,180.0,49.0,450.0,228.0,244.0,135.0,1022.0,5
3144.0,170.0,14.0,402.0,73.0,201.0,230.0,245.0,143.0,658.0,2
3070.0,177.0,13.0,127.0,16.0,5995.0,226.0,247.0,151.0,2306.0,2
2766.0,86.0,7.0,256.0,3.0,1542.0,231.0,228.0,130.0,1802.0,1
3132.0,49.0,17.0,698.0,137.0,2203.0,225.0,200.0,103.0,2684.0,1
2629.0,259.0,2.0,0.0,0.0,2296.0,213.0,240.0,165.0,2506.0,6
2958.0,48.0,7.0,30.0,4.0,3114.0,223.0,225.0,138.0,1132.0,1
3083.0,125.0,11.0,201.0,64.0,2190.0,239.0,232.0,122.0,3513.0,1
3149.0,73.0,12.0,256.0,43.0,3375.0,234.0,217.0,113.0,4858.0,2
2779.0,327.0,24.0,242.0,86.0,967.0,154.0,205.0,186.0,2300.0,2
2815.0,43.0,11.0,295.0,-9.0,1114.0,222.0,217.0,128.0,2496.0,2
3260.0,111.0,4.0,0.0,0.0,3677.0,227.0,235.0,143.0,3743.0,7
3175.0,186.0,19.0,404.0,85.0,5600.0,219.0,250.0,156.0,1421.0,1
2922.0,61.0,2.0,0.0,0.0,4537.0,221.0,234.0,149.0,4237.0,1
2967.0,165.0,16.0,60.0,22.0,1782.0,232.0,243.0,137.0,127.0,2
2736.0,152.0,9.0,162.0,7.0,1986.0,232.0,240.0,139.0,1209.0,2
3353.0,288.0,21.0,966.0,230.0,3961.0,157.0,233.0,214.0,2413.0,2
3104.0,28.0,16.0,350.0,87.0,1492.0,212.0,204.0,124.0,2856.0,1
3243.0,32.0,14.0,30.0,4.0,1650.0,216.0,210.0,126.0,865.0,7
2504.0,29.0,11.0,351.0,26.0,685.0,216.0,217.0,135.0,3677.0,5
2923.0,112.0,8.0,0.0,0.0,1226.0,235.0,231.0,128.0,3144.0,1
3214.0,346.0,2.0,0.0,0.0,335.0,215.0,235.0,158.0,960.0,2
2951.0,56.0,18.0,124.0,3.0,612.0,229.0,198.0,95.0,2490.0,2
3186.0,76.0,18.0,60.0,0.0,1044.0,239.0,205.0,90.0,797.0,1
2815.0,209.0,23.0,228.0,-13.0,1621.0,197.0,254.0,183.0,990.0,2
3020.0,324.0,13.0,120.0,9.0,2881.0,188.0,226.0,178.0,2324.0,1
3127.0,315.0,4.0,42.0,3.0,4784.0,209.0,236.0,166.0,2724.0,2
3086.0,14.0,8.0,42.0,2.0,3766.0,213.0,224.0,148.0,362.0,1
3096.0,277.0,14.0,659.0,180.0,3311.0,180.0,242.0,201.0,2106.0,1
3245.0,72.0,4.0,601.0,1.0,4403.0,224.0,232.0,144.0,2516.0,1
3128.0,298.0,17.0,384.0,86.0,3123.0,172.0,232.0,200.0,1381.0,1
3149.0,31.0,3.0,0.0,0.0,295.0,219.0,233.0,151.0,1593.0,1
3057.0,3.0,9.0,153.0,0.0,3260.0,208.0,223.0,152.0,1308.0,2
3418.0,79.0,17.0,524.0,133.0,2125.0,240.0,207.0,92.0,1500.0,1
2910.0,284.0,13.0,95.0,32.0,2560.0,184.0,240.0,196.0,713.0,1
2889.0,38.0,5.0,0.0,0.0,1269.0,220.0,228.0,144.0,1593.0,2
2788.0,27.0,10.0,170.0,9.0,1866.0,216.0,219.0,139.0,1499.0,2
3292.0,331.0,21.0,511.0,141.0,2932.0,167.0,209.0,180.0,600.0,1
3244.0,30.0,15.0,150.0,39.0,3511.0,214.0,206.0,124.0,2250.0,1
2954.0,106.0,19.0,270.0,9.0,540.0,249.0,213.0,84.0,2638.0,2
3260.0,328.0,14.0,283.0,23.0,4364.0,186.0,224.0,177.0,661.0,1
2995.0,59.0,11.0,85.0,23.0,2096.0,228.0,216.0,119.0,2630.0,1
2811.0,118.0,9.0,153.0,27.0,2954.0,237.0,232.0,126.0,2401.0,2
3037.0,187.0,11.0,738.0,-88.0,6056.0,221.0,248.0,159.0,3097.0,2
3096.0,187.0,6.0,424.0,65.0,437.0,221.0,244.0,158.0,1485.0,2
3019.0,67.0,12.0,134.0,14.0,4555.0,232.0,216.0,115.0,531.0,2
3277.0,110.0,22.0,612.0,116.0,1275.0,251.0,209.0,73.0,1736.0,1
3402.0,30.0,9.0,180.0,26.0,2800.0,218.0,220.0,137.0,2165.0,7
2991.0,319.0,4.0,541.0,72.0,4897.0,208.0,235.0,166.0,6161.0,2
3060.0,72.0,5.0,301.0,-36.0,693.0,225.0,231.0,141.0,1489.0,1
2346.0,147.0,16.0,234.0,117.0,953.0,239.0,237.0,123.0,745.0,3
2770.0,226.0,22.0,277.0,71.0,3669.0,185.0,254.0,199.0,1829.0,2
2804.0,172.0,27.0,124.0,23.0,4142.0,226.0,241.0,129.0,5308.0,2
2843.0,131.0,14.0,210.0,47.0,780.0,242.0,232.0,117.0,677.0,2
2967.0,103.0,5.0,95.0,14.0,1080.0,229.0,233.0,138.0,134.0,2
2770.0,101.0,11.0,300.0,14.0,808.0,239.0,225.0,115.0,543.0,2
2949.0,146.0,22.0,258.0,99.0,6078.0,244.0,231.0,105.0,4194.0,2
3142.0,70.0,9.0,108.0,10.0,408.0,230.0,223.0,125.0,5359.0,1
3117.0,50.0,4.0,30.0,1.0,5370.0,221.0,231.0,146.0,3048.0,2
3227.0,290.0,14.0,201.0,48.0,4546.0,180.0,237.0,197.0,3288.0,1
3198.0,25.0,19.0,671.0,157.0,2084.0,207.0,196.0,120.0,2356.0,1
3249.0,188.0,14.0,361.0,44.0,3102.0,221.0,250.0,159.0,955.0,2
3126.0,58.0,7.0,162.0,0.0,1342.0,226.0,225.0,133.0,2139.0,1
3230.0,337.0,5.0,361.0,46.0,283.0,208.0,232.0,163.0,1200.0,1
3042.0,142.0,29.0,532.0,161.0,858.0,247.0,218.0,77.0,2541.0,1
3041.0,144.0,14.0,430.0,13.0,339.0,239.0,237.0,124.0,1544.0,1
2933.0,306.0,14.0,295.0,60.0,1606.0,180.0,231.0,191.0,1215.0,1
2622.0,136.0,17.0,268.0,58.0,1159.0,244.0,231.0,109.0,573.0,2
3213.0,51.0,6.0,256.0,14.0,4916.0,223.0,227.0,139.0,2144.0,1
2847.0,31.0,28.0,277.0,102.0,1065.0,200.0,168.0,90.0,1150.0,1
3082.0,239.0,11.0,382.0,55.0,1689.0,200.0,249.0,186.0,649.0,2
2784.0,85.0,34.0,120.0,0.0,182.0,245.0,161.0,16.0,1440.0,5
2671.0,50.0,7.0,162.0,5.0,1495.0,224.0,224.0,135.0,999.0,2
2998.0,264.0,16.0,268.0,21.0,5904.0,179.0,246.0,205.0,1872.0,2
3095.0,90.0,0.0,366.0,20.0,2683.0,219.0,237.0,155.0,1790.0,2
2991.0,62.0,4.0,90.0,10.0,1620.0,223.0,232.0,145.0,1440.0,2
2347.0,117.0,4.0,30.0,2.0,1342.0,227.0,236.0,143.0,525.0,3
3247.0,194.0,18.0,480.0,112.0,510.0,215.0,252.0,165.0,2568.0,2
3361.0,320.0,12.0,150.0,20.0,3373.0,189.0,228.0,180.0,2258.0,1
3063.0,104.0,12.0,1221.0,265.0,3243.0,240.0,225.0,114.0,1149.0,2
3095.0,182.0,19.0,571.0,58.0,2352.0,222.0,249.0,151.0,1180.0,2
3217.0,71.0,10.0,379.0,22.0,1487.0,231.0,221.0,121.0,1209.0,1
2233.0,63.0,31.0,85.0,-7.0,930.0,230.0,161.0,41.0,983.0,6
3111.0,354.0,9.0,42.0,6.0,2190.0,205.0,224.0,157.0,972.0,1
3145.0,334.0,12.0,492.0,108.0,2045.0,193.0,224.0,170.0,900.0,2
3041.0,212.0,15.0,30.0,0.0,607.0,206.0,253.0,179.0,553.0,2
2975.0,1.0,10.0,573.0,7.0,4536.0,206.0,222.0,153.0,3193.0,1
3428.0,316.0,21.0,85.0,0.0,1538.0,159.0,217.0,196.0,1864.0,7
2154.0,359.0,18.0,30.0,0.0,210.0,191.0,204.0,149.0,591.0,2
2633.0,38.0,6.0,120.0,-9.0,1032.0,220.0,227.0,143.0,5900.0,2
2690.0,3.0,9.0,0.0,0.0,2491.0,209.0,224.0,153.0,4734.0,2
2533.0,50.0,8.0,268.0,17.0,1207.0,224.0,222.0,132.0,4176.0,2
2955.0,202.0,9.0,228.0,36.0,5398.0,216.0,248.0,167.0,3108.0,1
3139.0,38.0,11.0,255.0,26.0,3951.0,220.0,216.0,129.0,3201.0,1
2123.0,105.0,19.0,242.0,90.0,339.0,249.0,212.0,83.0,342.0,3
2926.0,270.0,16.0,295.0,20.0,5449.0,177.0,244.0,205.0,5026.0,2
2139.0,334.0,30.0,67.0,38.0,1261.0,139.0,187.0,179.0,972.0,3
2919.0,357.0,15.0,300.0,35.0,1761.0,196.0,212.0,153.0,2858.0,2
3346.0,74.0,34.0,85.0,31.0,2040.0,237.0,157.0,0.0,876.0,7
2579.0,244.0,28.0,30.0,10.0,1616.0,153.0,248.0,224.0,768.0,2
2823.0,143.0,9.0,67.0,4.0,2799.0,234.0,238.0,135.0,4119.0,2
2518.0,42.0,6.0,124.0,13.0,361.0,221.0,227.0,141.0,1517.0,6
3282.0,49.0,10.0,840.0,-8.0,1706.0,224.0,219.0,128.0,2761.0,2
3090.0,353.0,11.0,95.0,4.0,3115.0,201.0,221.0,158.0,3182.0,1
3134.0,249.0,18.0,510.0,58.0,3499.0,179.0,250.0,207.0,1332.0,1
2873.0,32.0,16.0,0.0,0.0,192.0,215.0,204.0,121.0,42.0,2
3093.0,347.0,17.0,180.0,59.0,959.0,185.0,210.0,162.0,1473.0,2
2861.0,316.0,15.0,42.0,7.0,3447.0,181.0,227.0,186.0,2697.0,1
3291.0,300.0,16.0,871.0,181.0,1296.0,173.0,232.0,198.0,2839.0,1
3214.0,286.0,9.0,134.0,35.0,4403.0,195.0,240.0,184.0,3101.0,1
2335.0,61.0,17.0,153.0,28.0,1065.0,231.0,202.0,98.0,1026.0,3
3186.0,338.0,16.0,192.0,38.0,811.0,183.0,215.0,170.0,1943.0,2
2728.0,109.0,28.0,90.0,31.0,1167.0,254.0,196.0,50.0,1237.0,2
2118.0,317.0,30.0,85.0,42.0,1410.0,128.0,199.0,203.0,713.0,3
2148.0,129.0,26.0,120.0,57.0,780.0,252.0,215.0,74.0,127.0,4
2948.0,79.0,11.0,309.0,17.0,2045.0,234.0,220.0,117.0,942.0,1
2898.0,27.0,6.0,150.0,7.0,1865.0,217.0,226.0,145.0,1509.0,5
2794.0,60.0,10.0,30.0,11.0,1940.0,228.0,218.0,122.0,1855.0,1
3117.0,74.0,17.0,95.0,-5.0,4964.0,238.0,205.0,92.0,1243.0,1
2753.0,347.0,21.0,390.0,59.0,1110.0,175.0,200.0,161.0,1129.0,2
3032.0,38.0,8.0,60.0,8.0,3573.0,220.0,222.0,137.0,1894.0,2
3240.0,238.0,19.0,824.0,-29.0,3983.0,182.0,253.0,204.0,1146.0,2
2661.0,45.0,9.0,644.0,-5.0,738.0,223.0,220.0,131.0,1500.0,2
2517.0,309.0,29.0,108.0,51.0,732.0,128.0,206.0,212.0,569.0,6
3055.0,44.0,17.0,153.0,44.0,1115.0,222.0,201.0,109.0,1064.0,1
2619.0,238.0,14.0,162.0,50.0,1342.0,193.0,251.0,194.0,1398.0,3
2335.0,332.0,23.0,391.0,210.0,1020.0,159.0,204.0,180.0,1307.0,3
3038.0,9.0,17.0,242.0,63.0,1298.0,198.0,203.0,139.0,511.0,1
2738.0,10.0,18.0,85.0,29.0,2185.0,198.0,201.0,137.0,365.0,2
2798.0,28.0,9.0,524.0,76.0,3390.0,217.0,220.0,139.0,2784.0,1
3351.0,50.0,15.0,474.0,95.0,5089.0,226.0,207.0,112.0,417.0,1
3210.0,254.0,13.0,30.0,-9.0,3636.0,190.0,248.0,196.0,1706.0,1
2692.0,22.0,41.0,384.0,226.0,799.0,160.0,120.0,65.0,1276.0,2
3157.0,137.0,31.0,350.0,0.0,1050.0,249.0,211.0,64.0,1100.0,7
2547.0,77.0,16.0,0.0,0.0,1448.0,238.0,210.0,98.0,1230.0,3
3270.0,317.0,17.0,218.0,42.0,4036.0,174.0,223.0,188.0,1266.0,1
2695.0,186.0,18.0,210.0,88.0,2002.0,220.0,250.0,157.0,2640.0,3
2897.0,131.0,20.0,725.0,122.0,2318.0,247.0,226.0,98.0,1642.0,2
3180.0,110.0,7.0,30.0,-5.0,1681.0,233.0,232.0,132.0,1637.0,1
2676.0,100.0,25.0,108.0,43.0,2388.0,251.0,198.0,60.0,2413.0,3
3228.0,20.0,5.0,323.0,37.0,3346.0,217.0,229.0,150.0,3675.0,1
2708.0,55.0,11.0,67.0,19.0,1604.0,227.0,215.0,120.0,1719.0,2
2593.0,166.0,6.0,30.0,-6.0,2145.0,225.0,242.0,151.0,1426.0,3
2282.0,114.0,24.0,192.0,88.0,918.0,253.0,208.0,68.0,1387.0,4
2590.0,82.0,30.0,85.0,31.0,1368.0,244.0,173.0,37.0,323.0,3
3185.0,107.0,15.0,319.0,83.0,700.0,244.0,221.0,103.0,677.0,1
3295.0,338.0,13.0,170.0,54.0,3027.0,190.0,220.0,169.0,2469.0,1
2925.0,69.0,10.0,150.0,5.0,4443.0,231.0,221.0,122.0,4440.0,1
2973.0,54.0,10.0,90.0,0.0,2568.0,226.0,218.0,125.0,283.0,1
3047.0,123.0,16.0,108.0,13.0,3840.0,245.0,226.0,104.0,2701.0,2
3234.0,142.0,6.0,270.0,31.0,4779.0,229.0,239.0,143.0,618.0,2
2900.0,97.0,19.0,85.0,14.0,5947.0,247.0,210.0,85.0,4699.0,2
3016.0,75.0,15.0,277.0,78.0,5292.0,237.0,212.0,103.0,571.0,2
2844.0,95.0,22.0,90.0,17.0,5437.0,249.0,203.0,72.0,4507.0,1
3106.0,340.0,12.0,774.0,337.0,1165.0,195.0,223.0,166.0,1277.0,1
2348.0,103.0,24.0,300.0,151.0,830.0,252.0,201.0,64.0,1507.0,4
3029.0,123.0,14.0,726.0,219.0,743.0,243.0,228.0,111.0,1276.0,2
2987.0,32.0,13.0,60.0,12.0,1159.0,216.0,210.0,127.0,700.0,1
3090.0,202.0,17.0,592.0,115.0,5949.0,210.0,253.0,172.0,1840.0,2
3259.0,172.0,37.0,182.0,100.0,1574.0,216.0,228.0,110.0,566.0,7
3093.0,172.0,13.0,120.0,10.0,845.0,228.0,246.0,147.0,1661.0,1
3141.0,234.0,10.0,659.0,104.0,1863.0,202.0,250.0,184.0,732.0,2
3225.0,348.0,11.0,759.0,35.0,1984.0,199.0,222.0,161.0,524.0,1
3125.0,334.0,24.0,30.0,12.0,3150.0,157.0,200.0,178.0,638.0,2
3110.0,270.0,7.0,247.0,36.0,1266.0,202.0,243.0,180.0,1403.0,1
2727.0,90.0,9.0,95.0,6.0,2452.0,235.0,225.0,121.0,4255.0,2
2868.0,59.0,11.0,300.0,31.0,450.0,228.0,216.0,119.0,1744.0,2
3208.0,21.0,15.0,573.0,79.0,2403.0,208.0,206.0,131.0,3378.0,1
2603.0,284.0,15.0,228.0,30.0,875.0,177.0,239.0,201.0,1818.0,2
3159.0,125.0,6.0,192.0,30.0,6639.0,230.0,236.0,139.0,2216.0,2
3247.0,268.0,17.0,558.0,112.0,390.0,174.0,244.0,208.0,2281.0,2
3089.0,61.0,21.0,240.0,6.0,811.0,232.0,192.0,83.0,1057.0,1
2330.0,317.0,21.0,153.0,42.0,240.0,159.0,216.0,195.0,895.0,2
2768.0,167.0,24.0,361.0,149.0,1741.0,231.0,240.0,126.0,1448.0,2
2732.0,135.0,4.0,182.0,16.0,1567.0,226.0,238.0,146.0,2197.0,2
2955.0,321.0,12.0,120.0,16.0,1533.0,189.0,228.0,179.0,3337.0,1
2837.0,142.0,8.0,0.0,0.0,3995.0,232.0,238.0,139.0,3332.0,1
3048.0,339.0,13.0,30.0,7.0,3093.0,191.0,221.0,168.0,474.0,1
2308.0,28.0,15.0,201.0,94.0,1560.0,213.0,207.0,126.0,780.0,6
3233.0,180.0,27.0,390.0,0.0,2069.0,219.0,245.0,141.0,1289.0,2
3207.0,17.0,10.0,810.0,83.0,2058.0,212.0,219.0,144.0,2345.0,1
3108.0,267.0,10.0,85.0,17.0,170.0,195.0,244.0,189.0,2232.0,1
2705.0,158.0,7.0,319.0,17.0,600.0,228.0,241.0,147.0,886.0,2
3245.0,284.0,19.0,295.0,66.0,4641.0,164.0,237.0,211.0,3278.0,1
2929.0,64.0,17.0,67.0,6.0,516.0,233.0,202.0,95.0,1616.0,2
2985.0,23.0,7.0,212.0,45.0,1292.0,216.0,225.0,145.0,595.0,1
2818.0,324.0,27.0,242.0,79.0,3602.0,143.0,201.0,192.0,1233.0,2
2686.0,121.0,6.0,90.0,-10.0,1583.0,230.0,235.0,139.0,1500.0,2
2261.0,50.0,34.0,67.0,44.0,1290.0,212.0,147.0,43.0,558.0,3
2979.0,108.0,10.0,175.0,26.0,2063.0,238.0,228.0,120.0,2856.0,2
3136.0,100.0,12.0,300.0,50.0,3453.0,239.0,224.0,113.0,4837.0,2
2782.0,318.0,20.0,350.0,121.0,1290.0,162.0,217.0,193.0,1218.0,2
3246.0,19.0,20.0,182.0,55.0,3621.0,201.0,193.0,123.0,3424.0,7
2350.0,30.0,27.0,228.0,83.0,330.0,201.0,172.0,94.0,1034.0,2
2978.0,69.0,16.0,134.0,16.0,3139.0,235.0,206.0,98.0,6613.0,1
3396.0,88.0,17.0,331.0,111.0,1929.0,243.0,211.0,92.0,1690.0,1
2393.0,318.0,16.0,283.0,110.0,1112.0,175.0,223.0,187.0,1099.0,6
2537.0,33.0,13.0,180.0,45.0,108.0,217.0,211.0,127.0,541.0,2
2691.0,34.0,11.0,162.0,41.0,1598.0,219.0,217.0,133.0,417.0,1
3285.0,200.0,19.0,510.0,62.0,2881.0,209.0,253.0,171.0,3214.0,2
2916.0,352.0,15.0,216.0,3.0,4573.0,193.0,213.0,158.0,1731.0,2
3158.0,133.0,10.0,240.0,43.0,228.0,236.0,236.0,130.0,2168.0,1
2688.0,94.0,4.0,361.0,51.0,953.0,225.0,234.0,144.0,2858.0,2
3412.0,296.0,29.0,242.0,61.0,3587.0,127.0,217.0,224.0,1277.0,1
3198.0,334.0,14.0,638.0,7.0,3157.0,187.0,221.0,172.0,3411.0,1
2608.0,170.0,17.0,342.0,64.0,2649.0,230.0,245.0,140.0,767.0,3
3008.0,20.0,17.0,376.0,149.0,1589.0,206.0,201.0,128.0,3055.0,1
3032.0,349.0,10.0,127.0,21.0,4635.0,202.0,224.0,160.0,612.0,1
3125.0,335.0,21.0,470.0,143.0,350.0,168.0,207.0,176.0,1262.0,1
2900.0,250.0,27.0,212.0,87.0,1518.0,150.0,247.0,226.0,541.0,2
3244.0,339.0,24.0,247.0,163.0,4117.0,162.0,199.0,171.0,997.0,2
2997.0,333.0,20.0,553.0,234.0,691.0,171.0,210.0,177.0,1392.0,2
2600.0,18.0,10.0,277.0,75.0,1154.0,212.0,219.0,143.0,1189.0,2
2936.0,57.0,11.0,592.0,10.0,4328.0,228.0,216.0,120.0,4464.0,2
2998.0,255.0,17.0,242.0,99.0,5455.0,179.0,248.0,207.0,850.0,2
2942.0,355.0,10.0,458.0,10.0,4217.0,204.0,222.0,157.0,4597.0,2
3216.0,233.0,16.0,306.0,36.0,4696.0,191.0,253.0,196.0,1073.0,1
2850.0,312.0,31.0,85.0,46.0,4945.0,123.0,201.0,210.0,4747.0,2
2952.0,272.0,12.0,150.0,56.0,5958.0,189.0,243.0,194.0,4998.0,2
2949.0,309.0,10.0,212.0,22.0,1928.0,193.0,234.0,181.0,1756.0,2
3426.0,47.0,12.0,741.0,147.0,2117.0,224.0,214.0,122.0,1597.0,1
2725.0,314.0,22.0,342.0,148.0,1124.0,155.0,216.0,199.0,2105.0,2
3156.0,216.0,11.0,95.0,15.0,2467.0,209.0,250.0,176.0,937.0,2
3273.0,64.0,15.0,150.0,47.0,4478.0,233.0,208.0,104.0,1260.0,1
2795.0,130.0,20.0,30.0,0.0,1846.0,248.0,224.0,94.0,1261.0,2
3021.0,113.0,28.0,335.0,154.0,6195.0,254.0,200.0,54.0,4034.0,2
2955.0,65.0,10.0,277.0,38.0,5297.0,230.0,221.0,123.0,2512.0,2
3369.0,118.0,10.0,706.0,130.0,2971.0,238.0,231.0,122.0,2462.0,7
3354.0,62.0,28.0,323.0,73.0,743.0,231.0,172.0,55.0,972.0,7
3081.0,159.0,20.0,1025.0,179.0,3189.0,236.0,240.0,125.0,1638.0,2
2642.0,18.0,6.0,277.0,30.0,900.0,216.0,227.0,149.0,967.0,2
2603.0,57.0,19.0,175.0,38.0,1637.0,229.0,196.0,92.0,1358.0,2
2614.0,244.0,7.0,272.0,45.0,1301.0,206.0,246.0,178.0,1360.0,2
