dataset,main_file,diffusion_file,generators_included,notes,status,output,generator_count
1. Cancer,/home/gopi.battineni/SYNTH_BENCHMARK/Generators/Experiment with utility data leak/1. Cancer/TRTR_TSTR_results.xlsx,/home/gopi.battineni/SYNTH_BENCHMARK/Generators/Experiment with utility data leak/diffusion_dataleak/1. Cancer/TRTR_TSTR_results.xlsx,"['CTGAN', 'CopulaGAN', 'TVAE', 'GaussianCopula', 'WGAN_GP', 'CTABGAN', 'TabDDPM', 'ForestDiffusion']",[],OK,/home/gopi.battineni/SYNTH_BENCHMARK/Generators/Experiment with utility data leak/utility results/1. Cancer/TRTR_TSTR_results_merged.xlsx,8
2. Alzhimers,/home/gopi.battineni/SYNTH_BENCHMARK/Generators/Experiment with utility data leak/2. Alzhimers/TRTR_TSTR_results.xlsx,/home/gopi.battineni/SYNTH_BENCHMARK/Generators/Experiment with utility data leak/diffusion_dataleak/2. Alzhimers/TRTR_TSTR_results.xlsx,"['CTGAN', 'CopulaGAN', 'TVAE', 'GaussianCopula', 'WGAN_GP', 'CTABGAN', 'TabDDPM', 'ForestDiffusion']",[],OK,/home/gopi.battineni/SYNTH_BENCHMARK/Generators/Experiment with utility data leak/utility results/2. Alzhimers/TRTR_TSTR_results_merged.xlsx,8
3. Adult,/home/gopi.battineni/SYNTH_BENCHMARK/Generators/Experiment with utility data leak/3. Adult/TRTR_TSTR_results.xlsx,/home/gopi.battineni/SYNTH_BENCHMARK/Generators/Experiment with utility data leak/diffusion_dataleak/3. Adult/TRTR_TSTR_results.xlsx,"['CTGAN', 'CopulaGAN', 'TVAE', 'GaussianCopula', 'WGAN_GP', 'CTABGAN', 'TabDDPM', 'ForestDiffusion']",[],OK,/home/gopi.battineni/SYNTH_BENCHMARK/Generators/Experiment with utility data leak/utility results/3. Adult/TRTR_TSTR_results_merged.xlsx,8
4. Forest cover dataset,/home/gopi.battineni/SYNTH_BENCHMARK/Generators/Experiment with utility data leak/4. Forest cover dataset/TRTR_TSTR_results.xlsx,/home/gopi.battineni/SYNTH_BENCHMARK/Generators/Experiment with utility data leak/diffusion_dataleak/4. Forest cover dataset/TRTR_TSTR_results.xlsx,"['CTGAN', 'CopulaGAN', 'TVAE', 'GaussianCopula', 'WGAN_GP', 'CTABGAN', 'TabDDPM', 'ForestDiffusion']",[],OK,/home/gopi.battineni/SYNTH_BENCHMARK/Generators/Experiment with utility data leak/utility results/4. Forest cover dataset/TRTR_TSTR_results_merged.xlsx,8
5. Bank Markting,/home/gopi.battineni/SYNTH_BENCHMARK/Generators/Experiment with utility data leak/5. Bank Markting/TRTR_TSTR_results.xlsx,/home/gopi.battineni/SYNTH_BENCHMARK/Generators/Experiment with utility data leak/diffusion_dataleak/5. Bank Markting/TRTR_TSTR_results.xlsx,"['CTGAN', 'CopulaGAN', 'TVAE', 'GaussianCopula', 'WGAN_GP', 'CTABGAN', 'TabDDPM', 'ForestDiffusion']",[],OK,/home/gopi.battineni/SYNTH_BENCHMARK/Generators/Experiment with utility data leak/utility results/5. Bank Markting/TRTR_TSTR_results_merged.xlsx,8
6. Wine dataset,/home/gopi.battineni/SYNTH_BENCHMARK/Generators/Experiment with utility data leak/6. Wine dataset/TRTR_TSTR_results.xlsx,/home/gopi.battineni/SYNTH_BENCHMARK/Generators/Experiment with utility data leak/diffusion_dataleak/6. Wine dataset/TRTR_TSTR_results.xlsx,"['CTGAN', 'CopulaGAN', 'TVAE', 'GaussianCopula', 'WGAN_GP', 'CTABGAN', 'TabDDPM', 'ForestDiffusion']",[],OK,/home/gopi.battineni/SYNTH_BENCHMARK/Generators/Experiment with utility data leak/utility results/6. Wine dataset/TRTR_TSTR_results_merged.xlsx,8
7. CDC diabetes dataset,/home/gopi.battineni/SYNTH_BENCHMARK/Generators/Experiment with utility data leak/7. CDC diabetes dataset/TRTR_TSTR_results.xlsx,/home/gopi.battineni/SYNTH_BENCHMARK/Generators/Experiment with utility data leak/diffusion_dataleak/7. CDC diabetes dataset/TRTR_TSTR_results.xlsx,"['CTGAN', 'CopulaGAN', 'TVAE', 'GaussianCopula', 'WGAN_GP', 'CTABGAN', 'TabDDPM', 'ForestDiffusion']",[],OK,/home/gopi.battineni/SYNTH_BENCHMARK/Generators/Experiment with utility data leak/utility results/7. CDC diabetes dataset/TRTR_TSTR_results_merged.xlsx,8
8. Mushroom dataset,/home/gopi.battineni/SYNTH_BENCHMARK/Generators/Experiment with utility data leak/8. Mushroom dataset/TRTR_TSTR_results.xlsx,/home/gopi.battineni/SYNTH_BENCHMARK/Generators/Experiment with utility data leak/diffusion_dataleak/8. Mushroom dataset/TRTR_TSTR_results.xlsx,"['CTGAN', 'CopulaGAN', 'TVAE', 'GaussianCopula', 'WGAN_GP', 'CTABGAN', 'TabDDPM', 'ForestDiffusion']",[],OK,/home/gopi.battineni/SYNTH_BENCHMARK/Generators/Experiment with utility data leak/utility results/8. Mushroom dataset/TRTR_TSTR_results_merged.xlsx,8
9. MAGIC Gamma Telescope,/home/gopi.battineni/SYNTH_BENCHMARK/Generators/Experiment with utility data leak/9. MAGIC Gamma Telescope/TRTR_TSTR_results.xlsx,/home/gopi.battineni/SYNTH_BENCHMARK/Generators/Experiment with utility data leak/diffusion_dataleak/9. MAGIC Gamma Telescope/TRTR_TSTR_results.xlsx,"['CTGAN', 'CopulaGAN', 'TVAE', 'GaussianCopula', 'WGAN_GP', 'CTABGAN', 'TabDDPM', 'ForestDiffusion']",[],OK,/home/gopi.battineni/SYNTH_BENCHMARK/Generators/Experiment with utility data leak/utility results/9. MAGIC Gamma Telescope/TRTR_TSTR_results_merged.xlsx,8
10. Metro interstate,/home/gopi.battineni/SYNTH_BENCHMARK/Generators/Experiment with utility data leak/10. Metro interstate/TRTR_TSTR_results_regression.xlsx,/home/gopi.battineni/SYNTH_BENCHMARK/Generators/Experiment with utility data leak/diffusion_dataleak/10. Metro interstate/TRTR_TSTR_results_regression.xlsx,"['CTGAN', 'CopulaGAN', 'TVAE', 'GaussianCopula', 'WGAN_GP', 'CTABGAN', 'TabDDPM', 'ForestDiffusion']",[],OK,/home/gopi.battineni/SYNTH_BENCHMARK/Generators/Experiment with utility data leak/utility results/10. Metro interstate/TRTR_TSTR_results_merged.xlsx,8
11. online shopping,/home/gopi.battineni/SYNTH_BENCHMARK/Generators/Experiment with utility data leak/11. online shopping/TRTR_TSTR_results_regression.xlsx,/home/gopi.battineni/SYNTH_BENCHMARK/Generators/Experiment with utility data leak/diffusion_dataleak/11. online shopping/TRTR_TSTR_results_regression.xlsx,"['CTGAN', 'CopulaGAN', 'TVAE', 'GaussianCopula', 'WGAN_GP', 'CTABGAN', 'TabDDPM', 'ForestDiffusion']",[],OK,/home/gopi.battineni/SYNTH_BENCHMARK/Generators/Experiment with utility data leak/utility results/11. online shopping/TRTR_TSTR_results_merged.xlsx,8
12. Air Quality,/home/gopi.battineni/SYNTH_BENCHMARK/Generators/Experiment with utility data leak/12. Air Quality/TRTR_TSTR_results_air_quality.xlsx,/home/gopi.battineni/SYNTH_BENCHMARK/Generators/Experiment with utility data leak/diffusion_dataleak/12. Air Quality/TRTR_TSTR_results_air_quality.xlsx,"['CTGAN', 'CopulaGAN', 'TVAE', 'GaussianCopula', 'WGAN_GP', 'CTABGAN', 'TabDDPM', 'ForestDiffusion']",[],OK,/home/gopi.battineni/SYNTH_BENCHMARK/Generators/Experiment with utility data leak/utility results/12. Air Quality/TRTR_TSTR_results_merged.xlsx,8
13. Concrete Compressive Strength,/home/gopi.battineni/SYNTH_BENCHMARK/Generators/Experiment with utility data leak/13. Concrete Compressive Strength/TRTR_TSTR_results_air_quality.xlsx,/home/gopi.battineni/SYNTH_BENCHMARK/Generators/Experiment with utility data leak/diffusion_dataleak/13. Concrete Compressive Strength/TRTR_TSTR_results_concrete.xlsx,"['CTGAN', 'CopulaGAN', 'TVAE', 'GaussianCopula', 'WGAN_GP', 'CTABGAN', 'TabDDPM', 'ForestDiffusion']",[],OK,/home/gopi.battineni/SYNTH_BENCHMARK/Generators/Experiment with utility data leak/utility results/13. Concrete Compressive Strength/TRTR_TSTR_results_merged.xlsx,8
14. Energy Efficiency,/home/gopi.battineni/SYNTH_BENCHMARK/Generators/Experiment with utility data leak/14. Energy Efficiency/TRTR_TSTR_results_energy_efficiency.xlsx,/home/gopi.battineni/SYNTH_BENCHMARK/Generators/Experiment with utility data leak/diffusion_dataleak/14. Energy Efficiency/TRTR_TSTR_results_energy_efficiency.xlsx,"['CTGAN', 'CopulaGAN', 'TVAE', 'GaussianCopula', 'WGAN_GP', 'CTABGAN', 'TabDDPM', 'ForestDiffusion']",[],OK,/home/gopi.battineni/SYNTH_BENCHMARK/Generators/Experiment with utility data leak/utility results/14. Energy Efficiency/TRTR_TSTR_results_merged.xlsx,8
15. Real Estate Valuation,/home/gopi.battineni/SYNTH_BENCHMARK/Generators/Experiment with utility data leak/15. Real Estate Valuation/TRTR_TSTR_results_real_estate.xlsx,/home/gopi.battineni/SYNTH_BENCHMARK/Generators/Experiment with utility data leak/diffusion_dataleak/15. Real Estate Valuation/TRTR_TSTR_results_real_estate.xlsx,"['CTGAN', 'CopulaGAN', 'TVAE', 'GaussianCopula', 'WGAN_GP', 'CTABGAN', 'TabDDPM', 'ForestDiffusion']",[],OK,/home/gopi.battineni/SYNTH_BENCHMARK/Generators/Experiment with utility data leak/utility results/15. Real Estate Valuation/TRTR_TSTR_results_merged.xlsx,8
