Dataset,Generator,Metric,Mean_CV,Std_CV,N
1. Cancer,CTABGAN,Accuracy,0.026401073191723235,0.011446052400598785,20
1. Cancer,CTABGAN,F1,0.03987329494857379,0.015194424853913613,20
1. Cancer,CTABGAN,Precision,0.05586783505739305,0.025079309016897543,20
1. Cancer,CTABGAN,Recall,0.06458885778819992,0.012601414081243226,20
1. Cancer,CTGAN,Accuracy,0.052164269905421556,0.026130365891115392,20
1. Cancer,CTGAN,F1,0.05145922318706592,0.030645850552591825,20
1. Cancer,CTGAN,Precision,0.06597217208931554,0.028812777874696455,20
1. Cancer,CTGAN,Recall,0.07246650478383193,0.05212469650977347,20
1. Cancer,CopulaGAN,Accuracy,0.1795973403163192,0.050987393747459246,20
1. Cancer,CopulaGAN,F1,0.1717090394890456,0.07256755157183765,20
1. Cancer,CopulaGAN,Precision,0.16518142895945692,0.07032211424231567,20
1. Cancer,CopulaGAN,Recall,0.21351949693156497,0.08711056495135971,20
1. Cancer,ForestDiffusion,Accuracy,0.017545319216661585,0.005109265716844235,20
1. Cancer,ForestDiffusion,F1,0.02585284260695846,0.008114153456515963,20
1. Cancer,ForestDiffusion,Precision,0.01885598001118286,0.010170419566030398,20
1. Cancer,ForestDiffusion,Recall,0.045935651181122895,0.01298571567784383,20
1. Cancer,GaussianCopula,Accuracy,0.03660311415609858,0.01912224932156124,20
1. Cancer,GaussianCopula,F1,0.06110745819279771,0.023042616599665663,20
1. Cancer,GaussianCopula,Precision,0.05056081502233282,0.04340501173561549,20
1. Cancer,GaussianCopula,Recall,0.09044525149726601,0.01747621002020906,20
1. Cancer,TVAE,Accuracy,0.022081956098292506,0.00710942800233915,20
1. Cancer,TVAE,F1,0.02848225876810583,0.008341310461248782,20
1. Cancer,TVAE,Precision,0.04806679705395593,0.011827239299544445,20
1. Cancer,TVAE,Recall,0.03432439450381842,0.009436996633970868,20
1. Cancer,TabDDPM,Accuracy,0.17561986277035851,0.08866236777825774,20
1. Cancer,TabDDPM,F1,0.8250427310997767,0.6561365512462685,20
1. Cancer,TabDDPM,Precision,0.7053151974283745,0.5279548404301515,20
1. Cancer,TabDDPM,Recall,0.9875485876880438,0.6615897705822058,20
1. Cancer,WGAN_GP,Accuracy,0.02177008573902056,0.004822155992399824,20
1. Cancer,WGAN_GP,F1,0.034086018665830206,0.008137928776932266,20
1. Cancer,WGAN_GP,Precision,0.023717861091490634,0.00993484913749739,20
1. Cancer,WGAN_GP,Recall,0.05755326476140242,0.010973522726960887,20
10. Metro interstate,CTABGAN,MAE,0.0009433707254065664,0.0017273446877804517,20
10. Metro interstate,CTABGAN,MSE,0.0019062951469595746,0.00290768568670194,20
10. Metro interstate,CTABGAN,R2,0.018192451721495924,0.023496832173750384,20
10. Metro interstate,CTABGAN,RMSE,0.0009528452304478519,0.001453027596848155,20
10. Metro interstate,CTGAN,MAE,0.004527848296771817,0.008371383486049173,20
10. Metro interstate,CTGAN,MSE,0.009693594031479746,0.01546824901001921,20
10. Metro interstate,CTGAN,R2,0.052596174361941896,0.09409700258206076,20
10. Metro interstate,CTGAN,RMSE,0.004837527255685493,0.007711965221987959,20
10. Metro interstate,CopulaGAN,MAE,0.010370083446048051,0.023450440641088564,20
10. Metro interstate,CopulaGAN,MSE,0.021098544238075907,0.045812894577117416,20
10. Metro interstate,CopulaGAN,R2,0.09548626945932102,0.1636044007050131,20
10. Metro interstate,CopulaGAN,RMSE,0.010675773796995932,0.023331298262140924,20
10. Metro interstate,GaussianCopula,MAE,0.004090302430464691,0.006837513010131667,20
10. Metro interstate,GaussianCopula,MSE,0.008004458537543963,0.012731587086197446,20
10. Metro interstate,GaussianCopula,R2,0.02520040586900162,0.04435195261737494,20
10. Metro interstate,GaussianCopula,RMSE,0.004022540076762703,0.006404150078008004,20
10. Metro interstate,TVAE,MAE,0.0020970987994388493,0.00290334722706522,20
10. Metro interstate,TVAE,MSE,0.0044277466348093125,0.005758638472209666,20
10. Metro interstate,TVAE,R2,0.01233943562224917,0.016035549138655385,20
10. Metro interstate,TVAE,RMSE,0.0022104136999588748,0.00287338412553253,20
10. Metro interstate,WGAN_GP,MAE,7.433040353511162e-07,9.670159764123597e-07,20
10. Metro interstate,WGAN_GP,MSE,1.0092228245702342e-06,1.318253782351803e-06,20
10. Metro interstate,WGAN_GP,R2,1.5090321674157797e-06,1.9711089707214283e-06,20
10. Metro interstate,WGAN_GP,RMSE,5.04611431298173e-07,6.591268918617062e-07,20
11. online shopping,CTABGAN,MAE,0.011602581666662755,0.005709713272371043,20
11. online shopping,CTABGAN,MSE,0.024387382348406265,0.01275124549106899,20
11. online shopping,CTABGAN,R2,0.43109865193951824,0.21663892163305598,20
11. online shopping,CTABGAN,RMSE,0.01213430779677047,0.0063139423591406715,20
11. online shopping,CTGAN,MAE,0.10159651498412867,0.07442000878783951,20
11. online shopping,CTGAN,MSE,0.18878176826137166,0.13913215269155296,20
11. online shopping,CTGAN,R2,0.9991702782819653,0.36077865951356336,20
11. online shopping,CTGAN,RMSE,0.08915676128048602,0.06498669564193021,20
11. online shopping,CopulaGAN,MAE,0.14832782603705025,0.11556451877444864,20
11. online shopping,CopulaGAN,MSE,0.28525914133091473,0.19668068739317376,20
11. online shopping,CopulaGAN,R2,0.80268108935318,0.3248853916454285,20
11. online shopping,CopulaGAN,RMSE,0.14254002955672218,0.0987500001459938,20
11. online shopping,GaussianCopula,MAE,0.045514630157442656,0.01713226581522579,20
11. online shopping,GaussianCopula,MSE,0.09096549941390111,0.03824011932213211,20
11. online shopping,GaussianCopula,R2,0.8702923214202564,1.5734437755780557,20
11. online shopping,GaussianCopula,RMSE,0.0454381610002527,0.018659298915519165,20
11. online shopping,TVAE,MAE,0.06407896691130394,0.029642378234813468,20
11. online shopping,TVAE,MSE,0.11809686742980623,0.05630773836242927,20
11. online shopping,TVAE,R2,0.41366460233735214,0.17592542402885034,20
11. online shopping,TVAE,RMSE,0.057666104951295004,0.026669290332516367,20
11. online shopping,WGAN_GP,MAE,0.05484436438579281,0.06384707379203208,20
11. online shopping,WGAN_GP,MSE,0.09455392394968982,0.1211838098782578,20
11. online shopping,WGAN_GP,R2,0.14022820543212072,0.16735662664829495,20
11. online shopping,WGAN_GP,RMSE,0.04740624699310933,0.06076398867247777,20
12. Air Quality,CTABGAN,MAE,0.10109390732781134,0.03693349400662165,20
12. Air Quality,CTABGAN,MSE,0.30256773231171985,0.0749775608941286,20
12. Air Quality,CTABGAN,R2,1.041081265201017,1.3744004589063397,20
12. Air Quality,CTABGAN,RMSE,0.14681270295954438,0.03624406970762485,20
12. Air Quality,CTGAN,MAE,0.16883480517271401,0.013867677797541673,20
12. Air Quality,CTGAN,MSE,0.45964988998542894,0.058932610890390154,20
12. Air Quality,CTGAN,R2,1.4724256205145796,1.24946730228744,20
12. Air Quality,CTGAN,RMSE,0.21341156389840496,0.023653993349864955,20
12. Air Quality,CopulaGAN,MAE,0.16647079318580116,0.02874832681466954,20
12. Air Quality,CopulaGAN,MSE,0.44101566755192945,0.08355412482688696,20
12. Air Quality,CopulaGAN,R2,1.085406802721879,1.4985791709594596,20
12. Air Quality,CopulaGAN,RMSE,0.20691772145011617,0.036231047936558146,20
12. Air Quality,GaussianCopula,MAE,0.08143637713182739,0.011982262944465619,20
12. Air Quality,GaussianCopula,MSE,0.14490809733602028,0.04057360106141861,20
12. Air Quality,GaussianCopula,R2,0.1399021840866521,0.04941367319105716,20
12. Air Quality,GaussianCopula,RMSE,0.07433823232544579,0.0204753451868601,20
12. Air Quality,TVAE,MAE,0.27225029496570163,0.18813626354579946,20
12. Air Quality,TVAE,MSE,0.850510541671262,0.7250909486625945,20
12. Air Quality,TVAE,R2,2.024121139013429,2.261167441193727,20
12. Air Quality,TVAE,RMSE,0.4651904138544756,0.4149250536551465,20
12. Air Quality,WGAN_GP,MAE,0.10154864144474532,0.014935383424752112,20
12. Air Quality,WGAN_GP,MSE,0.15965522251145747,0.029070364318550704,20
12. Air Quality,WGAN_GP,R2,0.11520902796932757,0.019064590987546703,20
12. Air Quality,WGAN_GP,RMSE,0.0795544072961618,0.01592007791293482,20
13. Concrete Compressive Strength,CTABGAN,MAE,0.12392041184587115,0.031345062731081015,20
13. Concrete Compressive Strength,CTABGAN,MSE,0.19616946382501818,0.06270970341197868,20
13. Concrete Compressive Strength,CTABGAN,R2,1.456590633752722,1.22001546106309,20
13. Concrete Compressive Strength,CTABGAN,RMSE,0.10184410124418253,0.02998915893410115,20
13. Concrete Compressive Strength,CTGAN,MAE,0.12004765558125423,0.029776053767697885,20
13. Concrete Compressive Strength,CTGAN,MSE,0.18262336191595543,0.06675532428075155,20
13. Concrete Compressive Strength,CTGAN,R2,0.6589557639009697,0.20172770062869666,20
13. Concrete Compressive Strength,CTGAN,RMSE,0.09432511546969778,0.03371044487343304,20
13. Concrete Compressive Strength,CopulaGAN,MAE,0.1029124067135134,0.011075689019155925,20
13. Concrete Compressive Strength,CopulaGAN,MSE,0.20630283069577446,0.02383108420602552,20
13. Concrete Compressive Strength,CopulaGAN,R2,0.2949022148329031,0.08832058184335075,20
13. Concrete Compressive Strength,CopulaGAN,RMSE,0.10415054205174071,0.012110088290840633,20
13. Concrete Compressive Strength,ForestDiffusion,MAE,0.04862004830243301,0.01907503227515985,20
13. Concrete Compressive Strength,ForestDiffusion,MSE,0.10730262381313775,0.04172945436821786,20
13. Concrete Compressive Strength,ForestDiffusion,R2,0.04913074687080178,0.02345987958367322,20
13. Concrete Compressive Strength,ForestDiffusion,RMSE,0.054042927544060385,0.02095980056415692,20
13. Concrete Compressive Strength,GaussianCopula,MAE,0.14297964444298217,0.017271443346162027,20
13. Concrete Compressive Strength,GaussianCopula,MSE,0.26527064035182796,0.03352348895603903,20
13. Concrete Compressive Strength,GaussianCopula,R2,0.6803287338943445,1.4800923272136202,20
13. Concrete Compressive Strength,GaussianCopula,RMSE,0.13314279238604568,0.01951660898344452,20
13. Concrete Compressive Strength,TVAE,MAE,0.10962876528440005,0.021936359052026528,20
13. Concrete Compressive Strength,TVAE,MSE,0.2114275079057215,0.048469105475705744,20
13. Concrete Compressive Strength,TVAE,R2,0.38948152107370054,0.4838888673620277,20
13. Concrete Compressive Strength,TVAE,RMSE,0.10904735986824791,0.02561436256424013,20
13. Concrete Compressive Strength,TabDDPM,MAE,0.049296103795550814,0.016037566831927186,20
13. Concrete Compressive Strength,TabDDPM,MSE,0.1119197073893674,0.028681838450279402,20
13. Concrete Compressive Strength,TabDDPM,R2,0.06988773241887639,0.027469753009515693,20
13. Concrete Compressive Strength,TabDDPM,RMSE,0.05634009180740501,0.01421830658710314,20
13. Concrete Compressive Strength,WGAN_GP,MAE,0.12371137244916997,0.05538887176411072,20
13. Concrete Compressive Strength,WGAN_GP,MSE,0.2734513160956752,0.0768547359788844,20
13. Concrete Compressive Strength,WGAN_GP,R2,0.7333258866020423,0.5563560736406126,20
13. Concrete Compressive Strength,WGAN_GP,RMSE,0.14085207964138638,0.04263379039950751,20
14. Energy Efficiency,CTABGAN,MAE,0.08954691347551944,0.0330210751990358,20
14. Energy Efficiency,CTABGAN,MSE,0.139230166843145,0.05499539761350346,20
14. Energy Efficiency,CTABGAN,R2,0.4217903857298702,0.08658095156990654,20
14. Energy Efficiency,CTABGAN,RMSE,0.07041546103144498,0.02722700583579449,20
14. Energy Efficiency,CTGAN,MAE,0.11382955280060533,0.02163734963425646,20
14. Energy Efficiency,CTGAN,MSE,0.22793473502218284,0.023421635099642985,20
14. Energy Efficiency,CTGAN,R2,2.0727044711351765,1.2620270073273292,20
14. Energy Efficiency,CTGAN,RMSE,0.11492918617256953,0.013808226820514078,20
14. Energy Efficiency,CopulaGAN,MAE,0.06680556880524009,0.031410560552145625,20
14. Energy Efficiency,CopulaGAN,MSE,0.11327974617660894,0.0420857701170252,20
14. Energy Efficiency,CopulaGAN,R2,1.691418360374271,1.2279399681206598,20
14. Energy Efficiency,CopulaGAN,RMSE,0.05719588522981769,0.02258893505377455,20
14. Energy Efficiency,ForestDiffusion,MAE,0.08093867620165729,0.015270972865908703,20
14. Energy Efficiency,ForestDiffusion,MSE,0.1815133179421859,0.08171563411099485,20
14. Energy Efficiency,ForestDiffusion,R2,0.011052806097723657,0.010865351514431399,20
14. Energy Efficiency,ForestDiffusion,RMSE,0.08940630829341818,0.033898507117967366,20
14. Energy Efficiency,GaussianCopula,MAE,0.0828510249858658,0.04411962218182133,20
14. Energy Efficiency,GaussianCopula,MSE,0.15717417992907526,0.08243906415220734,20
14. Energy Efficiency,GaussianCopula,R2,0.16075523961016752,0.16064738034804463,20
14. Energy Efficiency,GaussianCopula,RMSE,0.07887385223740773,0.04109575604796971,20
14. Energy Efficiency,TVAE,MAE,0.17995058977125886,0.03517847461057551,20
14. Energy Efficiency,TVAE,MSE,0.3594544979561308,0.15856525360112955,20
14. Energy Efficiency,TVAE,R2,0.11434738711865473,0.09962493367899328,20
14. Energy Efficiency,TVAE,RMSE,0.1808810015236026,0.06043807932897504,20
14. Energy Efficiency,TabDDPM,MAE,0.09233549348241799,0.036679366599935356,20
14. Energy Efficiency,TabDDPM,MSE,0.1723102277433789,0.05766926598815405,20
14. Energy Efficiency,TabDDPM,R2,0.5596827236081844,1.5190410698784464,20
14. Energy Efficiency,TabDDPM,RMSE,0.0869441974388854,0.02877792042748347,20
14. Energy Efficiency,WGAN_GP,MAE,0.1375400913241352,0.01115045068765542,20
14. Energy Efficiency,WGAN_GP,MSE,0.25716305244612153,0.02601185883768822,20
14. Energy Efficiency,WGAN_GP,R2,0.05881280703932381,0.02984364326594975,20
14. Energy Efficiency,WGAN_GP,RMSE,0.13261478515440306,0.01282219851917137,20
15. Real Estate Valuation,CTABGAN,MAE,0.18039125630008349,0.026071190942833472,20
15. Real Estate Valuation,CTABGAN,MSE,0.3707591122105046,0.05673548945025223,20
15. Real Estate Valuation,CTABGAN,R2,0.4539605551848207,0.43685882691714417,20
15. Real Estate Valuation,CTABGAN,RMSE,0.1819235743936586,0.025243075753579834,20
15. Real Estate Valuation,CTGAN,MAE,0.19063711489275695,0.02788334619247253,20
15. Real Estate Valuation,CTGAN,MSE,0.2876257233510694,0.0768598249545335,20
15. Real Estate Valuation,CTGAN,R2,0.5332599259249221,0.05774552596048696,20
15. Real Estate Valuation,CTGAN,RMSE,0.14601617235517544,0.04295014788794556,20
15. Real Estate Valuation,CopulaGAN,MAE,0.16911557195346844,0.027957104190600945,20
15. Real Estate Valuation,CopulaGAN,MSE,0.27743908196166,0.03928354851785054,20
15. Real Estate Valuation,CopulaGAN,R2,2.4798170587458768,2.1257896897127635,20
15. Real Estate Valuation,CopulaGAN,RMSE,0.1359841399039033,0.023088349352261218,20
15. Real Estate Valuation,ForestDiffusion,MAE,0.10091723410568483,0.0486208301045965,20
15. Real Estate Valuation,ForestDiffusion,MSE,0.20687717618464102,0.1213655780128753,20
15. Real Estate Valuation,ForestDiffusion,R2,0.3019301108153064,0.5503801046631237,20
15. Real Estate Valuation,ForestDiffusion,RMSE,0.10344517559778912,0.061473846833558894,20
15. Real Estate Valuation,GaussianCopula,MAE,0.177975882594883,0.021155607161600653,20
15. Real Estate Valuation,GaussianCopula,MSE,0.3339151509632631,0.045016373542829016,20
15. Real Estate Valuation,GaussianCopula,R2,0.4899323659193314,0.499160459687223,20
15. Real Estate Valuation,GaussianCopula,RMSE,0.17394437287523742,0.019576666419628738,20
15. Real Estate Valuation,TVAE,MAE,0.17311433660208794,0.042531902636216284,20
15. Real Estate Valuation,TVAE,MSE,0.34564116195041955,0.10293419264117867,20
15. Real Estate Valuation,TVAE,R2,0.5374248667419823,0.7667235526377577,20
15. Real Estate Valuation,TVAE,RMSE,0.18205043170846497,0.06671492193901925,20
15. Real Estate Valuation,TabDDPM,MAE,0.09509584801099089,0.028311163077286004,20
15. Real Estate Valuation,TabDDPM,MSE,0.19826973902491446,0.04776580149847011,20
15. Real Estate Valuation,TabDDPM,R2,1.6403021996871765,1.8623428865055942,20
15. Real Estate Valuation,TabDDPM,RMSE,0.1024970000408858,0.02591966450576413,20
15. Real Estate Valuation,WGAN_GP,MAE,0.14166268129083617,0.01808622982529486,20
15. Real Estate Valuation,WGAN_GP,MSE,0.30196156719694106,0.020490193828715256,20
15. Real Estate Valuation,WGAN_GP,R2,0.4014999857062054,0.12058768738848383,20
15. Real Estate Valuation,WGAN_GP,RMSE,0.1548480477223299,0.01129487952869904,20
2. Alzhimers,CTABGAN,Accuracy,0.06104644967882007,0.04622201302726258,20
2. Alzhimers,CTABGAN,F1,0.05588427637058765,0.03435029259123372,20
2. Alzhimers,CTABGAN,Precision,0.0734175591061118,0.060606636861952605,20
2. Alzhimers,CTABGAN,Recall,0.0856973320565713,0.0562754198007796,20
2. Alzhimers,CTGAN,Accuracy,0.09821002821635291,0.04317222319412187,20
2. Alzhimers,CTGAN,F1,0.10027478373338176,0.04017937234169585,20
2. Alzhimers,CTGAN,Precision,0.09375070394956152,0.04720089770761252,20
2. Alzhimers,CTGAN,Recall,0.13999128827890547,0.03873639517668378,20
2. Alzhimers,CopulaGAN,Accuracy,0.088674698034832,0.02658113142135497,20
2. Alzhimers,CopulaGAN,F1,0.16638876133063332,0.048453399141086734,20
2. Alzhimers,CopulaGAN,Precision,0.1358451135690521,0.03343170533992645,20
2. Alzhimers,CopulaGAN,Recall,0.2190197668970916,0.0535360609478385,20
2. Alzhimers,ForestDiffusion,Accuracy,0.02079616961685236,0.005272528090154725,20
2. Alzhimers,ForestDiffusion,F1,0.022481666940121593,0.006062430525370646,20
2. Alzhimers,ForestDiffusion,Precision,0.018621519768314984,0.006562568910836875,20
2. Alzhimers,ForestDiffusion,Recall,0.03881420279888057,0.01049695306183498,20
2. Alzhimers,GaussianCopula,Accuracy,0.04649400432053828,0.021275272185067362,20
2. Alzhimers,GaussianCopula,F1,0.04517931778892967,0.021187781579496044,20
2. Alzhimers,GaussianCopula,Precision,0.05507080641583255,0.019728314902500897,20
2. Alzhimers,GaussianCopula,Recall,0.0648206020902388,0.03583030858275606,20
2. Alzhimers,TVAE,Accuracy,0.03915678892721522,0.01446955055052486,20
2. Alzhimers,TVAE,F1,0.035412235273683826,0.011065516804568755,20
2. Alzhimers,TVAE,Precision,0.04588777527700645,0.01710614268057084,20
2. Alzhimers,TVAE,Recall,0.04000238981343205,0.011056165465901567,20
2. Alzhimers,TabDDPM,Accuracy,0.08623258223955368,0.027737576846215948,20
2. Alzhimers,TabDDPM,F1,0.26371595310273505,0.17837978953948896,20
2. Alzhimers,TabDDPM,Precision,0.187859177768188,0.10856740674543928,20
2. Alzhimers,TabDDPM,Recall,0.3056432217271199,0.18709498098414504,20
2. Alzhimers,WGAN_GP,Accuracy,0.04393808380925466,0.012864418746729282,20
2. Alzhimers,WGAN_GP,F1,0.062243936097554,0.022933073670254878,20
2. Alzhimers,WGAN_GP,Precision,0.012023241169612262,0.009813649364274623,20
2. Alzhimers,WGAN_GP,Recall,0.10306157063358665,0.03221202028172877,20
3. Adult,CTABGAN,Accuracy,0.12653139055540194,0.12561571650543357,20
3. Adult,CTABGAN,F1,0.15621252063164817,0.22461401659993707,20
3. Adult,CTABGAN,Precision,0.12954816675966185,0.18405610759229163,20
3. Adult,CTABGAN,Recall,0.12653139055540197,0.1256157165054336,20
3. Adult,CTGAN,Accuracy,0.03211552249797593,0.037403872575148975,20
3. Adult,CTGAN,F1,0.02887898878011929,0.030388783452014345,20
3. Adult,CTGAN,Precision,0.04335547126218453,0.04328589026786467,20
3. Adult,CTGAN,Recall,0.03211552249797593,0.037403872575148975,20
3. Adult,CopulaGAN,Accuracy,0.038829634840638096,0.028900431745366398,20
3. Adult,CopulaGAN,F1,0.03101177006562832,0.02101871890499651,20
3. Adult,CopulaGAN,Precision,0.04517001122720687,0.031948559565486596,20
3. Adult,CopulaGAN,Recall,0.038829634840638096,0.02890043174536639,20
3. Adult,ForestDiffusion,Accuracy,0.040531786738579045,0.011658933944198346,20
3. Adult,ForestDiffusion,F1,0.03593583690375934,0.009859718996433377,20
3. Adult,ForestDiffusion,Precision,0.02651270536176309,0.006003428699302929,20
3. Adult,ForestDiffusion,Recall,0.04053178673857904,0.011658933944198337,20
3. Adult,GaussianCopula,Accuracy,0.06386447111660623,0.06450402347747486,20
3. Adult,GaussianCopula,F1,0.04379800233251211,0.045095341942209266,20
3. Adult,GaussianCopula,Precision,0.027772863610231995,0.019028157737623137,20
3. Adult,GaussianCopula,Recall,0.06386447111660623,0.06450402347747484,20
3. Adult,TVAE,Accuracy,0.03658169333191948,0.026140551115107068,20
3. Adult,TVAE,F1,0.0232437790423597,0.01807605515737406,20
3. Adult,TVAE,Precision,0.03656600993980741,0.027748792096464824,20
3. Adult,TVAE,Recall,0.03658169333191948,0.026140551115107068,20
3. Adult,TabDDPM,Accuracy,0.20936104281717832,0.15841308558485204,20
3. Adult,TabDDPM,F1,0.23950417969711588,0.21263121627681003,20
3. Adult,TabDDPM,Precision,0.2282686344408414,0.21858187150453254,20
3. Adult,TabDDPM,Recall,0.20936104281717832,0.15841308558485204,20
3. Adult,WGAN_GP,Accuracy,0.08411053039185225,0.021890315604431797,20
3. Adult,WGAN_GP,F1,0.14902335871825598,0.04681427836728403,20
3. Adult,WGAN_GP,Precision,0.05681493150422212,0.023847402257129453,20
3. Adult,WGAN_GP,Recall,0.08411053039185225,0.021890315604431797,20
4. Forest cover dataset,CTABGAN,Accuracy,0.11477392127024048,0.046861322175296434,20
4. Forest cover dataset,CTABGAN,F1,0.08889647646152231,0.03791390639176308,20
4. Forest cover dataset,CTABGAN,Precision,0.08750600734690951,0.032742896762032896,20
4. Forest cover dataset,CTABGAN,Recall,0.11477392127024048,0.046861322175296434,20
4. Forest cover dataset,CTGAN,Accuracy,0.24533371167815163,0.0930420702023375,20
4. Forest cover dataset,CTGAN,F1,0.2629666856044939,0.11863440702760575,20
4. Forest cover dataset,CTGAN,Precision,0.2012834216745895,0.10324590957892839,20
4. Forest cover dataset,CTGAN,Recall,0.24533371167815163,0.0930420702023375,20
4. Forest cover dataset,CopulaGAN,Accuracy,0.3953992050619249,0.13546934774032524,20
4. Forest cover dataset,CopulaGAN,F1,0.4433962982904892,0.21458342708623887,20
4. Forest cover dataset,CopulaGAN,Precision,0.31636466697746546,0.22529660329975257,20
4. Forest cover dataset,CopulaGAN,Recall,0.3953992050619249,0.13546934774032524,20
4. Forest cover dataset,GaussianCopula,Accuracy,0.07199893157858217,0.03237628289611019,20
4. Forest cover dataset,GaussianCopula,F1,0.08186996399864836,0.02328208315394181,20
4. Forest cover dataset,GaussianCopula,Precision,0.08007690464386807,0.015646294311964216,20
4. Forest cover dataset,GaussianCopula,Recall,0.07199893157858217,0.03237628289611019,20
4. Forest cover dataset,TVAE,Accuracy,0.11284309707947851,0.048138048445082335,20
4. Forest cover dataset,TVAE,F1,0.12770381969957953,0.03701183822474337,20
4. Forest cover dataset,TVAE,Precision,0.07862205482521625,0.020301506228450325,20
4. Forest cover dataset,TVAE,Recall,0.11284309707947851,0.048138048445082335,20
4. Forest cover dataset,WGAN_GP,Accuracy,0.08328629966953364,0.0369589075529703,20
4. Forest cover dataset,WGAN_GP,F1,0.08194548001049304,0.047291847335054274,20
4. Forest cover dataset,WGAN_GP,Precision,0.0750905290211577,0.029363538063428465,20
4. Forest cover dataset,WGAN_GP,Recall,0.08328629966953364,0.0369589075529703,20
5. Bank Markting,CTABGAN,Accuracy,0.01752282869701538,0.03156488291073844,20
5. Bank Markting,CTABGAN,F1,0.013973560797704182,0.02210314409488783,20
5. Bank Markting,CTABGAN,Precision,0.01002280207293851,0.0037735350175458213,20
5. Bank Markting,CTABGAN,Recall,0.01752282869701538,0.03156488291073844,20
5. Bank Markting,CTGAN,Accuracy,0.011319012501588356,0.007120055288799239,20
5. Bank Markting,CTGAN,F1,0.009751517251882471,0.003633438562591508,20
5. Bank Markting,CTGAN,Precision,0.01181946675603494,0.004672885033902408,20
5. Bank Markting,CTGAN,Recall,0.011319012501588356,0.007120055288799239,20
5. Bank Markting,CopulaGAN,Accuracy,0.006973488481709698,0.004836187833071899,20
5. Bank Markting,CopulaGAN,F1,0.006841379246088662,0.0025001888822351517,20
5. Bank Markting,CopulaGAN,Precision,0.007483321738115545,0.0013963196943384902,20
5. Bank Markting,CopulaGAN,Recall,0.006973488481709698,0.004836187833071899,20
5. Bank Markting,ForestDiffusion,Accuracy,0.007460699551716956,0.005440653498356654,20
5. Bank Markting,ForestDiffusion,F1,0.008550949163070875,0.003132124066882251,20
5. Bank Markting,ForestDiffusion,Precision,0.010050841987833991,0.002315640987549597,20
5. Bank Markting,ForestDiffusion,Recall,0.007460699551716956,0.005440653498356654,20
5. Bank Markting,GaussianCopula,Accuracy,0.008926310522772379,0.01158118287726793,20
5. Bank Markting,GaussianCopula,F1,0.005591369416494689,0.005817241736607127,20
5. Bank Markting,GaussianCopula,Precision,0.01390541157574467,0.013647589341905094,20
5. Bank Markting,GaussianCopula,Recall,0.008926310522772379,0.01158118287726793,20
5. Bank Markting,TVAE,Accuracy,0.006583674696184839,0.004614268471868925,20
5. Bank Markting,TVAE,F1,0.006811050972991915,0.0021607179540796026,20
5. Bank Markting,TVAE,Precision,0.01101544358879031,0.003792333679009739,20
5. Bank Markting,TVAE,Recall,0.006583674696184839,0.004614268471868925,20
5. Bank Markting,TabDDPM,Accuracy,0.025343516924624877,0.038997755783367186,20
5. Bank Markting,TabDDPM,F1,0.014043740491461797,0.023201752166432676,20
5. Bank Markting,TabDDPM,Precision,0.013164446980766594,0.015397124479583836,20
5. Bank Markting,TabDDPM,Recall,0.025343516924624877,0.038997755783367186,20
5. Bank Markting,WGAN_GP,Accuracy,0.007689451690066754,0.01831194612211301,20
5. Bank Markting,WGAN_GP,F1,0.005518636613692328,0.010522621684853224,20
5. Bank Markting,WGAN_GP,Precision,0.022908274620792285,0.02106149369491338,20
5. Bank Markting,WGAN_GP,Recall,0.007689451690066754,0.01831194612211301,20
6. Wine dataset,CTABGAN,Accuracy,0.06456725251988901,0.02812129760545754,20
6. Wine dataset,CTABGAN,F1,0.07658107096306396,0.017578575974584325,20
6. Wine dataset,CTABGAN,Precision,0.15514062248979504,0.08553130376454379,20
6. Wine dataset,CTABGAN,Recall,0.06456725251988901,0.02812129760545754,20
6. Wine dataset,CTGAN,Accuracy,0.11013478715347931,0.023198664047809542,20
6. Wine dataset,CTGAN,F1,0.12251032883218523,0.019100387179463017,20
6. Wine dataset,CTGAN,Precision,0.13014387092895302,0.033963031143178744,20
6. Wine dataset,CTGAN,Recall,0.11013478715347931,0.023198664047809542,20
6. Wine dataset,CopulaGAN,Accuracy,0.11505234101173134,0.03801050334539074,20
6. Wine dataset,CopulaGAN,F1,0.10099579712313592,0.03172947429293494,20
6. Wine dataset,CopulaGAN,Precision,0.09515576810805074,0.028703273578531457,20
6. Wine dataset,CopulaGAN,Recall,0.11505234101173134,0.03801050334539074,20
6. Wine dataset,ForestDiffusion,Accuracy,0.0886597141713372,0.017100368940220705,18
6. Wine dataset,ForestDiffusion,F1,0.09078048422201704,0.015499524626115174,18
6. Wine dataset,ForestDiffusion,Precision,0.09680652924858998,0.01335123495509383,18
6. Wine dataset,ForestDiffusion,Recall,0.0886597141713372,0.017100368940220705,18
6. Wine dataset,GaussianCopula,Accuracy,0.06890797176857087,0.030878617820995213,20
6. Wine dataset,GaussianCopula,F1,0.08062788677094736,0.026751778711014338,20
6. Wine dataset,GaussianCopula,Precision,0.13796395912072398,0.0453258071775507,20
6. Wine dataset,GaussianCopula,Recall,0.06890797176857087,0.030878617820995213,20
6. Wine dataset,TVAE,Accuracy,0.055508383894214496,0.019562099222811005,20
6. Wine dataset,TVAE,F1,0.0677797723327159,0.019348563448250533,20
6. Wine dataset,TVAE,Precision,0.10398305939793022,0.04544326645149224,20
6. Wine dataset,TVAE,Recall,0.055508383894214496,0.019562099222811005,20
6. Wine dataset,TabDDPM,Accuracy,0.07852926748829643,0.04465253028538862,18
6. Wine dataset,TabDDPM,F1,0.0917735206973055,0.046216007945294,18
6. Wine dataset,TabDDPM,Precision,0.1422612052103093,0.10125042107053793,18
6. Wine dataset,TabDDPM,Recall,0.07852926748829643,0.04465253028538862,18
6. Wine dataset,WGAN_GP,Accuracy,0.08037323602544656,0.019028528927673625,20
6. Wine dataset,WGAN_GP,F1,0.08259950567130031,0.020861415795045947,20
6. Wine dataset,WGAN_GP,Precision,0.0848793719697815,0.023618379819843337,20
6. Wine dataset,WGAN_GP,Recall,0.08037323602544656,0.019028528927673625,20
7. CDC diabetes dataset,CTABGAN,Accuracy,0.005092023494733365,0.006336522782224679,20
7. CDC diabetes dataset,CTABGAN,F1,0.03228429767727482,0.011913956014632385,20
7. CDC diabetes dataset,CTABGAN,Precision,0.027248343446758434,0.012008719206130567,20
7. CDC diabetes dataset,CTABGAN,Recall,0.05312634395951264,0.015377372640764489,20
7. CDC diabetes dataset,CTGAN,Accuracy,0.0029186438636708695,0.004042046941102915,20
7. CDC diabetes dataset,CTGAN,F1,0.17567874651480225,0.11706727970379091,20
7. CDC diabetes dataset,CTGAN,Precision,0.049600091990695344,0.026587686709065878,20
7. CDC diabetes dataset,CTGAN,Recall,0.200086227075945,0.11223284153472464,20
7. CDC diabetes dataset,CopulaGAN,Accuracy,0.007095689647017074,0.006569340653322484,20
7. CDC diabetes dataset,CopulaGAN,F1,0.04648509083223944,0.01989822703744095,20
7. CDC diabetes dataset,CopulaGAN,Precision,0.03561848039337535,0.016712086741260963,20
7. CDC diabetes dataset,CopulaGAN,Recall,0.07884191717177905,0.02886415104123315,20
7. CDC diabetes dataset,ForestDiffusion,Accuracy,0.00763154534917139,0.013432700655612528,20
7. CDC diabetes dataset,ForestDiffusion,F1,0.06682497745306389,0.03706430751091475,20
7. CDC diabetes dataset,ForestDiffusion,Precision,0.03825886453557115,0.016210694298115662,20
7. CDC diabetes dataset,ForestDiffusion,Recall,0.08856362415868892,0.05311163180123187,20
7. CDC diabetes dataset,GaussianCopula,Accuracy,0.005356972136763261,0.005731970445393884,20
7. CDC diabetes dataset,GaussianCopula,F1,0.5815604699589745,0.6340458880259983,18
7. CDC diabetes dataset,GaussianCopula,Precision,0.29796819543327946,0.2832973435451397,18
7. CDC diabetes dataset,GaussianCopula,Recall,0.624879360463378,0.6250060050843531,18
7. CDC diabetes dataset,TVAE,Accuracy,0.0059337098853714295,0.0032850488473991327,20
7. CDC diabetes dataset,TVAE,F1,0.044990931689419596,0.018414424690962362,20
7. CDC diabetes dataset,TVAE,Precision,0.03770579838651434,0.015656190372741054,20
7. CDC diabetes dataset,TVAE,Recall,0.08033338379076863,0.023967374084780335,20
7. CDC diabetes dataset,TabDDPM,Accuracy,0.008350553576700781,0.013504135109506847,20
7. CDC diabetes dataset,TabDDPM,F1,0.675919897793134,0.5026534376723023,18
7. CDC diabetes dataset,TabDDPM,Precision,0.5650560632459447,0.562029161607849,18
7. CDC diabetes dataset,TabDDPM,Recall,0.7058590323625832,0.49907335464483876,18
7. CDC diabetes dataset,WGAN_GP,Accuracy,0.0043966071235194545,0.005824664545429966,20
7. CDC diabetes dataset,WGAN_GP,F1,0.19485438311463518,0.1699224523521325,20
7. CDC diabetes dataset,WGAN_GP,Precision,0.04947238519569367,0.027371596367957027,20
7. CDC diabetes dataset,WGAN_GP,Recall,0.2432869170773444,0.20341965779248475,20
8. Mushroom dataset,CTABGAN,Accuracy,0.025113288598558943,0.016459334443061385,20
8. Mushroom dataset,CTABGAN,F1,0.02635401448184545,0.029648875921825697,20
8. Mushroom dataset,CTABGAN,Precision,0.017046609064624095,0.012552100544788652,20
8. Mushroom dataset,CTABGAN,Recall,0.0483120403874973,0.046101309571626205,20
8. Mushroom dataset,CTGAN,Accuracy,0.031669853976088125,0.0095920008896683,20
8. Mushroom dataset,CTGAN,F1,0.03720022827783144,0.016666302302946582,20
8. Mushroom dataset,CTGAN,Precision,0.032564436816803044,0.0074557626894852826,20
8. Mushroom dataset,CTGAN,Recall,0.06672953777326887,0.029159256645097054,20
8. Mushroom dataset,CopulaGAN,Accuracy,0.021461440386272984,0.01461786159986092,20
8. Mushroom dataset,CopulaGAN,F1,0.01764539432497086,0.0124584427217065,20
8. Mushroom dataset,CopulaGAN,Precision,0.013767326873143807,0.010051389864686724,20
8. Mushroom dataset,CopulaGAN,Recall,0.0330188532825495,0.014883129787458916,20
8. Mushroom dataset,ForestDiffusion,Accuracy,0.011454255600212966,0.007381310973271844,20
8. Mushroom dataset,ForestDiffusion,F1,0.010596759925261837,0.006422715787824035,20
8. Mushroom dataset,ForestDiffusion,Precision,0.012345760405866116,0.008886755016118627,20
8. Mushroom dataset,ForestDiffusion,Recall,0.018516725331551624,0.010424347461344696,20
8. Mushroom dataset,GaussianCopula,Accuracy,0.026461514214983172,0.009606767036464306,20
8. Mushroom dataset,GaussianCopula,F1,0.02622714110361989,0.008135372127390158,20
8. Mushroom dataset,GaussianCopula,Precision,0.02323875910731702,0.012908442451973987,20
8. Mushroom dataset,GaussianCopula,Recall,0.04769410411531864,0.015558599830978221,20
8. Mushroom dataset,TVAE,Accuracy,0.01236962381406016,0.00469154088937693,20
8. Mushroom dataset,TVAE,F1,0.011028911506187965,0.002974237755416297,20
8. Mushroom dataset,TVAE,Precision,0.015955121033350526,0.008653115277024928,20
8. Mushroom dataset,TVAE,Recall,0.025351603902573495,0.008235649779090717,20
8. Mushroom dataset,TabDDPM,Accuracy,0.033968373589904954,0.012100342235751297,20
8. Mushroom dataset,TabDDPM,F1,0.05061201977546924,0.015230711143364368,20
8. Mushroom dataset,TabDDPM,Precision,0.023561040066270446,0.010739264580473279,20
8. Mushroom dataset,TabDDPM,Recall,0.0910898060240947,0.021733442209443735,20
8. Mushroom dataset,WGAN_GP,Accuracy,0.01508265416894986,0.005858837228825442,20
8. Mushroom dataset,WGAN_GP,F1,0.014315514134954627,0.009095197572280396,20
8. Mushroom dataset,WGAN_GP,Precision,0.013516294250463185,0.0053468181160271225,20
8. Mushroom dataset,WGAN_GP,Recall,0.02345744995304052,0.018526005574777432,20
9. MAGIC Gamma Telescope,CTABGAN,Accuracy,0.01006536642855073,0.0022772266986720666,20
9. MAGIC Gamma Telescope,CTABGAN,F1,0.006559140797501595,0.002373795653624671,20
9. MAGIC Gamma Telescope,CTABGAN,Precision,0.010327592414874234,0.001615750276142553,20
9. MAGIC Gamma Telescope,CTABGAN,Recall,0.010515971570159715,0.006385891630224632,20
9. MAGIC Gamma Telescope,CTGAN,Accuracy,0.0130274770851602,0.00252214081040223,20
9. MAGIC Gamma Telescope,CTGAN,F1,0.011106932642209726,0.002857417367676822,20
9. MAGIC Gamma Telescope,CTGAN,Precision,0.009046544873946759,0.00333816156605582,20
9. MAGIC Gamma Telescope,CTGAN,Recall,0.019578341205671937,0.0058862764772102255,20
9. MAGIC Gamma Telescope,CopulaGAN,Accuracy,0.014655585236149432,0.008493211403422844,20
9. MAGIC Gamma Telescope,CopulaGAN,F1,0.011751710368550636,0.007375723526766874,20
9. MAGIC Gamma Telescope,CopulaGAN,Precision,0.010257562651350218,0.004326843118574741,20
9. MAGIC Gamma Telescope,CopulaGAN,Recall,0.020572519514589167,0.009792343743479131,20
9. MAGIC Gamma Telescope,ForestDiffusion,Accuracy,0.008765772801187361,0.002473927762178728,20
9. MAGIC Gamma Telescope,ForestDiffusion,F1,0.006357557440450276,0.002248110928734421,20
9. MAGIC Gamma Telescope,ForestDiffusion,Precision,0.0077051956319742,0.001749010334218717,20
9. MAGIC Gamma Telescope,ForestDiffusion,Recall,0.01003411622379684,0.005225499374571163,20
9. MAGIC Gamma Telescope,GaussianCopula,Accuracy,0.018769105570455864,0.006110638390540719,20
9. MAGIC Gamma Telescope,GaussianCopula,F1,0.011976981233552331,0.005864838104293128,20
9. MAGIC Gamma Telescope,GaussianCopula,Precision,0.013515708230674592,0.0023463578085639474,20
9. MAGIC Gamma Telescope,GaussianCopula,Recall,0.015069651279701562,0.011469713355624125,20
9. MAGIC Gamma Telescope,TVAE,Accuracy,0.011793150297583427,0.0027598799226023975,20
9. MAGIC Gamma Telescope,TVAE,F1,0.01075403810184171,0.003678317959679456,20
9. MAGIC Gamma Telescope,TVAE,Precision,0.009368522707715342,0.004082304323304297,20
9. MAGIC Gamma Telescope,TVAE,Recall,0.020317274571099792,0.0077284771956763155,20
9. MAGIC Gamma Telescope,TabDDPM,Accuracy,0.012985220009298104,0.00751736696221746,20
9. MAGIC Gamma Telescope,TabDDPM,F1,0.007700834531463821,0.004892726535379102,20
9. MAGIC Gamma Telescope,TabDDPM,Precision,0.008079029620042704,0.004729722313633068,20
9. MAGIC Gamma Telescope,TabDDPM,Recall,0.012160053077947493,0.007657311136018974,20
9. MAGIC Gamma Telescope,WGAN_GP,Accuracy,0.009356050901150334,0.005167657157370631,20
9. MAGIC Gamma Telescope,WGAN_GP,F1,0.007046016785052694,0.00538018903063034,20
9. MAGIC Gamma Telescope,WGAN_GP,Precision,0.009277226659747381,0.0017927234870609295,20
9. MAGIC Gamma Telescope,WGAN_GP,Recall,0.013804980495422364,0.010000167301990253,20
